5;12;5;5;5;5;5;5;20;36;36;36;33;33;33;36;36;36;39;36;36;33;36;36;36;36;36;39;36;31;32;36;31;32;29;32;29;29;29;27;35;27;30;30;30;30;20;20;12;12;5;5;5;5;5;5;5;5;5;5;12;12;5;5;5;5;5;5;5;5;5;5;5;5;5;5;5;5;5;5;5;12;5;5;5;5;12;5;5;5;5;5;5;5;5;5;3;5;12;5;5;5;5;5;5;5;5;5;5;5
5;5;5;5;5;5;5;27;36;22;33;36;26;31;26;26;26;19;31;36;19;26;19;26;26;22;22;22;11;19;10;26;31;31;9;18;10;10;22;31;33;36;36;35;30;30;24;16;5;5;5;5;5;5;5;5;5;5;5;5;3;5;12;27;32;36;39;39;39;32;32;36;31;39;36;36;36;36;37;37;39;38;38;39;39;39;37;36;39;36;39;36;36;31;36;36;37;37;32;36;37;36;37;5;5;12;5;5;5;5
5;5;5;5;5;5;5;37;36;33;31;36;36;31;28;28;33;28;28;28;26;28;26;22;22;19;25;26;25;22;26;31;26;25;26;31;34;30;5;3;3;5;3;3;3;3;5;5;5;5;5;5;5;5;5;5;5;5;5;3;5;5;5;5;5;5;5;5;3;12;24;34;36;34;36;10;10;10;22;7;29;22;21;25;33;33;7;15;22;22;36;13;15;29;15;15;15;29;32;26;26;23;22;38;3;3;3;3;5;3
3;5;5;5;5;12;3;37;33;36;36;33;36;33;28;31;28;31;28;33;26;33;19;22;22;25;11;26;26;22;32;36;37;27;14;3;5;13;13;12;5;5;3;5;5;5;5;5;5;5;5;5;5;5;5;5;5;5;5;3;5;5;5;5;5;3;5;5;12;5;5;14;14;5;14;34;36;31;22;18;26;25;15;10;33;33;21;7;10;25;33;13;7;13;22;31;26;29;22;26;31;22;26;36;5;5;5;5;5;3
5;5;5;5;5;5;5;33;28;33;31;36;33;28;32;32;26;26;33;26;25;26;26;25;25;19;19;26;39;37;30;5;30;35;36;36;31;32;31;36;36;3;3;5;5;3;5;3;5;5;5;5;5;5;5;5;5;5;5;5;5;5;5;3;5;5;5;5;5;5;12;5;5;12;12;5;3;16;30;37;36;26;22;26;33;28;26;19;26;31;31;15;7;22;26;19;22;19;26;26;25;26;19;36;5;5;5;5;5;3
3;5;5;5;5;5;5;36;33;33;31;36;18;18;31;29;26;25;31;17;22;28;33;26;22;36;34;20;24;35;36;36;32;22;21;8;10;21;31;32;29;3;14;5;5;5;5;5;5;5;5;5;5;5;5;5;5;5;5;5;5;5;5;5;5;12;5;5;5;5;5;37;32;36;36;39;39;34;27;12;5;30;37;32;28;28;31;22;22;26;26;31;26;26;19;22;22;19;26;28;26;26;26;36;3;5;5;5;3;5
5;5;5;5;5;5;5;36;28;36;25;26;21;23;31;31;32;36;33;13;6;25;36;36;35;36;39;29;25;31;31;29;13;7;10;21;10;18;25;29;36;5;5;5;3;5;5;5;5;5;5;5;5;5;5;5;5;5;5;5;5;5;5;5;5;5;5;5;5;12;12;15;15;22;31;31;33;25;36;25;36;39;38;24;30;36;39;29;22;26;33;33;22;26;26;19;19;26;19;31;26;26;22;33;14;5;5;5;5;3
5;5;5;5;5;5;5;36;28;25;29;22;22;26;33;36;32;36;27;26;39;36;36;21;22;22;21;29;21;32;31;22;25;22;21;8;8;29;36;30;3;5;3;14;5;5;5;13;17;3;5;5;5;20;31;36;12;3;5;5;5;5;5;5;5;5;5;5;5;12;5;38;17;15;31;31;26;33;31;31;25;19;19;25;31;36;34;30;36;33;31;33;6;6;22;22;25;19;26;26;22;22;8;36;14;5;5;3;5;3
3;3;5;5;5;5;5;39;33;25;22;25;33;26;31;29;31;36;29;22;25;25;19;22;31;22;21;22;25;25;31;32;22;10;26;32;36;24;3;5;5;3;5;5;29;12;5;36;36;3;5;5;12;36;32;13;36;5;5;5;5;5;34;36;36;5;5;5;5;5;12;3;35;38;36;22;31;33;33;25;25;22;22;22;26;33;26;32;37;32;36;31;13;21;15;18;8;31;31;25;26;26;26;31;5;5;5;5;5;5
5;5;5;5;5;5;3;36;26;18;25;31;25;19;29;31;26;31;26;22;31;25;26;25;31;21;18;21;22;25;31;22;22;36;37;16;3;5;5;3;5;3;5;12;36;5;12;36;12;5;5;5;5;32;5;5;36;5;5;5;5;32;32;34;33;29;5;5;5;5;5;5;5;3;14;37;31;31;33;26;18;22;25;25;25;28;26;31;13;13;37;39;6;21;7;31;22;33;26;31;26;19;25;36;3;5;5;5;5;3
3;5;5;5;5;3;3;36;31;32;33;26;25;25;31;26;25;25;31;22;31;26;28;31;25;22;10;15;29;25;32;34;35;3;3;5;5;5;5;5;5;5;5;5;27;12;23;29;3;5;3;5;3;34;3;3;36;5;5;5;5;36;5;5;27;31;5;5;5;12;32;12;5;3;5;5;12;37;39;32;19;29;22;21;22;25;26;31;13;7;25;31;12;13;25;26;26;26;26;33;28;19;22;32;3;3;3;5;5;3
3;3;3;5;5;5;3;36;31;33;26;25;26;26;26;32;32;21;26;26;26;25;26;22;26;26;10;21;32;39;24;3;5;5;5;5;5;3;5;5;5;5;5;5;12;13;36;5;5;3;3;5;3;29;5;31;5;5;5;5;13;12;5;5;12;36;5;5;5;29;36;31;5;12;20;5;5;5;3;16;38;22;19;29;15;15;28;26;13;13;25;31;13;13;25;26;26;26;26;25;19;19;26;34;3;3;3;3;5;3
3;3;5;5;5;5;3;39;26;33;26;26;25;22;26;26;32;29;22;31;25;19;26;22;22;22;22;36;30;3;5;5;5;5;5;5;5;5;5;5;5;5;3;5;12;27;31;5;5;3;3;5;5;29;24;29;24;5;5;5;20;5;5;5;5;31;5;5;5;36;20;36;5;27;12;5;5;5;5;5;5;30;36;22;17;21;26;22;21;21;26;33;13;13;26;26;31;8;25;22;22;22;26;32;5;3;3;3;5;3
3;3;5;5;5;5;3;39;26;33;33;33;25;25;31;31;29;13;29;25;22;22;25;22;26;32;35;14;5;5;24;12;5;5;5;5;5;5;5;5;5;5;5;5;5;36;20;36;32;24;5;3;5;29;5;12;36;34;5;5;13;5;5;5;24;20;5;5;12;20;12;36;5;36;5;5;5;5;5;5;5;5;14;36;30;12;31;22;15;7;31;31;12;15;26;25;31;31;22;8;23;18;15;32;3;3;3;3;3;3
5;5;5;5;5;3;3;39;22;31;33;33;26;23;32;23;27;13;27;22;22;31;22;22;36;30;5;5;5;12;20;34;5;5;5;5;5;5;5;5;5;5;5;5;5;36;5;29;36;12;3;5;5;32;5;5;36;12;5;5;12;29;5;5;31;5;5;5;27;5;5;36;29;29;5;5;5;5;5;20;34;5;5;4;34;29;26;22;27;21;31;36;15;26;26;6;33;22;22;8;18;21;18;36;3;3;3;5;5;3
5;3;5;3;5;5;3;39;31;6;36;28;25;32;17;31;13;21;13;17;21;27;31;35;5;5;16;5;5;16;5;34;5;12;5;5;5;3;3;5;5;5;5;5;5;34;5;3;12;5;5;3;5;12;5;5;5;3;3;5;5;24;27;30;5;5;5;5;34;5;5;36;36;12;5;5;5;12;36;32;31;5;5;5;3;5;37;34;22;26;31;31;21;26;31;22;25;25;7;29;18;21;9;33;5;5;5;5;3;3
3;5;3;5;5;5;5;38;25;6;36;25;22;36;17;33;13;23;13;12;32;34;24;5;5;5;5;5;12;5;5;13;5;12;5;5;32;5;5;3;5;3;3;5;5;3;5;13;13;27;29;32;31;31;36;32;31;31;34;34;27;12;5;3;5;5;5;5;27;5;5;36;25;5;5;5;12;31;12;20;29;5;5;5;5;5;3;16;37;7;36;33;19;26;28;8;7;22;21;32;21;8;26;31;5;3;5;5;3;3
5;5;5;3;3;3;5;36;7;33;33;25;39;22;22;21;25;12;12;12;37;3;5;24;33;36;5;16;5;12;12;5;36;12;12;5;34;5;5;5;5;12;17;34;36;36;36;31;32;31;36;36;36;38;36;36;36;36;36;36;31;36;36;36;39;34;17;12;5;5;5;27;5;5;5;12;27;17;34;32;24;5;5;5;5;5;5;5;14;37;28;26;26;26;25;22;26;22;22;26;25;21;25;36;5;3;3;3;5;3
5;3;3;3;5;3;3;36;21;22;36;26;32;26;31;31;31;13;17;35;3;5;5;36;29;29;16;5;5;5;12;5;36;36;27;34;34;5;3;13;34;36;32;31;32;38;39;39;39;37;32;34;27;32;31;31;32;36;36;36;36;39;39;36;36;36;36;36;34;20;5;5;5;5;5;32;12;27;36;33;5;5;5;5;5;5;12;12;5;3;35;26;28;19;15;22;22;22;22;22;18;22;10;32;5;3;3;5;3;3
5;5;3;5;3;3;5;36;21;18;31;28;29;26;13;20;25;36;30;5;5;5;12;36;5;5;12;30;5;16;5;5;37;33;36;27;5;27;36;36;31;31;39;39;36;32;18;10;18;22;29;13;31;31;25;29;31;31;25;22;13;12;13;24;37;39;39;38;36;39;39;35;5;5;12;5;5;5;24;36;12;5;5;5;34;36;31;36;36;12;3;37;31;26;23;29;22;22;8;18;8;7;21;32;3;3;3;3;3;3
5;3;5;5;5;3;5;36;10;13;17;33;26;31;13;32;17;24;5;5;5;5;24;36;5;24;34;5;5;5;5;5;20;12;12;30;31;36;31;38;39;33;25;22;18;26;9;26;10;23;18;22;26;26;18;22;25;31;19;29;32;18;12;12;32;7;21;29;36;39;36;39;36;37;12;5;5;5;5;36;5;5;5;27;24;5;5;32;36;29;5;3;35;21;7;29;29;23;8;7;7;7;15;31;3;3;3;5;5;3
5;5;3;5;5;5;14;36;29;13;13;29;31;31;31;13;34;14;12;16;5;5;5;31;36;27;12;12;12;34;5;12;13;31;36;31;31;39;27;31;18;27;27;25;26;23;18;21;22;21;26;31;31;29;23;9;26;22;18;25;22;22;17;12;21;29;7;29;13;5;24;37;39;36;36;36;12;5;12;20;5;5;5;32;5;5;5;5;5;5;5;3;5;12;37;29;25;22;21;7;7;18;26;36;2;3;3;3;3;3
3;5;5;5;5;5;16;32;27;15;12;12;27;22;36;24;14;34;12;5;5;5;5;24;36;12;5;5;34;20;5;27;36;36;36;39;37;36;27;31;25;12;17;25;22;8;21;17;31;31;26;31;15;22;21;18;18;22;18;25;25;29;13;13;29;13;29;15;15;18;29;13;12;34;38;39;39;36;13;5;3;5;12;20;3;5;5;5;5;5;5;3;5;3;5;34;26;22;29;7;7;8;26;36;4;3;3;5;3;3
3;3;5;5;5;3;16;33;22;29;12;24;12;36;30;5;12;29;5;14;5;5;14;16;20;32;36;36;20;12;36;31;36;39;36;32;29;29;31;36;31;5;12;13;25;27;26;31;31;28;31;36;29;18;22;10;15;25;26;22;32;12;32;26;21;29;15;29;29;18;18;29;13;31;31;33;39;36;39;37;12;5;5;34;5;3;3;5;5;5;5;13;36;20;5;24;36;22;21;7;23;25;8;36;4;3;5;3;3;3
3;5;5;5;5;5;16;33;11;36;13;13;5;35;14;5;36;27;5;5;5;16;16;5;5;5;24;5;27;36;36;36;27;27;32;36;31;31;32;36;36;5;13;13;27;5;31;26;31;31;31;25;31;26;23;29;22;31;23;22;21;32;17;13;13;27;22;22;25;21;18;17;31;25;22;18;23;39;38;36;36;12;5;34;12;5;5;5;3;5;3;36;34;5;3;3;30;31;25;6;31;21;7;36;2;5;3;3;3;3
3;5;5;3;5;5;16;31;22;27;30;5;37;3;5;36;36;36;5;5;5;5;5;5;5;5;5;36;33;36;39;37;21;21;36;31;31;36;32;36;29;12;15;12;5;5;32;31;31;31;31;25;26;32;32;27;13;12;17;27;20;5;12;5;12;13;22;22;18;18;22;15;13;32;22;18;17;21;31;39;39;36;30;5;24;5;5;5;3;5;27;17;5;3;3;5;3;35;22;26;29;22;25;29;2;5;3;3;5;3
3;3;5;5;5;5;16;26;9;13;5;36;3;5;24;36;5;24;36;12;14;16;5;5;12;13;36;36;38;34;15;18;25;36;36;31;32;36;36;39;13;12;15;13;5;5;26;31;33;31;36;31;31;32;15;33;36;33;31;5;12;12;12;12;5;13;29;25;18;22;29;32;12;32;12;29;29;29;10;10;36;36;36;34;5;5;5;5;5;36;12;20;34;36;39;36;5;5;37;11;22;26;26;34;2;3;5;3;5;3
3;5;3;3;5;5;16;29;20;12;37;5;5;5;12;12;5;5;24;36;12;5;5;12;24;36;36;39;24;13;17;22;25;13;26;31;31;7;36;32;7;13;6;15;5;12;31;36;31;33;36;31;31;36;36;31;33;31;31;7;5;5;5;12;12;29;22;20;18;22;31;31;29;32;15;32;29;25;8;26;17;36;39;36;35;3;5;5;36;31;36;24;12;12;5;5;3;3;4;31;7;31;31;34;3;5;5;3;5;14
3;3;3;3;5;5;16;20;5;36;30;5;5;5;5;5;14;16;5;24;37;12;16;12;36;36;39;17;21;13;20;32;32;13;13;31;31;32;36;20;13;20;13;27;5;21;31;36;25;31;36;32;31;33;33;33;29;33;25;29;5;12;12;5;5;6;29;5;18;32;25;18;22;22;29;21;32;26;25;29;10;9;29;36;36;34;5;24;12;3;36;5;3;3;3;3;3;5;5;35;15;27;7;34;3;5;5;3;3;3
3;3;3;3;5;5;16;24;12;37;14;5;5;5;5;5;5;5;5;5;12;34;12;36;36;39;20;22;22;21;15;29;21;13;12;32;32;25;23;29;13;20;13;13;12;31;33;33;31;33;31;31;33;33;31;31;36;33;33;31;5;5;5;5;5;5;13;29;29;18;18;19;18;23;25;22;22;18;31;23;18;22;18;32;36;36;34;3;3;5;39;5;3;5;3;5;3;5;3;2;39;17;7;32;2;5;3;3;3;3
3;5;3;3;3;3;12;29;32;14;16;35;34;12;5;5;5;5;5;16;5;20;31;36;36;21;25;12;15;18;22;18;7;17;13;31;22;18;22;17;21;29;22;13;17;31;36;22;18;33;36;36;36;33;33;33;28;26;33;33;31;29;15;12;12;5;5;12;8;17;12;12;25;31;29;25;22;18;22;21;8;25;18;25;12;38;36;36;5;12;24;3;3;5;5;3;3;5;5;3;4;36;29;36;2;3;3;3;3;3
3;3;5;3;5;5;24;37;34;5;37;36;36;39;36;16;5;5;5;5;30;36;31;39;26;31;32;12;32;21;27;21;17;20;20;21;25;18;22;12;13;3;15;15;22;31;33;26;33;31;31;36;33;33;31;33;33;36;31;31;33;31;36;31;36;7;5;12;23;17;13;13;18;22;32;26;22;26;19;22;25;25;17;27;20;12;36;36;36;3;5;3;3;3;5;34;36;37;39;37;3;14;34;32;2;3;3;3;2;2
5;3;5;5;5;5;16;38;3;12;39;29;12;12;29;36;5;16;5;5;39;36;39;26;26;26;31;12;24;27;15;27;15;17;15;32;22;18;21;12;13;31;33;26;33;36;32;33;31;36;31;36;33;36;26;28;36;36;33;32;26;31;31;31;33;36;5;5;5;12;20;29;29;13;29;21;29;32;29;25;29;32;12;5;13;12;20;39;36;34;2;3;5;5;30;36;29;3;12;36;20;3;35;29;4;3;3;3;3;3
3;3;5;5;3;5;5;3;3;12;36;5;14;5;5;20;36;5;5;32;33;39;31;26;31;26;25;21;5;12;32;23;36;31;32;32;22;33;33;31;33;19;26;33;31;33;26;21;22;31;33;31;36;33;31;28;31;33;36;33;33;33;25;36;33;36;13;5;3;3;5;24;29;12;21;21;29;31;17;17;27;21;13;12;12;12;29;20;36;36;27;5;5;5;36;12;36;5;12;39;36;5;3;37;4;3;5;3;3;5
3;3;5;5;5;14;5;3;5;5;30;37;5;5;5;5;34;5;34;36;39;36;28;33;31;26;31;29;12;12;15;29;26;23;32;36;29;28;19;28;28;19;26;31;33;33;22;26;11;18;33;33;33;31;26;31;33;36;31;36;31;33;31;31;31;36;29;5;5;5;5;30;15;15;27;17;27;36;13;17;13;27;13;13;24;12;29;15;37;39;36;5;14;27;30;5;12;39;5;5;14;5;5;16;3;5;3;5;5;3
3;3;5;5;3;14;5;5;5;5;5;37;20;5;5;16;37;12;39;36;39;32;26;36;31;31;25;20;5;12;29;23;22;23;31;36;25;33;19;28;19;19;31;33;36;33;33;31;10;22;31;33;33;33;26;28;28;33;31;36;33;33;26;26;33;25;33;5;5;5;5;12;13;29;15;17;21;36;13;20;13;27;13;20;24;12;29;21;24;39;33;29;5;20;30;3;3;27;3;3;3;3;5;3;3;5;5;3;3;3
5;3;5;3;3;5;3;5;5;5;5;5;24;37;37;36;12;36;36;39;16;13;19;26;29;31;31;31;17;31;18;23;18;23;23;36;33;26;19;28;28;19;11;18;36;33;22;25;22;26;28;31;33;26;31;25;26;25;33;33;33;31;33;31;25;32;33;13;12;12;5;3;27;32;21;32;20;32;13;15;21;13;17;27;12;12;29;31;5;34;39;36;30;12;36;3;3;5;3;3;5;3;3;3;5;3;3;3;3;3
14;5;5;5;5;5;5;14;14;5;14;5;5;5;5;12;12;31;39;12;29;13;32;23;15;21;36;36;36;25;22;31;8;32;29;32;29;31;19;22;26;11;22;33;33;33;28;31;28;33;28;31;31;33;26;33;21;13;33;36;36;26;31;31;22;26;28;33;26;28;28;36;21;25;31;15;29;29;15;15;29;5;13;32;12;7;23;32;5;32;31;31;36;20;5;35;24;3;3;3;3;3;3;3;3;2;3;3;3;3
3;3;5;5;3;5;12;5;5;36;20;5;5;5;5;5;37;36;35;17;20;29;17;20;27;13;33;29;36;31;22;33;18;29;22;15;25;31;28;29;26;19;28;33;31;33;33;33;31;31;33;33;31;31;31;32;20;17;23;36;33;31;7;29;29;26;28;28;26;28;19;18;32;13;12;29;13;27;15;13;17;12;13;36;3;32;32;27;13;31;31;38;36;36;2;5;5;3;3;3;5;5;36;24;3;3;3;3;3;3
3;3;5;5;14;5;13;5;36;36;36;27;5;5;5;13;36;36;20;7;17;32;17;20;27;13;36;36;25;13;26;26;31;29;25;15;29;33;19;21;25;21;26;26;22;36;33;18;7;18;36;31;33;31;23;7;17;17;13;33;33;33;32;13;22;26;28;28;28;28;22;31;13;5;15;29;12;27;13;5;24;13;12;36;5;31;29;24;23;31;36;12;39;36;27;3;3;3;3;5;35;39;36;39;3;3;3;3;3;3
5;5;3;3;3;20;5;20;39;5;16;34;5;16;5;36;36;36;29;17;17;17;20;20;23;32;36;36;27;12;25;31;25;31;25;26;31;33;28;22;22;10;26;21;21;36;12;31;13;29;33;31;22;21;8;15;7;7;15;25;26;36;31;21;28;26;26;33;26;26;32;17;12;29;17;3;21;13;12;5;12;15;5;31;17;36;27;5;28;36;32;32;34;36;36;3;5;3;27;34;12;5;5;36;27;3;3;3;3;3
5;5;5;14;5;36;27;20;36;5;5;5;34;5;27;36;39;26;17;17;17;17;17;20;20;32;31;31;13;27;31;26;22;31;28;26;19;19;28;11;22;21;21;15;26;32;36;5;13;13;15;22;18;22;15;13;13;13;13;7;31;33;36;33;26;22;26;26;26;26;31;12;12;12;13;13;21;12;5;12;5;21;6;20;32;20;20;15;33;26;31;5;3;39;32;13;5;20;3;34;20;3;3;36;12;3;3;3;3;3
5;3;5;3;5;24;32;36;36;5;5;5;5;5;36;32;36;36;17;17;17;15;27;20;13;32;36;20;20;34;31;33;25;31;31;25;26;19;19;26;22;11;22;21;15;7;26;13;36;26;26;26;22;21;26;26;15;15;15;15;31;33;36;33;31;22;21;26;31;27;12;5;5;5;5;29;22;7;21;30;5;15;31;32;29;27;12;26;29;31;5;12;5;24;36;37;3;3;3;36;35;37;36;13;3;3;3;3;3;3
3;5;5;5;14;5;5;24;30;37;12;5;5;20;36;36;31;32;21;15;29;27;27;13;31;36;36;32;20;32;31;31;32;31;31;26;26;19;33;22;11;22;26;8;8;7;33;33;36;18;18;28;31;19;21;33;22;7;13;13;22;31;36;33;31;25;15;21;7;32;17;5;5;5;5;22;22;10;21;15;13;13;25;29;17;29;31;26;26;29;5;12;5;2;36;32;12;3;20;39;3;3;3;3;3;3;3;3;3;3
5;5;3;5;5;5;5;14;5;24;34;31;5;32;31;39;31;32;35;6;17;27;17;5;31;37;32;36;12;17;31;29;20;32;34;33;26;31;26;19;22;22;22;26;26;25;33;36;22;15;8;25;36;36;26;22;26;7;15;7;20;28;33;33;32;21;21;7;7;7;33;20;5;5;5;22;21;22;29;27;21;22;18;23;25;32;31;12;29;13;29;25;12;5;20;31;32;3;36;38;2;3;3;3;3;3;3;3;3;3
5;3;5;5;14;3;14;5;14;5;5;5;14;36;39;36;32;29;13;37;37;34;12;12;31;20;27;36;27;13;36;27;20;32;31;33;28;28;28;22;22;19;19;28;33;26;25;18;10;21;15;7;22;25;33;22;22;21;18;26;26;31;28;36;36;22;28;26;22;28;28;28;31;12;12;23;27;12;17;6;29;17;29;21;18;29;5;21;21;29;11;18;29;5;13;36;32;12;3;3;3;3;3;3;3;3;3;3;3;3
5;3;5;3;5;14;5;5;5;5;5;5;24;36;39;31;13;23;29;34;32;32;21;12;36;27;32;36;20;27;27;31;29;36;36;33;28;28;28;28;33;19;33;26;36;25;22;22;10;21;23;17;15;15;15;18;21;10;28;22;21;31;26;36;36;22;28;33;28;28;28;11;18;34;5;23;13;13;13;13;13;12;23;18;32;12;12;32;29;19;18;10;22;22;18;36;32;34;5;3;3;3;3;3;3;3;3;3;3;3
5;14;5;14;5;5;5;5;5;5;5;5;36;36;39;36;27;33;29;27;36;31;32;37;20;36;29;32;32;29;32;36;31;33;28;28;28;28;28;33;33;33;39;31;33;22;22;10;18;21;18;15;7;21;21;21;8;22;33;33;19;33;31;33;33;28;28;28;33;28;28;28;25;5;5;22;8;29;13;12;13;17;22;9;22;21;29;32;22;11;8;9;18;10;22;20;34;32;3;3;3;3;3;3;3;3;3;3;3;3
5;3;5;5;5;14;14;14;14;5;5;5;39;36;36;32;33;36;29;32;17;34;31;33;13;12;31;20;6;23;31;32;13;31;31;28;28;28;28;33;33;33;36;33;33;22;22;18;18;10;10;21;9;21;10;21;15;21;21;31;33;36;31;33;28;28;28;28;28;28;28;33;29;21;13;19;25;13;13;12;13;21;22;23;25;23;32;21;12;22;21;10;18;23;10;17;36;32;5;3;3;3;5;3;3;3;3;3;3;3
5;5;14;5;5;14;5;14;14;14;5;24;36;39;33;31;31;12;32;22;21;13;31;29;32;27;29;17;23;17;13;13;29;31;21;28;28;33;33;36;33;36;36;33;33;21;21;21;18;18;18;18;8;22;21;21;7;21;17;32;26;36;36;36;26;28;28;28;33;5;17;31;18;18;18;23;31;8;22;21;15;31;29;12;21;10;10;15;23;8;21;8;8;23;9;13;37;29;24;3;3;3;3;3;3;3;2;2;3;3
5;14;14;5;5;14;5;14;16;16;5;35;31;36;25;22;22;12;32;25;25;22;22;22;27;6;20;6;32;6;13;20;34;31;29;33;33;33;31;33;33;39;33;33;36;10;8;18;18;10;18;10;8;18;26;10;15;8;15;15;33;33;28;36;17;28;33;27;5;21;22;22;18;18;23;21;22;22;18;25;32;25;20;23;8;10;18;15;9;10;21;7;15;23;23;13;35;32;27;3;3;3;3;3;3;3;4;4;3;3
14;5;5;5;5;5;5;5;5;16;3;36;36;32;25;26;25;23;29;19;29;22;22;29;17;20;7;32;20;17;6;13;29;36;32;36;31;32;31;36;33;39;36;33;36;21;10;10;18;21;21;21;8;17;22;22;22;21;8;21;33;28;31;36;13;28;20;5;17;18;18;18;18;29;15;18;22;22;26;29;31;29;3;23;8;26;20;20;20;17;20;17;7;17;20;7;24;36;34;2;3;3;3;3;3;3;3;3;3;3
5;14;14;5;5;5;16;16;5;12;5;39;36;32;22;29;29;25;29;25;26;22;22;25;29;29;13;17;23;17;17;7;20;13;17;13;15;32;25;31;33;36;33;33;33;21;21;10;21;18;18;8;28;28;22;22;22;18;10;22;33;36;33;33;24;12;14;5;29;10;18;18;22;18;10;18;18;31;32;26;25;21;15;20;34;5;17;5;3;5;5;13;23;7;27;32;13;36;34;3;14;3;3;3;3;3;3;3;3;3
5;14;14;5;5;16;5;5;5;16;12;36;36;26;19;26;22;22;25;25;32;22;26;25;26;7;17;17;23;23;17;6;6;13;13;13;32;31;31;31;33;36;33;33;31;22;10;21;10;15;21;15;15;19;28;28;21;21;8;33;33;33;28;33;5;3;14;5;29;22;25;18;22;21;18;15;25;31;26;22;21;8;21;32;13;17;17;13;20;20;12;13;23;21;22;21;21;36;29;3;3;5;3;3;4;3;3;3;3;3
14;5;5;5;5;16;16;5;16;16;30;36;39;26;25;25;32;27;12;5;26;22;26;32;26;20;9;7;8;36;6;6;32;29;31;15;32;27;33;25;36;15;33;33;26;21;22;10;8;9;21;15;21;22;19;18;21;8;36;36;36;28;28;28;13;5;3;5;5;5;12;18;8;10;9;18;25;26;25;18;8;15;22;15;15;23;6;20;20;29;13;21;8;17;18;10;21;29;29;5;14;3;5;3;2;3;3;3;3;3
14;5;5;5;16;5;14;5;5;16;34;31;39;31;25;25;24;5;13;31;26;26;25;26;25;20;17;8;23;32;20;21;18;36;29;17;29;32;32;26;32;27;32;36;29;21;21;22;21;8;21;21;8;15;18;18;10;32;39;33;33;28;28;33;20;5;5;5;13;32;31;22;9;8;18;18;18;18;22;15;8;21;10;21;7;7;20;5;12;21;31;8;17;12;18;22;29;30;21;24;5;3;3;3;3;2;3;3;3;2
5;5;5;5;5;5;5;12;5;16;37;31;36;25;25;32;5;12;32;25;22;25;26;31;29;20;9;9;20;20;9;23;8;29;23;15;29;36;31;29;25;34;12;31;22;23;10;21;22;8;21;22;10;15;23;15;25;35;5;36;28;28;20;5;5;5;5;5;20;5;12;26;18;32;26;25;26;21;8;15;10;8;22;15;15;22;15;21;21;21;29;33;12;16;13;29;5;5;29;20;3;3;3;3;3;3;3;3;3;3
14;5;5;16;5;5;5;5;12;5;37;36;38;12;27;5;16;17;25;22;22;22;32;22;22;17;29;27;12;13;7;18;9;18;8;17;15;29;27;17;6;34;17;26;18;8;21;22;22;22;10;21;22;21;8;10;35;5;29;39;20;29;5;5;5;13;5;2;3;5;17;26;18;26;32;12;22;15;8;21;15;15;8;15;21;23;10;9;29;32;31;5;12;3;6;13;5;5;29;27;3;3;3;3;3;3;3;3;2;3
14;5;14;5;5;5;16;16;16;14;36;36;37;12;5;12;12;20;27;25;29;25;29;25;22;22;17;12;5;20;29;17;25;23;15;15;7;17;17;29;7;13;15;31;21;15;21;21;22;22;22;22;22;22;21;36;29;33;39;35;5;5;5;3;17;22;29;13;3;21;26;25;25;32;5;32;29;29;31;23;31;21;15;15;25;22;22;21;29;31;13;5;5;12;24;3;3;3;29;27;2;3;3;3;3;3;3;3;3;2
5;5;16;16;14;16;16;16;5;14;36;31;34;12;5;12;12;24;12;32;22;25;22;31;29;22;21;5;12;13;12;5;20;15;15;21;23;17;17;13;6;20;25;29;21;15;15;21;10;18;22;22;22;22;21;36;31;36;12;5;5;5;23;29;18;10;10;18;27;33;26;31;13;20;32;5;21;21;29;31;15;21;15;15;29;22;26;21;21;12;12;5;5;5;5;5;3;3;32;29;3;3;3;3;3;3;3;3;3;2
5;5;5;5;16;5;5;5;16;5;39;36;35;12;12;16;20;21;13;32;25;22;25;31;31;18;12;12;27;23;21;21;27;7;17;29;23;5;12;6;20;17;25;8;21;13;15;15;21;21;21;8;8;15;15;32;5;3;5;5;5;12;23;18;22;21;23;17;25;25;27;13;32;12;13;36;21;27;34;17;15;15;17;12;13;31;31;29;13;5;12;12;5;5;5;5;5;3;32;29;3;3;3;3;3;3;3;3;2;3
14;5;14;5;5;16;5;5;5;14;36;36;35;12;12;5;32;25;29;32;22;26;33;26;31;31;12;20;17;21;18;21;13;13;13;21;13;5;5;12;5;31;15;21;15;15;15;15;8;8;21;15;7;15;15;21;12;3;5;5;13;22;13;20;18;18;20;12;12;17;21;27;5;21;31;36;21;21;21;13;13;13;13;12;31;31;20;12;29;5;5;5;5;12;5;5;5;3;36;34;3;3;3;3;3;3;3;3;3;3
5;5;5;5;5;5;14;5;16;14;36;31;34;5;24;21;25;25;26;25;22;15;32;26;26;33;20;17;21;15;22;15;21;13;22;7;13;3;13;15;29;15;15;7;7;15;13;15;15;15;15;7;15;13;15;7;32;13;5;5;7;10;18;26;18;13;3;5;12;32;30;13;26;31;34;20;29;27;32;32;29;29;21;26;31;12;3;12;12;12;5;12;15;7;12;5;5;3;37;29;3;14;3;3;3;3;3;3;3;3
5;5;5;5;5;5;5;5;5;14;38;31;34;5;12;12;32;26;22;32;22;25;15;32;25;25;31;12;27;15;21;23;7;32;29;36;13;34;36;22;15;15;13;13;15;7;15;15;13;15;15;7;17;13;7;7;7;23;29;29;26;25;25;25;18;29;5;5;12;12;29;31;32;12;3;29;26;21;32;27;21;21;29;33;32;13;21;12;5;12;12;31;26;26;31;12;5;3;32;29;2;3;3;3;4;3;3;3;3;3
5;16;5;5;5;5;16;16;5;16;37;31;37;12;5;21;21;22;22;18;21;18;27;31;25;22;22;33;21;18;21;29;22;15;21;27;27;29;15;15;15;15;7;13;15;13;13;7;15;15;13;15;15;15;13;7;13;13;13;7;15;15;6;21;32;29;5;13;31;36;37;29;31;21;13;7;22;26;29;22;22;26;32;26;19;28;19;26;29;29;26;26;26;28;26;29;5;17;32;35;3;3;14;3;3;3;3;3;3;3
16;5;16;5;5;16;16;5;5;5;32;36;38;5;24;32;25;25;22;22;22;23;29;22;22;22;21;22;25;23;32;17;15;13;17;29;6;7;15;15;13;13;13;15;7;13;13;7;13;13;13;13;13;7;7;7;15;13;7;13;15;7;15;7;7;25;26;31;27;12;29;19;31;33;22;26;19;22;26;32;26;22;31;28;19;31;31;26;33;26;31;31;28;26;22;31;31;25;31;27;3;3;14;3;3;3;3;3;3;3
5;5;16;5;16;5;5;16;5;5;34;31;38;12;5;27;17;17;31;18;18;25;29;26;22;22;22;21;21;25;20;13;15;13;17;20;20;15;13;15;15;13;7;13;13;7;15;7;13;7;13;13;7;7;7;7;13;13;13;13;7;7;15;13;7;31;34;5;5;29;32;28;26;26;28;28;26;19;11;28;28;28;33;26;22;33;31;8;25;33;33;36;25;31;33;31;22;33;25;27;3;3;14;14;3;3;3;3;3;3
5;5;16;16;16;5;5;16;16;12;30;36;39;5;5;16;16;22;23;27;12;12;21;26;22;22;22;21;29;17;17;13;13;13;17;6;21;7;15;7;7;13;13;7;13;7;13;13;15;15;13;13;7;7;13;13;13;13;7;13;7;15;7;7;13;15;17;2;17;21;27;33;26;26;26;26;26;22;28;25;31;33;28;33;26;33;33;9;36;22;8;33;22;23;31;33;25;26;26;31;30;3;3;3;3;3;3;3;3;3
16;5;5;5;5;5;16;5;5;12;16;39;39;5;5;12;12;10;23;17;12;12;26;22;32;22;22;29;29;13;15;15;13;32;13;6;17;13;13;15;15;13;13;13;13;7;13;13;13;13;7;15;13;13;7;7;7;7;13;13;7;7;7;7;13;15;29;13;12;27;32;31;26;22;31;26;26;22;28;19;26;8;33;28;33;25;33;25;15;36;23;10;36;13;33;31;33;33;31;26;33;29;20;3;2;3;3;3;3;3
5;5;16;16;16;5;5;5;16;5;14;36;36;12;12;13;12;23;27;24;17;12;21;17;13;21;29;32;17;15;13;15;17;17;13;29;7;15;13;15;15;7;7;7;7;7;7;15;13;13;13;7;13;13;7;13;13;13;15;15;13;13;7;13;13;13;31;33;26;21;21;26;26;33;26;26;33;26;25;26;31;33;33;28;28;18;26;33;7;25;33;9;36;15;33;26;25;31;33;28;33;19;28;5;3;14;14;3;3;3
16;16;16;5;5;16;5;5;5;16;5;36;31;24;5;24;17;27;20;12;24;12;12;15;32;29;20;32;7;15;15;15;29;6;6;21;13;13;13;15;7;13;13;7;7;13;7;13;13;7;7;7;7;7;7;13;13;7;13;13;13;13;7;13;7;7;15;28;26;26;19;26;28;26;26;10;31;26;33;31;33;28;33;33;33;26;7;33;21;18;25;21;23;8;33;28;26;33;28;26;28;33;28;27;3;3;3;3;3;3
16;16;16;16;5;16;16;5;16;5;5;34;36;35;12;13;13;12;12;24;12;24;31;31;32;17;23;15;15;15;13;15;29;13;20;17;7;13;13;13;13;7;13;7;7;7;13;7;7;7;7;13;15;7;7;7;13;13;13;13;13;13;13;13;13;32;26;28;11;33;28;26;28;26;28;26;10;33;33;31;28;28;28;28;33;33;7;25;26;8;23;8;15;10;33;19;33;26;33;26;33;33;19;29;2;3;3;3;3;3
5;5;5;16;16;5;16;5;16;5;5;24;36;36;12;20;13;13;12;24;12;34;33;25;25;31;29;17;7;15;13;17;20;6;27;7;15;13;13;15;13;7;13;15;15;15;7;13;13;15;13;15;15;7;13;13;13;13;13;27;13;13;33;33;33;19;33;33;28;28;28;28;19;22;22;31;22;26;26;33;33;33;28;28;28;28;22;21;33;8;9;8;8;28;33;28;31;26;26;28;28;28;28;32;3;3;3;3;3;3
5;16;5;16;16;5;5;5;16;5;5;5;36;39;5;13;13;12;24;12;27;23;28;26;26;22;33;13;13;15;15;13;20;17;29;13;15;7;15;7;7;13;15;21;13;13;12;12;12;13;13;17;6;20;17;13;13;13;13;27;13;12;31;33;28;28;25;22;26;33;28;19;28;28;28;26;26;26;19;28;28;28;28;26;26;26;31;8;8;8;8;8;21;33;28;28;28;33;28;28;28;26;28;31;3;3;3;3;3;3
5;5;5;16;5;16;5;16;5;5;12;5;29;36;36;26;31;24;12;32;36;20;31;28;33;28;22;15;15;15;15;15;17;29;31;13;15;15;15;7;15;13;17;30;34;12;20;5;12;17;13;20;12;12;13;7;13;27;17;15;27;33;33;28;26;33;28;28;33;33;26;26;26;26;10;26;28;28;33;31;33;31;28;28;28;28;28;8;8;8;15;15;10;33;33;31;33;28;28;26;28;28;28;33;24;3;5;14;3;3
5;16;5;5;16;5;5;5;5;5;5;12;12;36;39;25;26;12;34;36;29;22;26;25;28;33;23;17;15;7;15;20;13;32;36;7;17;7;17;17;20;13;13;20;13;13;27;13;13;13;6;12;12;13;12;17;12;13;27;29;23;31;31;26;33;28;28;28;31;26;26;26;26;22;26;31;19;28;33;31;28;26;28;28;28;26;26;15;15;8;15;8;22;26;28;31;28;28;28;26;28;28;28;28;29;5;3;3;3;3
5;16;5;5;16;16;16;5;5;16;16;16;5;39;39;25;25;27;39;29;36;31;23;32;26;28;15;13;20;17;15;7;13;36;31;17;15;13;21;27;12;20;12;13;12;17;20;27;13;13;6;6;13;13;12;6;20;12;20;17;6;33;26;28;26;33;26;26;26;33;28;32;23;26;26;19;31;19;26;36;33;33;31;33;26;28;26;8;8;8;15;15;25;26;28;26;31;28;28;33;28;26;28;28;36;3;3;3;5;3
16;5;16;16;5;5;16;16;5;5;5;16;5;39;36;36;29;36;32;20;31;32;25;29;29;18;21;27;15;13;17;7;13;36;23;27;17;27;27;13;12;20;17;13;12;20;13;12;6;6;6;12;13;6;6;12;13;6;24;6;12;20;23;31;31;20;20;18;6;6;13;27;12;28;28;26;32;32;30;3;5;12;33;19;28;33;33;15;8;10;8;8;25;22;26;26;26;33;28;28;28;28;28;28;33;12;3;3;3;3
5;16;5;5;16;16;5;5;16;16;12;5;5;27;36;39;12;31;29;17;20;32;36;21;25;18;6;6;23;17;23;21;17;32;17;12;27;12;27;12;13;17;13;20;17;13;6;6;6;6;6;12;6;13;6;12;12;12;6;6;12;6;6;12;7;6;18;13;23;6;6;6;27;21;26;19;20;5;3;5;5;12;33;33;33;33;33;7;8;21;21;8;31;13;27;36;36;39;36;28;26;28;26;26;28;20;3;3;3;3
5;5;5;16;5;5;16;16;5;16;16;5;16;5;39;36;37;32;29;15;18;17;17;25;25;31;36;6;6;32;29;27;27;7;12;27;27;12;29;12;12;13;13;20;12;6;12;12;13;12;12;12;6;6;6;6;6;20;13;6;6;7;7;6;6;6;23;22;6;7;6;6;25;26;19;33;32;5;5;5;5;5;33;33;28;33;33;8;8;8;21;15;29;3;39;32;5;14;16;28;36;33;33;39;33;20;3;3;3;3
5;5;16;16;5;5;16;16;16;16;16;5;5;5;27;36;36;32;23;23;23;8;17;6;32;33;36;8;7;29;29;27;15;27;24;29;20;15;29;27;24;13;27;12;12;12;6;6;6;12;12;12;6;13;7;7;24;12;6;13;9;29;6;20;6;7;9;8;36;18;7;6;6;32;29;19;12;5;5;5;3;3;29;33;36;31;7;15;10;10;10;21;13;20;32;34;2;14;12;33;19;25;19;36;31;14;3;3;3;3
16;5;16;16;16;16;5;5;5;5;12;16;5;5;5;36;36;32;29;32;18;23;9;9;17;9;23;29;29;23;22;15;15;21;30;13;26;10;27;36;13;12;13;27;12;13;12;15;10;9;6;12;13;8;9;25;6;6;7;9;20;13;24;6;13;9;23;23;31;10;25;22;11;25;20;12;12;13;13;13;32;27;13;25;13;13;15;15;10;10;8;32;5;36;29;5;3;14;24;25;31;33;25;5;4;4;3;3;3;3
5;5;16;5;5;5;16;16;16;16;5;12;16;5;5;24;36;39;29;23;29;18;18;9;18;8;18;8;23;18;29;18;22;13;32;8;22;9;27;29;13;12;13;20;13;13;6;13;6;7;25;8;28;22;10;23;28;18;7;8;8;13;12;12;6;23;7;18;25;19;7;18;10;25;20;27;25;34;31;25;31;22;15;7;7;15;8;10;8;10;29;5;32;29;34;3;3;3;3;3;30;28;33;5;4;14;3;3;3;3
5;5;16;16;16;16;5;16;16;16;16;12;16;12;12;5;36;38;32;23;17;23;18;25;18;18;22;25;25;18;9;18;25;20;27;26;19;18;32;13;13;12;13;13;13;6;17;18;18;22;22;19;28;11;10;11;19;26;28;11;10;25;25;18;9;6;8;11;33;22;10;36;31;36;23;17;6;29;18;11;22;7;15;15;8;21;8;21;10;29;20;5;32;29;20;3;3;3;3;14;3;33;26;12;14;3;4;3;3;3
5;5;16;5;5;16;5;5;16;16;12;5;5;5;5;5;5;31;39;23;23;23;15;17;15;18;25;29;22;22;22;22;26;22;20;26;19;9;22;22;17;13;12;12;17;8;19;26;19;19;19;28;19;18;33;19;26;28;19;19;19;10;11;11;11;26;11;11;32;22;31;28;36;17;31;32;29;6;11;18;8;15;8;21;15;8;8;8;21;12;12;36;29;35;2;3;3;3;3;3;5;26;28;16;3;3;4;3;4;3
5;5;5;16;5;5;5;5;5;5;5;5;16;12;5;5;5;39;36;39;23;9;9;23;23;18;18;18;18;25;25;26;28;33;29;22;26;18;9;19;15;12;12;12;31;26;19;28;19;11;11;19;19;11;33;33;28;33;28;28;19;10;10;10;19;25;11;22;23;22;25;39;29;33;17;33;33;6;9;9;15;15;8;8;8;8;18;31;12;13;24;25;34;2;4;3;3;3;3;14;3;16;16;4;3;3;3;4;3;3
5;5;16;5;5;16;5;12;5;16;12;16;16;5;5;5;16;27;36;36;34;31;22;18;18;31;31;31;31;31;33;19;28;33;13;21;22;25;11;19;22;13;12;32;25;19;28;19;11;19;33;28;19;22;33;33;17;12;12;6;23;22;11;19;11;26;11;26;9;18;36;25;33;7;25;33;28;9;17;18;15;21;10;8;8;22;36;13;13;13;36;29;20;3;3;3;3;3;3;3;3;3;3;3;3;3;3;3;3;3
16;16;5;16;5;16;5;16;5;5;16;5;16;12;16;5;16;3;37;36;39;13;17;36;36;33;36;33;33;25;25;26;28;25;21;8;22;19;19;19;25;5;20;36;19;19;19;19;28;25;6;5;28;19;33;36;6;13;6;12;12;12;12;23;19;33;19;31;21;8;25;31;29;22;19;25;26;25;6;22;21;8;8;8;25;33;12;5;12;31;22;34;4;3;3;3;3;3;3;3;3;3;3;3;3;3;3;3;3;3
5;5;5;5;5;5;16;5;5;16;16;12;12;5;16;5;14;16;3;37;31;36;5;20;31;28;31;26;25;19;19;22;33;15;15;8;26;19;19;28;19;22;26;33;28;28;25;12;12;12;6;12;28;26;26;19;17;6;7;12;12;12;5;12;12;33;25;32;22;22;33;23;9;28;32;26;19;36;18;18;8;21;8;31;3;14;3;5;37;34;32;2;3;3;3;3;3;3;3;3;2;3;3;2;2;2;4;3;4;3
5;5;5;12;5;16;12;5;5;16;5;5;5;5;5;5;5;16;5;5;37;36;39;5;33;19;11;11;11;11;25;33;27;21;8;21;26;28;19;19;11;19;28;19;28;24;12;12;6;13;16;6;28;19;25;19;10;12;12;6;12;5;12;12;12;31;33;29;21;31;25;36;36;25;19;26;26;33;18;15;21;10;33;25;3;5;3;27;29;32;5;3;3;3;3;3;3;3;3;3;2;3;2;2;2;2;3;3;3;3
16;5;16;12;12;5;5;5;5;5;34;36;38;37;36;37;24;5;5;5;14;36;31;36;36;19;25;19;19;26;33;31;23;15;15;15;26;33;19;19;19;19;28;25;6;6;6;13;12;12;12;9;28;19;23;19;28;6;12;12;12;12;13;12;6;17;33;23;10;36;10;36;36;22;26;33;31;26;10;21;10;33;28;22;3;5;30;36;32;24;3;3;3;3;2;3;3;3;3;3;3;3;3;3;2;3;3;3;3;3
5;5;16;12;16;12;12;16;14;36;12;14;31;27;27;5;34;5;16;5;5;16;36;31;36;26;33;26;28;33;33;22;8;21;15;15;29;33;19;19;28;28;17;6;12;12;6;12;12;12;12;11;19;33;23;28;28;7;12;12;12;6;12;12;6;13;36;18;8;31;18;36;36;19;19;31;28;26;10;10;28;33;28;22;5;24;36;29;27;4;3;3;3;3;3;3;3;5;3;3;3;3;4;4;3;2;2;3;3;3
5;16;5;12;5;5;5;16;37;27;27;5;30;20;37;13;24;39;24;5;16;16;24;36;36;39;28;33;33;33;29;21;15;15;15;21;29;25;28;28;28;6;12;6;12;12;12;13;12;6;12;28;19;25;11;28;28;6;13;12;12;12;13;12;12;6;31;21;10;25;10;33;9;26;26;22;19;25;33;31;33;19;28;22;37;36;32;27;4;3;3;3;2;24;37;24;16;12;30;37;24;2;3;4;2;3;2;2;2;2
12;12;16;5;12;16;5;37;27;12;36;5;12;31;27;34;20;31;37;3;16;5;5;24;36;36;26;33;33;25;29;15;15;7;17;7;27;12;28;36;18;6;6;6;6;6;6;13;6;6;12;19;28;23;19;28;19;6;6;6;6;12;12;6;6;12;25;10;21;22;18;22;33;19;26;22;28;36;36;22;28;23;26;23;31;32;35;2;3;3;3;2;35;35;24;5;3;12;5;5;35;35;2;3;2;2;2;2;2;3
16;16;5;12;16;16;16;36;13;12;31;13;12;36;13;36;20;33;27;24;5;5;5;14;34;36;31;36;25;22;13;15;15;15;7;15;21;12;28;19;7;6;9;13;6;6;13;6;12;12;6;19;28;7;19;28;19;23;12;12;12;12;6;7;9;6;13;22;10;22;18;18;23;19;19;15;26;36;28;19;26;10;28;22;31;35;2;3;5;3;3;35;24;27;20;3;3;5;12;12;17;24;30;3;3;2;3;2;2;2
12;16;5;12;12;16;30;20;20;12;20;29;12;34;29;36;20;31;13;37;14;5;16;5;5;27;39;31;29;7;15;13;15;15;15;15;15;13;23;9;9;7;9;13;6;13;12;12;12;12;18;19;26;13;19;28;19;22;12;12;12;12;12;6;6;12;12;9;8;10;11;22;22;26;26;7;6;28;19;33;26;10;26;22;27;4;3;3;4;3;2;30;5;30;13;3;3;5;3;12;12;5;35;2;2;2;2;2;2;3
12;16;12;16;12;16;35;12;20;12;12;32;13;27;31;13;31;32;17;38;5;5;5;5;5;5;20;36;21;15;15;7;7;17;8;18;13;12;12;25;9;9;6;6;7;13;6;12;12;6;19;28;22;13;19;33;28;26;6;6;12;6;12;12;6;12;12;12;29;22;31;12;12;31;26;7;6;6;33;19;18;18;28;25;3;3;3;3;3;3;30;29;12;5;12;12;3;12;5;12;5;12;4;35;3;2;2;2;4;3
5;5;16;5;16;16;35;12;17;12;12;13;36;13;31;24;36;25;23;37;3;5;16;5;5;5;5;36;15;15;7;13;13;17;15;23;12;13;24;29;9;7;6;6;6;6;6;6;12;6;28;28;18;6;28;28;28;28;6;6;12;13;12;6;12;12;12;12;6;20;5;5;5;31;28;7;7;6;23;33;9;9;26;25;3;4;3;5;5;14;37;15;21;3;13;12;3;13;12;3;5;20;2;37;4;3;3;3;3;3
5;16;16;5;12;12;35;13;17;12;12;13;36;12;32;13;31;29;31;36;5;5;5;5;13;12;5;20;15;15;15;13;13;7;7;21;12;13;12;17;23;9;7;7;9;6;13;12;6;9;33;19;9;6;19;28;28;28;7;6;12;12;13;6;6;12;12;12;12;20;3;5;5;31;28;8;7;7;9;19;11;9;26;25;3;5;20;24;3;4;39;21;29;5;13;13;4;20;13;5;5;17;3;34;4;2;2;2;4;2
16;12;16;5;16;16;35;19;19;12;13;33;26;31;21;13;36;25;22;36;5;5;16;36;29;12;37;29;23;15;15;15;15;17;15;29;5;13;13;12;31;7;9;9;6;6;6;6;13;19;33;19;6;6;19;19;28;28;9;12;12;6;12;12;12;12;12;6;12;13;29;5;5;33;28;31;9;7;9;32;22;10;28;25;34;13;5;24;24;2;38;20;22;15;21;17;3;21;3;5;13;17;3;35;2;2;3;2;3;2
16;12;16;16;5;12;35;19;29;31;31;33;28;36;25;33;32;19;18;36;5;16;36;18;26;17;5;32;15;15;13;15;17;15;15;29;38;13;12;12;32;7;6;9;6;6;6;6;13;28;33;19;6;13;19;19;19;28;22;6;6;6;13;12;6;6;12;12;6;12;13;5;3;26;26;36;31;30;24;20;25;9;28;25;3;12;12;12;37;2;38;5;17;22;21;27;12;15;13;24;5;27;5;35;2;2;2;2;3;2
5;12;5;16;12;16;35;25;28;22;26;25;26;33;19;26;33;26;19;39;14;5;36;18;18;12;12;32;17;13;15;15;13;17;15;9;36;36;36;12;25;7;7;6;6;6;6;12;6;28;19;18;6;13;19;19;19;33;26;6;6;6;12;12;12;12;12;6;12;12;12;32;36;26;31;32;12;3;3;6;19;10;26;25;5;13;12;12;37;2;38;5;5;29;29;21;13;27;5;3;3;20;5;35;2;2;3;2;3;3
16;16;16;5;12;16;35;26;19;28;25;29;26;31;33;26;33;22;31;39;5;5;33;23;13;12;17;15;15;15;15;13;7;13;15;23;32;33;32;36;31;7;7;7;6;6;9;13;9;28;25;17;6;12;19;19;19;33;28;13;12;6;12;13;6;12;12;12;6;12;12;6;31;32;33;5;14;2;30;36;26;9;28;26;5;13;12;12;37;2;38;5;5;12;32;17;13;3;3;5;13;21;5;35;2;3;3;3;3;3
12;5;16;5;16;12;34;19;26;25;25;25;31;26;25;36;33;30;27;39;14;5;36;12;12;5;32;7;17;13;17;13;7;15;13;23;12;4;20;17;26;7;6;7;7;6;7;13;28;11;26;6;6;12;19;19;19;33;28;6;6;12;6;12;6;12;12;6;6;6;12;6;9;25;33;12;37;34;16;23;19;9;26;25;5;12;12;12;37;2;39;5;17;26;25;29;29;5;5;5;24;29;12;35;2;3;3;3;4;3
12;5;12;16;16;12;35;31;26;13;26;26;32;26;26;20;33;17;13;38;5;5;36;13;12;20;17;17;17;17;13;13;15;15;15;21;34;27;13;13;32;6;6;6;6;6;6;6;28;19;9;6;6;12;19;19;19;33;33;6;6;12;6;12;12;12;12;6;6;6;12;6;6;23;33;30;3;12;13;17;19;10;26;22;5;12;12;12;37;1;38;5;25;10;25;31;21;13;12;12;3;27;20;27;2;3;3;3;3;3
5;5;5;12;16;12;37;25;11;13;31;25;17;17;27;30;32;26;20;38;14;5;37;27;13;29;13;15;15;17;7;17;15;15;15;29;12;13;27;29;25;13;6;6;6;6;6;11;19;28;12;13;6;6;19;19;19;33;33;6;12;12;6;6;12;12;12;12;6;12;12;6;6;6;33;12;5;13;12;17;19;9;26;22;12;12;12;12;37;1;37;13;22;10;26;26;7;17;13;15;5;5;13;34;2;3;3;3;3;3
16;16;5;5;5;16;37;25;31;12;24;20;27;17;20;30;17;33;29;36;14;5;32;9;17;32;15;15;15;7;15;7;13;15;15;25;30;13;17;17;31;6;6;7;6;6;6;19;11;18;12;12;6;6;19;19;28;33;33;9;12;13;6;6;12;13;12;12;12;6;6;6;6;6;6;12;12;13;12;17;25;9;26;25;12;12;12;12;37;2;36;23;7;10;26;22;7;23;13;17;13;20;29;35;2;3;3;3;4;3
12;16;5;12;12;16;37;12;13;12;20;29;23;29;13;24;27;36;9;36;14;14;36;18;29;29;15;13;17;13;15;13;17;15;7;37;5;27;20;13;32;6;6;6;9;6;11;19;26;6;6;12;6;7;19;19;33;28;28;23;6;13;6;12;6;6;6;12;6;6;6;6;6;6;12;29;13;13;13;17;19;9;26;25;12;12;12;5;34;2;38;23;18;18;25;10;15;26;7;7;13;12;27;35;2;3;3;3;3;3
16;16;12;16;5;16;37;5;20;29;23;23;23;27;17;21;17;27;23;36;5;5;37;18;29;7;13;15;15;15;13;15;15;15;18;31;13;27;20;23;23;6;6;6;7;7;19;19;29;12;13;12;12;6;19;11;33;33;28;18;6;6;6;6;6;12;12;6;6;12;6;6;12;13;12;29;12;13;13;15;19;9;25;31;13;12;13;12;37;3;37;13;8;10;26;8;7;32;17;17;12;24;29;34;2;3;3;3;3;3
12;16;5;16;16;16;38;12;29;18;29;29;22;29;29;21;29;29;23;36;5;14;31;18;31;7;15;13;17;15;13;13;15;15;25;31;13;20;20;29;6;6;6;6;7;8;19;22;20;13;13;12;12;9;19;11;33;33;31;29;6;6;6;6;13;12;12;6;6;12;6;6;6;12;13;7;13;13;13;17;25;9;26;25;13;12;12;12;34;2;37;12;27;26;26;8;26;36;27;23;12;20;23;34;2;3;3;3;3;3
5;5;16;16;5;12;38;5;17;18;18;18;22;21;18;27;29;17;20;38;14;14;36;15;32;15;15;13;15;7;15;13;15;15;27;31;32;20;13;26;6;6;7;7;6;19;11;18;12;12;13;13;12;9;11;11;28;33;31;25;6;6;6;6;6;13;6;12;6;6;12;6;6;13;6;6;6;13;13;20;25;9;26;25;13;12;12;12;35;2;37;5;12;29;26;15;15;33;15;17;12;29;29;34;2;3;3;3;3;3
16;16;5;16;12;12;38;12;27;18;18;25;18;13;20;27;27;27;17;38;5;5;36;31;21;17;15;15;17;15;13;15;7;32;21;21;18;20;13;18;13;7;7;6;23;19;18;6;12;6;13;12;6;19;19;19;28;36;26;22;6;6;12;13;6;13;6;12;12;6;13;13;6;6;6;6;29;17;7;17;25;10;26;29;12;12;21;21;35;3;36;15;18;26;26;7;7;7;21;29;17;26;29;37;2;3;3;3;2;3
16;5;5;16;12;16;38;29;31;29;25;25;29;27;12;27;29;29;29;36;5;3;33;31;15;15;15;17;15;15;15;15;15;29;17;29;31;15;6;7;13;7;7;7;22;11;18;6;6;6;6;6;6;26;11;19;33;36;26;25;6;13;6;12;12;13;12;12;6;12;13;6;6;12;6;6;26;13;15;7;19;9;28;18;12;6;26;21;30;3;37;15;22;26;26;10;15;10;21;23;23;31;29;37;3;3;3;3;3;3
12;5;16;5;5;5;37;29;25;21;29;29;27;29;12;23;27;27;27;38;5;5;36;33;7;15;15;15;15;15;15;15;32;27;13;15;33;30;17;6;6;9;7;10;11;11;8;6;13;6;6;6;12;28;11;28;28;33;19;25;6;6;6;13;6;6;6;6;6;6;13;6;13;6;12;6;22;13;15;15;19;9;28;22;12;7;26;21;30;2;36;22;31;26;22;10;10;10;29;17;27;31;23;37;3;3;3;3;3;3
5;12;12;5;16;12;38;29;29;31;21;12;35;27;27;29;27;29;29;39;5;3;32;33;15;15;15;15;17;17;15;15;29;13;17;15;36;13;17;7;6;7;8;19;11;19;6;6;6;7;6;13;6;26;11;28;28;33;22;29;6;6;6;6;6;6;12;13;13;6;6;6;6;6;12;6;9;15;15;7;26;9;28;29;29;31;25;22;30;2;36;22;26;26;18;9;8;25;31;23;23;31;27;37;2;3;3;3;3;3
12;12;12;16;16;12;37;26;36;32;31;12;24;29;32;29;29;23;29;38;5;3;35;32;17;15;15;17;15;15;15;15;13;13;12;13;36;13;27;6;6;8;11;11;11;18;6;6;6;7;7;13;6;19;11;28;33;28;19;18;6;6;6;13;12;6;12;6;6;13;6;6;6;6;6;6;12;18;13;13;19;8;26;22;31;22;25;22;30;2;38;25;26;26;25;8;7;18;25;29;29;31;15;37;2;3;3;3;3;3
16;12;16;16;16;12;37;31;31;22;26;32;12;29;29;21;32;23;29;39;5;14;35;32;15;15;15;15;15;15;15;21;13;13;13;13;33;13;29;9;7;10;11;10;19;17;13;12;13;6;7;12;9;19;19;33;33;19;22;23;13;13;6;13;6;12;13;6;12;6;6;6;12;6;6;13;6;25;12;12;25;9;26;22;22;25;29;21;30;3;37;21;26;31;32;22;22;15;25;23;32;31;17;34;3;5;3;3;3;3
5;16;16;12;16;12;38;32;25;32;31;31;29;32;29;21;26;27;29;39;5;14;34;25;15;15;15;13;17;15;15;32;27;21;27;27;36;17;23;9;6;19;11;11;11;6;13;13;12;6;6;6;18;11;28;28;28;26;11;8;13;13;6;12;6;6;6;6;12;6;6;6;12;6;6;13;6;17;13;13;19;15;19;25;29;29;31;29;30;4;37;26;19;26;32;22;25;26;29;17;31;25;17;37;3;3;3;3;3;3
16;16;16;12;16;16;38;22;31;32;32;31;32;29;18;18;29;29;29;39;5;3;37;21;15;17;17;15;17;15;21;29;13;12;20;13;31;12;13;10;8;11;10;11;18;6;12;6;13;6;6;6;26;19;28;28;28;19;19;20;13;13;12;12;12;6;6;12;12;6;6;13;13;6;6;6;6;12;29;12;19;9;19;29;12;5;29;22;30;3;34;26;26;26;22;22;22;22;25;17;36;27;20;34;3;3;3;3;3;3
16;16;5;12;16;16;39;26;33;33;31;22;29;18;29;18;18;22;29;39;14;3;36;21;15;15;15;15;15;15;26;26;13;13;20;24;36;13;12;19;19;10;11;18;8;7;12;9;12;6;6;9;28;11;28;33;26;26;19;6;6;12;6;6;12;6;13;12;6;6;6;13;6;6;6;6;12;12;29;12;19;9;19;22;12;12;23;29;30;2;38;25;22;22;25;25;22;22;22;26;33;27;17;37;3;3;3;3;3;3
5;16;5;12;16;12;36;31;36;33;31;18;18;18;25;23;29;29;21;39;5;14;36;21;21;15;15;15;15;10;33;31;13;20;20;17;37;20;12;33;19;11;10;18;7;7;6;9;12;7;6;9;28;11;28;28;19;31;19;6;6;12;6;12;13;20;6;12;6;7;6;6;6;6;6;6;13;13;32;15;22;10;22;26;21;23;25;15;24;14;37;6;21;26;22;22;22;22;29;31;32;27;17;37;3;3;3;3;3;3
16;12;16;5;12;16;38;31;33;33;36;33;31;18;22;23;31;29;29;39;5;14;32;23;15;15;15;21;15;29;13;26;36;13;24;23;32;24;13;28;11;11;11;8;6;7;6;9;6;7;6;8;19;19;28;19;19;28;19;13;6;12;6;12;6;20;6;13;6;7;6;6;13;13;6;13;6;13;25;8;19;10;26;22;15;23;32;8;24;2;36;32;22;22;22;22;22;33;12;36;23;20;17;34;3;3;3;3;3;3
5;5;5;16;5;5;38;33;33;33;33;36;33;31;32;25;22;29;29;39;14;5;29;21;15;15;15;15;10;31;13;29;33;33;21;25;35;13;25;11;11;11;9;6;6;6;6;9;7;7;7;9;19;28;28;28;26;28;25;13;12;12;12;6;13;6;6;6;12;6;6;6;6;6;6;6;6;13;29;13;25;9;33;25;12;13;32;21;24;2;32;29;10;22;21;22;22;31;13;32;13;20;20;34;3;3;3;3;3;3
5;5;5;5;5;5;39;33;33;33;33;33;33;36;17;13;29;15;20;39;14;5;29;21;15;15;15;21;25;31;15;21;32;31;31;33;29;17;26;19;19;22;8;7;6;6;6;9;7;6;7;10;19;28;28;19;19;26;22;13;6;12;13;6;6;6;6;13;6;6;6;7;6;6;6;6;6;6;25;12;22;10;33;29;15;17;32;23;24;2;39;20;17;17;21;29;22;31;32;13;5;12;12;35;2;3;3;5;3;3
16;5;12;5;5;12;38;33;33;33;33;33;36;33;32;17;24;15;12;38;5;5;29;9;15;21;21;18;32;6;26;21;32;28;26;28;31;26;11;28;25;10;9;7;6;13;6;9;9;6;7;19;19;33;28;19;28;19;18;12;6;6;6;6;6;6;13;12;6;6;6;6;6;6;6;6;6;6;29;12;22;22;26;32;12;12;13;20;24;4;36;12;12;12;12;13;29;26;31;5;5;12;5;35;3;3;3;3;3;3
5;16;5;5;12;12;38;33;33;33;33;33;33;33;36;13;17;27;13;38;5;14;29;21;15;21;21;29;26;12;32;21;15;21;31;31;26;19;19;28;19;8;7;7;6;13;6;9;9;7;9;19;28;33;28;26;28;25;23;12;6;6;6;13;20;6;6;6;12;6;6;7;7;6;6;6;7;6;32;12;19;18;22;26;13;21;25;20;16;4;36;13;12;12;5;5;25;31;29;5;12;5;5;35;3;3;3;3;3;3
16;12;5;5;16;12;38;25;33;33;33;33;33;33;33;33;13;13;13;38;5;14;29;21;21;10;25;13;25;20;13;26;21;34;29;32;28;26;19;19;18;8;6;7;9;13;9;7;10;23;10;28;28;33;19;28;28;19;6;12;6;6;13;6;6;6;13;6;6;6;6;7;6;13;13;20;6;6;25;12;19;10;22;29;29;26;19;22;12;2;36;22;13;12;12;13;28;31;30;21;5;12;5;35;3;3;3;3;3;3
12;16;5;16;16;16;38;6;36;33;33;33;33;33;33;33;31;13;12;38;5;3;22;21;22;22;32;12;7;29;20;29;26;13;27;29;19;26;19;19;8;7;7;7;9;13;9;7;10;10;19;28;33;28;28;28;28;19;13;6;7;6;13;6;6;6;6;6;6;6;6;6;6;6;6;6;6;7;29;12;19;22;19;29;31;26;22;22;12;2;36;22;20;12;12;15;31;34;5;13;13;5;5;35;3;3;3;3;3;3
16;16;16;5;5;5;39;37;29;33;33;33;36;36;33;33;33;12;12;37;12;3;29;10;21;29;12;12;13;31;12;17;26;25;21;33;28;19;19;25;8;7;7;7;8;13;6;17;8;10;28;19;33;28;33;19;26;22;6;6;7;13;13;20;6;6;6;13;6;6;6;7;6;6;7;6;7;7;27;13;25;22;11;26;31;19;22;22;12;2;36;29;27;5;12;31;31;13;12;5;17;12;5;35;3;3;3;3;3;2
16;16;5;5;16;16;39;27;24;36;36;33;33;33;33;33;33;25;12;38;5;3;25;22;21;32;13;13;13;25;13;12;29;31;31;19;28;19;19;18;9;7;6;7;23;6;6;17;10;10;28;28;36;19;28;19;11;23;13;7;6;13;6;7;6;13;6;6;6;6;6;7;6;7;7;6;6;29;20;13;19;22;22;29;33;22;26;22;12;4;36;12;5;5;12;33;27;21;12;12;15;5;5;35;14;3;3;3;3;3
16;5;12;5;5;5;39;20;24;32;36;33;33;33;33;33;31;33;29;38;5;14;22;10;32;13;13;13;12;15;26;34;12;13;33;28;19;19;33;9;9;7;7;7;9;13;6;9;10;11;28;33;33;19;28;26;22;17;13;7;6;6;6;7;6;6;6;12;7;6;7;6;7;7;6;6;6;26;27;20;25;18;18;28;28;31;21;22;5;3;36;5;5;5;17;31;12;12;5;13;13;12;5;35;3;3;3;3;3;3
12;16;5;12;16;16;39;36;32;24;32;33;33;33;33;33;31;31;33;38;5;3;22;22;32;12;13;13;13;13;36;15;12;25;33;28;26;33;27;23;8;7;7;15;8;7;17;18;10;26;28;33;19;33;19;28;19;7;6;8;6;6;6;7;6;13;13;6;6;7;6;6;6;7;6;18;25;32;13;20;29;18;25;28;31;13;13;21;16;14;37;5;12;12;33;12;12;12;12;27;12;12;5;35;3;3;3;3;3;3
16;5;5;16;16;5;38;39;36;24;12;33;36;33;31;33;31;31;33;37;3;14;29;18;29;13;13;13;12;29;17;26;13;33;33;19;28;33;21;8;7;17;7;9;9;6;6;11;18;19;28;33;28;33;19;19;22;6;6;10;6;6;6;7;6;6;6;7;6;7;7;6;6;7;7;22;10;32;20;20;25;25;28;31;17;13;12;13;5;14;35;5;5;32;31;5;5;12;15;12;12;5;5;35;3;3;3;3;3;3
12;5;16;5;12;5;37;20;36;32;24;12;33;33;33;33;33;31;31;38;5;14;25;21;32;13;13;13;13;29;29;26;12;33;33;26;28;27;26;7;7;6;7;7;7;7;20;10;11;28;33;25;33;28;28;22;9;6;6;10;13;6;6;8;6;6;6;6;6;6;21;25;6;26;22;22;11;22;15;17;33;31;26;22;13;13;13;12;5;14;34;15;32;31;29;15;15;17;5;5;12;12;5;35;3;3;3;3;3;3
5;5;5;5;12;5;39;15;23;33;30;12;24;33;33;33;33;33;33;38;5;14;29;10;21;34;34;17;15;29;34;18;10;39;28;28;31;12;21;7;6;6;6;9;17;6;6;10;19;28;33;19;33;19;19;22;8;13;6;10;13;6;7;8;6;6;7;6;6;18;26;15;23;26;22;19;21;22;12;17;33;28;31;15;12;13;13;12;5;14;37;13;36;29;5;13;12;12;12;12;20;12;5;35;3;3;3;3;3;3
5;5;12;16;16;5;38;36;32;36;36;29;13;29;36;33;33;33;31;38;5;3;22;22;21;31;15;34;35;34;36;29;31;36;28;28;20;12;21;7;6;6;6;7;6;6;6;19;26;33;19;28;28;19;11;26;7;13;6;23;6;6;7;7;7;6;7;6;6;13;29;15;15;32;18;31;22;22;25;33;28;25;25;21;15;12;13;12;5;14;34;33;29;12;12;12;5;12;5;12;13;12;5;30;14;3;3;3;3;3
12;16;12;16;12;16;38;20;36;13;36;33;21;15;31;36;33;33;31;38;5;3;22;21;22;32;17;21;34;29;32;17;21;33;28;31;13;13;22;9;20;6;6;20;6;13;6;19;28;28;19;33;19;19;22;25;17;13;7;15;6;6;7;7;7;7;7;6;17;6;29;21;15;21;6;29;26;26;26;31;26;10;25;27;15;12;13;27;2;14;38;31;12;12;12;5;12;12;12;13;13;5;5;35;14;3;3;3;3;3
16;5;5;12;16;5;38;13;6;32;13;33;36;20;13;36;33;31;31;38;5;14;25;18;21;21;13;13;15;17;13;15;15;33;26;29;13;13;18;7;20;6;20;7;6;6;6;28;26;19;28;28;19;28;19;10;7;13;9;7;6;6;7;7;7;7;7;15;21;21;21;15;21;15;17;20;27;33;28;31;23;18;25;15;13;13;13;15;3;14;39;13;12;5;13;13;30;15;12;5;13;13;12;35;14;3;3;3;3;3
5;5;5;16;12;5;37;13;17;36;32;20;31;36;13;17;33;33;31;38;5;5;25;18;21;10;29;17;15;17;13;15;21;33;28;32;13;13;22;9;13;6;6;7;6;13;9;19;28;19;33;28;19;26;28;9;7;6;9;13;6;7;7;7;7;7;6;32;21;15;15;15;21;21;34;12;31;26;26;18;22;18;25;15;27;13;21;13;3;14;38;12;12;12;24;13;3;12;13;5;13;13;12;30;5;3;3;3;3;3
16;16;16;16;16;5;38;17;15;17;36;32;17;36;36;20;23;33;31;36;5;5;22;10;22;11;33;21;17;15;17;15;21;33;28;36;15;13;18;7;13;6;6;6;6;12;25;28;19;28;33;19;28;18;18;23;7;12;10;13;6;7;7;6;7;8;15;32;29;34;21;15;27;27;32;25;28;28;21;15;25;25;23;29;21;13;27;13;14;14;32;13;13;21;17;35;5;12;30;5;12;20;12;30;3;3;3;3;3;3
16;12;12;16;12;5;37;27;21;17;17;36;36;13;32;36;25;33;31;36;5;3;22;21;26;22;31;31;13;13;15;13;21;28;28;28;28;13;29;7;6;6;13;7;6;12;28;19;28;33;28;26;19;19;13;18;9;13;18;12;6;7;7;7;7;7;17;23;7;23;21;15;21;27;36;33;26;22;21;15;15;7;21;21;29;12;15;31;2;16;32;12;30;3;12;5;5;24;30;12;12;13;5;30;14;3;3;3;3;3
5;5;5;5;5;5;37;17;21;21;15;20;20;36;20;12;34;28;22;37;5;3;25;22;26;22;33;28;33;32;13;13;17;28;33;22;29;31;26;9;6;6;13;6;13;19;28;28;28;28;19;19;11;26;6;18;7;13;22;12;7;7;7;6;7;7;6;9;7;17;17;6;6;26;28;10;21;25;22;21;8;7;15;21;17;26;31;32;2;16;34;20;12;13;13;12;12;13;13;13;13;13;5;30;3;3;3;3;3;2
16;5;5;5;16;14;38;17;15;15;30;13;12;29;36;21;13;33;22;34;5;14;22;31;22;22;33;28;31;33;29;12;12;36;33;22;29;32;31;9;13;24;13;13;6;28;19;19;28;28;19;26;22;6;12;18;9;13;18;12;7;7;7;7;7;21;18;9;7;7;7;7;25;31;26;31;10;22;22;21;15;7;21;22;33;31;21;13;3;5;30;12;13;13;34;13;12;27;13;15;13;13;5;30;3;3;3;3;3;3
16;16;16;5;16;14;36;30;17;20;13;13;13;13;29;33;21;33;32;34;5;3;22;33;22;22;33;28;31;31;31;32;12;36;33;28;10;22;25;8;6;6;6;13;9;31;19;28;28;19;19;22;26;12;13;9;7;13;10;12;7;7;7;7;6;21;21;32;18;25;10;19;33;26;22;33;32;21;22;15;21;15;29;31;31;21;13;13;3;5;20;12;12;27;34;34;27;12;13;13;13;12;5;30;3;3;3;3;3;3
16;5;5;5;5;14;36;13;13;13;13;13;12;13;13;27;33;36;32;29;5;5;21;36;26;22;31;28;33;28;31;31;32;25;33;33;19;26;26;8;13;6;12;12;31;28;28;28;19;19;28;11;23;13;12;7;7;13;11;13;7;6;7;6;6;21;29;22;29;32;31;26;26;22;26;31;22;21;8;15;21;7;29;29;17;17;13;27;3;16;17;12;15;21;29;15;15;12;27;13;12;12;5;24;3;3;3;3;2;3
5;5;16;5;12;5;38;13;13;24;24;13;13;13;13;24;20;36;33;35;5;16;22;33;33;22;33;28;28;33;33;33;31;28;33;33;33;18;19;7;13;20;12;23;33;19;28;19;26;19;19;19;13;12;13;7;17;13;18;12;6;7;6;6;29;29;34;29;32;17;33;25;22;22;26;6;22;10;10;15;7;15;26;13;17;27;27;17;4;16;20;12;13;12;32;29;13;17;13;13;12;12;12;24;3;3;3;3;3;3
5;12;5;12;5;14;38;13;13;13;13;20;24;30;13;13;12;20;34;35;12;12;22;25;27;22;33;33;33;33;28;28;33;31;33;33;33;39;36;7;6;6;6;26;28;19;28;28;19;31;11;22;13;12;6;6;7;6;10;6;7;7;22;29;27;29;29;22;29;26;26;22;10;10;21;25;31;22;15;29;36;25;22;13;13;13;15;15;3;16;27;13;13;12;12;13;13;13;5;13;13;12;5;24;3;3;3;3;3;3
5;5;5;12;16;5;38;13;13;20;13;13;24;17;24;24;13;13;13;35;5;16;26;25;8;6;31;31;33;33;33;33;33;28;31;33;28;33;33;9;12;6;26;33;19;33;26;19;26;19;19;6;6;12;12;6;17;6;9;6;8;6;17;29;29;21;21;32;22;15;21;29;29;25;21;26;31;36;21;12;36;22;25;13;12;20;13;15;4;12;27;13;12;13;13;12;17;13;13;15;13;12;5;24;3;3;3;3;3;3
12;16;5;12;5;5;36;13;17;13;12;20;13;24;13;13;13;30;24;35;5;24;19;26;17;6;29;33;31;33;33;28;33;28;33;28;28;28;33;25;13;25;28;28;19;28;26;19;28;11;7;12;12;6;6;13;9;7;6;8;8;7;7;32;29;18;31;33;36;15;21;29;25;31;26;31;36;12;12;13;31;25;25;27;13;13;13;20;4;16;27;13;13;13;13;12;13;13;20;13;13;13;5;12;3;3;3;3;3;3
12;12;5;5;5;5;36;17;17;21;17;15;17;12;13;13;13;20;24;27;5;24;22;26;23;7;23;31;33;28;33;28;33;28;28;33;28;33;33;31;13;28;28;19;33;28;19;28;19;19;12;6;12;12;13;12;9;8;13;8;9;7;23;29;36;32;33;36;21;21;15;31;31;31;21;13;17;12;13;6;31;11;25;27;13;13;7;27;4;16;29;13;13;27;17;13;13;13;12;20;13;13;5;12;3;3;2;2;3;3
5;5;16;5;12;5;38;17;13;29;21;17;17;13;17;17;17;13;13;35;5;20;22;26;23;17;15;33;28;28;31;33;33;28;28;33;28;33;28;28;26;28;19;33;28;28;19;19;19;6;6;6;12;6;12;13;23;10;12;11;8;7;29;32;25;33;33;31;21;21;21;32;13;12;13;13;13;13;13;17;31;18;22;27;13;13;7;21;2;16;27;17;13;20;13;13;13;13;13;13;13;13;5;12;3;3;3;3;3;3
5;5;16;5;16;5;36;21;21;21;21;21;13;17;17;13;15;30;12;35;5;24;11;19;23;23;17;31;31;33;33;28;33;33;33;33;31;33;31;33;28;28;19;28;19;19;19;11;22;12;6;12;6;6;13;12;23;10;6;11;9;17;7;25;33;36;33;36;32;31;21;29;20;13;17;13;13;13;13;17;25;18;26;29;13;13;13;21;2;16;27;13;13;13;13;13;13;13;12;15;15;13;5;5;3;3;3;3;3;3
16;16;16;5;16;5;38;22;21;20;15;15;13;13;13;20;13;20;12;27;5;30;11;22;29;8;17;23;29;31;33;33;28;33;33;33;28;33;28;19;28;19;28;28;33;19;19;25;20;6;6;12;6;6;6;12;10;18;6;11;6;7;28;33;33;33;33;33;23;29;21;13;13;17;13;20;13;13;13;13;26;10;22;29;7;13;17;27;1;24;27;13;13;13;13;12;13;13;12;13;15;13;12;5;3;3;3;3;3;3
16;16;12;16;5;14;36;21;17;13;13;13;13;13;17;13;12;24;24;30;5;20;11;22;18;17;17;6;32;13;32;31;31;33;33;33;33;28;28;28;19;33;26;19;28;26;22;23;6;6;13;13;6;6;12;12;10;21;7;11;6;33;33;33;33;33;25;6;9;25;32;12;15;15;13;13;13;13;13;13;26;29;29;29;15;21;17;29;4;16;23;13;13;13;13;13;13;13;13;13;12;12;12;3;3;3;3;3;3;3
16;5;5;5;16;16;37;13;20;30;17;21;13;17;17;13;13;13;13;27;5;30;22;22;23;20;6;6;13;32;13;13;33;33;33;33;33;33;19;28;19;28;19;28;28;11;9;13;13;6;6;13;6;13;12;6;19;22;8;10;31;33;28;33;33;6;6;7;8;25;13;13;13;17;20;13;20;17;13;6;25;18;11;21;20;17;13;29;2;24;17;13;13;13;13;12;13;12;13;13;12;12;12;2;5;3;3;3;3;3
5;16;5;16;12;5;37;17;17;17;13;15;13;13;13;13;13;13;13;27;5;30;10;11;23;13;7;7;6;7;32;27;13;29;33;33;33;26;33;19;33;19;28;26;19;22;13;6;6;6;6;6;13;12;6;6;19;10;10;28;33;28;33;23;6;7;9;7;8;21;15;7;13;13;17;13;13;13;13;13;26;18;22;17;20;17;7;34;2;24;20;13;13;12;13;12;12;13;12;13;12;13;13;2;3;3;3;3;3;3
5;16;5;16;5;5;34;15;17;17;20;13;13;13;13;13;13;24;12;27;5;27;10;22;23;13;17;6;6;6;9;25;13;15;17;26;33;28;11;33;26;28;26;26;22;9;6;6;13;6;13;6;12;6;6;6;11;25;33;31;28;33;6;6;7;7;7;7;18;20;15;7;13;13;17;17;13;13;13;20;22;18;22;17;13;17;17;35;2;24;20;13;12;13;13;12;12;13;12;13;13;13;24;2;3;3;3;3;3;3
16;5;5;5;12;14;37;30;17;15;17;13;17;13;13;13;13;13;13;30;5;27;18;11;23;13;17;6;7;6;13;9;32;17;17;27;19;28;19;26;19;33;26;19;22;13;6;13;13;6;13;6;12;13;6;13;25;36;28;28;36;9;6;6;17;7;6;7;32;27;30;16;20;17;7;13;17;17;20;20;18;26;11;20;12;13;13;35;2;24;17;13;13;13;12;12;13;12;12;13;13;13;20;14;3;3;3;3;3;3
5;5;16;12;5;3;34;30;21;21;21;17;13;15;13;13;13;12;29;20;5;27;10;11;23;20;17;6;6;6;13;7;17;32;17;31;28;19;28;28;33;28;22;19;8;6;6;6;6;6;6;6;12;12;13;7;33;33;33;33;9;7;7;6;6;7;7;7;29;3;5;5;5;29;7;13;17;17;27;7;18;25;10;17;13;13;13;35;2;24;13;13;12;13;12;12;12;13;13;13;13;13;30;4;3;3;3;3;3;3
16;5;16;5;5;5;37;21;29;21;21;15;13;13;13;13;13;6;31;30;5;35;10;11;18;20;7;6;7;7;6;7;15;7;22;26;19;26;19;33;26;19;11;23;13;6;20;6;13;6;6;13;6;13;32;33;33;33;33;9;7;7;7;6;20;20;20;20;14;12;12;12;5;27;17;13;13;13;13;13;22;25;10;13;13;13;13;29;2;24;21;12;12;12;12;13;12;13;12;12;12;13;30;4;3;3;3;3;3;3
16;16;5;5;5;5;34;17;27;21;29;15;17;17;17;24;13;29;26;30;5;35;10;11;23;20;7;6;20;6;17;7;17;8;19;28;19;28;28;33;28;11;22;7;6;13;13;6;12;13;6;6;13;6;33;33;33;33;25;7;8;7;7;6;20;5;5;5;3;12;5;30;5;20;27;15;13;13;13;13;22;25;10;13;13;13;13;29;2;24;27;13;12;12;13;13;13;13;13;13;13;13;20;4;3;3;3;3;3;3
5;12;16;16;16;14;29;21;29;21;21;15;17;15;13;13;12;31;19;30;5;34;11;11;29;6;7;9;6;6;7;6;18;22;28;19;19;28;28;28;28;18;6;17;6;6;6;13;6;13;13;13;18;28;28;33;32;18;22;7;9;6;20;5;3;5;3;3;12;5;5;5;12;5;24;27;15;13;17;13;29;22;8;13;17;13;13;35;2;24;21;12;12;12;13;13;12;12;13;13;13;12;30;4;3;3;3;3;2;2
5;5;5;5;16;5;29;15;21;21;21;21;17;15;13;24;12;19;25;30;5;34;11;22;22;6;6;7;6;6;6;20;9;26;28;28;19;28;28;28;19;7;17;23;6;13;13;13;13;13;13;7;33;33;33;31;6;9;22;8;9;6;17;20;5;5;5;16;12;24;24;12;12;12;13;17;17;27;12;12;25;22;10;12;13;13;12;35;2;24;17;12;12;13;13;12;13;13;13;13;12;12;27;4;3;3;3;3;3;3
12;12;5;12;12;14;34;29;27;21;21;21;15;20;13;13;23;19;25;27;5;34;10;18;18;7;7;17;20;6;20;6;19;28;28;19;33;28;28;19;18;6;6;18;6;13;6;6;6;6;25;33;33;33;36;29;7;11;11;8;7;20;30;5;5;12;12;5;5;5;5;3;3;29;15;7;29;27;15;13;22;22;10;13;12;13;13;29;2;24;12;12;12;13;13;13;13;13;13;13;12;13;27;2;3;3;3;3;3;4
16;16;16;12;16;14;34;15;13;27;21;15;13;13;13;13;31;19;22;27;5;34;10;22;18;17;7;17;6;7;6;7;28;19;19;28;33;28;28;18;20;7;6;23;20;20;7;6;13;19;33;33;31;31;32;13;8;10;11;7;7;20;5;3;5;12;20;24;3;3;14;5;12;21;29;7;15;17;21;13;22;25;10;13;13;13;13;29;2;30;12;13;12;12;13;13;12;13;12;12;12;13;27;4;3;3;3;3;2;3
16;16;5;12;5;14;34;30;17;20;13;20;15;13;15;15;31;22;18;30;5;37;11;22;18;7;8;9;7;7;20;6;28;33;11;33;28;19;19;8;15;17;7;7;23;20;6;23;36;33;33;36;34;32;32;9;8;10;11;8;7;12;3;3;5;3;3;5;24;3;5;21;15;21;15;23;7;29;36;13;25;32;9;13;12;13;13;34;2;30;12;20;16;27;13;12;13;13;13;13;12;12;27;4;3;3;3;3;2;3
5;16;12;5;5;14;34;30;17;21;17;20;13;15;15;13;29;22;22;27;5;34;11;11;22;7;8;17;9;7;17;18;28;33;28;28;19;19;22;7;7;18;10;8;29;6;7;31;33;33;36;36;29;36;17;6;18;10;11;8;7;24;5;12;3;5;5;3;12;13;34;15;15;21;7;17;13;27;17;12;26;29;9;12;13;13;13;29;2;30;24;3;3;30;12;34;27;13;13;12;13;12;30;4;3;3;3;3;2;3
5;16;16;5;16;14;27;13;13;21;21;20;24;13;15;13;21;19;22;30;5;37;11;22;22;7;7;7;9;7;6;28;28;19;33;28;11;19;11;21;9;9;10;8;23;7;31;33;33;33;36;27;31;29;12;20;10;10;10;7;9;27;13;27;20;12;5;3;5;31;32;15;21;15;15;13;13;15;21;12;26;25;8;13;13;13;13;34;2;35;2;5;3;5;20;5;2;34;12;12;12;13;30;4;3;3;3;2;2;2
5;16;5;5;5;14;30;24;13;20;13;13;13;13;13;13;7;19;22;30;5;37;11;22;25;6;7;9;7;9;9;33;26;28;28;19;25;9;11;10;10;8;15;7;18;31;33;28;33;33;12;6;6;13;6;20;10;11;9;8;9;17;9;7;15;20;5;5;32;31;32;32;29;15;15;32;13;17;13;12;25;26;8;13;12;12;13;34;2;30;3;3;3;3;3;14;3;27;12;12;13;12;27;4;3;3;3;3;2;3
16;16;16;5;16;3;27;13;24;13;13;13;13;13;15;13;15;31;22;30;5;37;10;22;22;9;8;9;7;6;25;28;28;28;19;19;9;6;23;22;22;10;10;9;26;36;28;28;31;6;7;13;13;6;6;9;9;19;8;7;9;7;7;7;7;33;32;31;33;27;29;13;17;29;21;29;21;13;13;13;32;22;8;13;13;13;12;34;3;30;4;24;3;5;5;3;5;13;12;13;13;5;35;4;3;3;3;3;3;3
5;16;16;16;16;14;27;24;24;13;13;13;13;15;13;15;15;21;25;30;5;36;11;22;25;7;7;8;9;10;26;26;28;19;26;7;7;10;7;10;11;11;22;19;33;28;33;31;6;9;7;6;6;6;6;7;10;11;8;7;27;12;24;20;17;31;26;21;21;29;32;29;12;13;12;12;13;12;12;12;26;18;10;15;12;12;12;34;2;35;14;12;5;5;5;24;27;12;12;12;13;12;30;2;3;3;3;3;3;3
16;16;5;5;12;5;27;12;13;13;13;13;13;15;13;15;13;7;32;30;5;36;11;18;22;17;8;9;9;25;26;28;19;19;26;20;6;19;10;7;9;19;11;33;33;28;33;23;6;7;9;6;13;13;6;7;10;11;8;20;12;5;3;3;20;32;15;13;21;22;32;31;13;12;12;13;12;13;12;12;32;18;8;15;12;13;13;37;3;35;2;12;12;12;5;3;27;13;12;12;12;12;27;2;3;3;3;3;3;3
16;12;5;5;16;5;27;12;13;13;17;13;13;15;13;13;15;15;27;30;5;37;11;18;22;8;18;18;18;28;26;28;19;31;22;8;20;10;22;9;7;26;33;33;33;33;31;12;6;7;8;6;6;6;17;7;22;10;7;12;3;12;3;3;3;5;21;13;13;32;32;34;13;12;12;12;13;12;12;13;25;22;8;15;21;30;12;34;3;35;14;2;5;24;14;12;15;13;12;12;12;13;35;2;3;3;3;3;3;3
5;5;16;16;5;16;20;15;13;15;15;15;13;15;13;15;13;15;17;30;5;36;18;11;18;9;18;10;25;26;26;28;36;18;8;10;17;9;11;22;18;26;33;33;33;33;17;7;17;9;9;17;7;17;7;7;22;10;29;5;12;5;3;20;3;3;27;13;13;31;15;32;12;12;12;12;12;13;12;12;25;22;8;21;12;13;12;34;2;37;3;3;3;24;12;27;12;13;13;13;12;13;34;2;3;3;3;3;3;3
5;5;5;16;16;14;15;13;13;15;13;15;15;13;15;13;15;15;15;30;5;36;18;18;22;23;10;18;28;28;19;26;25;7;15;10;17;7;8;18;18;33;33;36;36;9;7;8;9;8;9;9;7;8;7;9;11;8;29;3;30;5;5;5;30;3;27;13;21;32;15;21;13;12;12;12;12;12;13;12;25;29;27;20;12;12;12;35;3;37;20;24;13;34;13;13;13;12;13;13;12;12;34;2;5;3;3;3;2;3
12;5;5;12;5;14;15;13;12;13;15;13;13;15;15;15;15;15;17;30;5;36;18;10;11;9;18;11;33;33;26;33;25;7;23;21;15;17;17;17;22;33;33;36;31;9;29;21;26;23;22;22;25;22;7;9;11;8;27;3;12;12;5;5;30;5;21;13;31;7;29;21;13;13;13;12;13;12;13;12;25;27;27;20;12;12;5;34;3;37;5;5;12;5;12;13;13;13;13;12;12;12;35;2;3;3;3;3;3;3
16;5;5;16;5;14;17;13;17;15;13;17;17;21;17;15;15;35;30;30;14;37;24;18;22;18;18;11;33;33;33;33;7;9;33;31;15;23;7;36;36;36;33;36;25;10;15;15;15;31;29;21;15;18;23;19;10;8;17;17;5;3;12;30;12;29;31;31;13;13;22;21;13;12;12;12;13;12;13;13;32;27;13;12;12;30;12;34;3;37;12;12;5;12;12;13;12;13;13;12;12;12;34;2;3;3;3;3;3;3
5;5;16;12;16;14;13;17;17;13;15;29;13;30;29;13;15;35;12;30;5;37;5;24;32;32;23;18;28;28;36;36;6;9;33;33;33;31;25;33;33;36;25;36;18;31;13;21;21;18;21;8;15;22;17;11;8;9;8;7;23;12;5;2;13;31;7;21;12;12;15;31;32;32;29;26;32;12;13;13;32;27;12;12;13;24;30;37;3;38;12;34;12;12;12;12;13;13;12;13;12;12;34;3;3;3;3;3;2;3
5;5;5;5;12;14;15;13;15;15;29;20;12;24;29;17;13;5;16;30;3;37;12;12;27;31;8;19;33;36;33;36;18;25;36;31;31;31;36;33;33;39;29;36;31;29;21;22;21;21;21;21;21;21;22;19;9;7;7;7;7;7;8;7;7;29;13;13;21;12;21;31;32;32;26;29;32;12;12;12;22;32;12;13;12;20;12;37;3;37;5;27;5;12;12;13;12;12;12;12;12;12;34;2;3;3;3;3;3;3
5;5;5;5;5;5;15;15;15;15;17;27;13;17;35;30;27;16;5;30;5;37;24;30;27;29;9;19;28;39;36;33;33;31;31;26;31;28;33;33;33;36;29;36;21;22;22;21;22;22;21;18;32;8;22;22;8;7;7;7;9;8;8;8;8;32;13;12;13;15;29;31;32;32;25;29;13;12;12;12;22;18;34;12;27;5;5;37;2;38;12;12;12;12;12;12;12;12;13;12;12;12;34;2;3;3;3;3;3;3
legende 
--------- 
dimensions : (180, 110) 
                   R                    G                    B               number                count 
                 253                  245                  243                    1                    3 
                 250                  233                  212                    2                  186 
                 248                  219                  200                    3                 1466 
                 238                  227                  227                    4                   63 
                 233                  200                  174                    5                 2186 
                 233                  130                   96                    6                  920 
                 228                  119                   75                    7                  598 
                 226                  103                   57                    8                  238 
                 226                   92                   65                    9                  214 
                 224                   84                   44                   10                  228 
                 224                   66                   30                   11                  153 
                 223                  175                  145                   12                 1378 
                 220                  148                  105                   13                 1466 
                 219                  206                  201                   14                  174 
                 208                  110                   51                   15                  653 
                 204                  189                  185                   16                  427 
                 202                  117                   75                   17                  465 
                 202                   80                   44                   18                  342 
                 202                   50                   22                   19                  448 
                 200                  128                   97                   20                  349 
                 199                  100                   32                   21                  512 
                 198                   70                   28                   22                  670 
                 197                   88                   63                   23                  228 
                 189                  155                  134                   24                  185 
                 177                   53                   34                   25                  469 
                 175                   42                   14                   26                  667 
                 174                  103                   74                   27                  330 
                 174                   20                    4                   28                  603 
                 169                   76                   47                   29                  589 
                 161                  126                  112                   30                  143 
                 142                   38                   15                   31                  736 
                 140                   53                   34                   32                  439 
                 137                   17                    6                   33                  839 
                 119                   65                   48                   34                  181 
                 117                   85                   79                   35                  105 
                  93                   22                   13                   36                  756 
                  85                   53                   48                   37                  153 
                  43                   30                   32                   38                   82 
                  42                    8                    5                   39                  156 
