1;1;1;1;1;1;1;1;1;1;1;1;1;1;1;1;1;1;1;1;1;1;1;1;1;1;1;1;1;1;1;1;1;1;1;1;1;1;1;1;1;1;1;1;1;1;1;1;1;1;1;1;1;1;1;1;1;1;1;1;1;1;1;1;1;1;1;1;1;1;1;1;1;1;1;1;1;1;1;1;1;1;1;1;1;1;1;1;1;1;1;1;1;1;1;1;1;1;1;1;1;1;1;1;1;1;1;1;1;1
2;2;2;2;2;2;2;2;2;2;2;2;2;2;2;2;2;2;2;2;2;2;2;2;2;2;2;2;2;2;2;2;2;2;2;2;2;2;2;2;2;2;2;2;2;2;2;2;2;2;2;2;2;2;2;2;2;2;2;2;2;2;2;2;2;2;2;2;2;2;2;2;2;2;2;2;2;2;2;2;2;2;2;2;2;2;2;2;2;2;2;2;2;2;2;2;2;2;2;2;2;2;2;2;2;2;2;2;2;2
2;2;2;2;2;2;2;2;2;2;2;2;2;2;2;2;2;2;2;2;2;2;2;2;2;2;2;2;2;2;2;2;2;2;2;2;2;2;2;2;2;2;2;2;2;2;2;2;2;2;2;2;2;2;2;2;2;2;2;2;2;2;2;2;2;2;2;2;2;2;2;2;2;2;2;2;2;2;2;2;2;2;2;2;2;2;2;2;2;2;2;2;2;2;2;2;2;2;2;2;2;2;2;2;2;2;2;2;2;2
1;38;39;39;39;39;37;39;39;39;39;37;39;37;39;39;38;37;39;39;37;38;38;37;38;39;38;39;38;38;38;39;38;38;38;38;35;38;38;38;38;38;38;38;38;38;38;17;5;2;3;3;2;2;5;2;2;2;2;2;2;2;25;35;33;33;33;38;38;38;38;37;38;38;38;38;39;37;39;37;37;39;39;39;39;37;40;37;40;37;40;40;37;40;40;40;39;40;39;39;37;37;40;39;40;40;40;40;36;1
1;40;40;40;40;40;40;40;40;40;40;39;40;40;40;40;40;40;40;39;39;37;37;37;37;37;37;37;40;40;40;40;37;37;40;37;37;37;37;37;37;37;37;37;39;37;39;36;4;5;5;5;5;5;5;5;5;5;5;5;5;5;38;37;37;37;37;37;37;37;37;37;37;37;37;37;32;33;37;35;37;37;37;32;38;38;37;35;32;35;37;38;37;37;37;37;37;38;35;36;35;35;37;37;37;37;37;40;40;1
1;40;39;36;30;38;37;35;36;28;32;28;21;35;37;35;36;37;38;35;21;33;30;30;35;33;21;33;37;30;32;37;33;32;37;37;33;33;33;35;33;33;34;37;40;37;37;17;4;15;15;15;17;17;17;25;17;17;17;15;15;4;36;39;39;40;39;37;33;32;34;33;29;33;33;33;37;30;35;30;21;30;35;28;30;28;33;24;28;21;30;33;33;28;35;33;33;14;25;28;31;14;30;38;35;28;28;37;40;1
1;40;37;37;33;24;28;35;30;37;35;33;28;30;37;30;35;33;35;28;21;33;32;33;32;35;21;33;30;28;28;28;35;30;32;33;30;35;37;40;37;28;13;25;36;36;36;36;36;36;36;36;31;36;36;36;36;31;31;31;31;36;36;36;36;36;31;25;38;40;40;37;33;33;33;30;28;33;30;21;14;30;30;14;28;30;30;30;30;25;25;36;35;30;28;28;35;30;36;36;30;21;28;28;25;33;33;37;39;1
1;40;38;28;38;32;30;33;37;37;32;37;37;33;37;33;33;36;33;28;30;30;26;26;33;36;28;28;35;36;18;30;37;30;33;33;39;39;38;31;31;36;36;36;36;36;36;36;31;36;36;31;36;36;31;31;31;31;36;31;36;36;36;36;36;36;36;36;31;31;21;35;39;37;33;28;30;36;35;13;14;30;28;21;28;33;30;33;30;28;14;35;36;36;30;35;35;32;33;30;33;28;35;14;30;30;21;37;37;1
1;40;40;28;30;32;38;40;37;37;38;40;39;37;37;37;30;33;33;35;28;30;30;35;35;30;28;21;35;33;30;38;35;36;37;37;28;31;31;36;36;36;36;36;36;36;36;36;36;39;38;36;36;36;36;36;36;36;36;38;36;36;36;36;36;36;36;36;36;36;36;31;31;35;40;37;28;28;37;36;31;28;21;13;30;35;18;30;30;31;28;30;30;30;33;33;30;30;33;30;30;33;30;33;35;21;25;40;40;1
1;40;40;33;33;33;37;37;37;37;37;40;37;37;40;37;37;37;33;35;33;30;30;28;18;28;32;30;30;30;33;37;40;38;31;36;36;36;36;36;36;36;36;38;38;38;38;39;39;38;38;39;39;40;39;40;39;39;38;38;38;39;38;39;38;39;38;36;36;36;36;36;36;36;31;31;38;37;35;35;28;18;28;36;21;25;21;28;28;35;30;33;30;30;33;33;33;33;33;33;30;33;36;30;35;35;30;40;37;1
1;40;37;35;28;37;37;37;37;40;32;37;37;40;40;40;37;33;32;33;30;30;18;14;31;25;30;30;30;37;39;31;31;36;36;36;36;36;36;36;36;36;39;38;39;39;39;39;39;35;39;40;39;39;39;39;39;39;39;39;39;39;40;39;39;39;39;38;36;36;38;36;36;38;38;36;31;31;28;39;30;18;28;28;25;31;14;25;28;21;30;33;30;30;30;38;35;37;33;37;33;30;33;35;33;21;36;37;37;1
1;40;39;38;30;37;37;37;37;37;40;40;37;37;37;40;37;32;37;33;30;28;28;28;33;33;38;40;39;31;36;36;38;36;36;36;38;38;39;40;40;40;40;38;38;39;39;39;38;39;40;40;36;36;38;36;36;40;37;40;38;38;39;37;37;38;39;40;40;39;40;39;38;36;36;35;38;36;36;31;36;37;35;36;30;28;28;28;28;21;35;28;33;33;37;37;37;40;37;40;37;33;37;37;35;30;28;40;40;1
1;40;38;35;32;37;33;32;37;37;37;40;40;40;40;37;37;38;33;33;30;28;35;30;30;35;40;35;36;36;38;36;36;38;36;38;39;40;40;40;40;40;40;39;38;38;39;39;38;40;37;38;37;18;35;31;35;37;36;39;37;38;40;39;38;39;39;40;40;40;40;40;40;39;36;38;36;36;36;36;31;31;37;37;24;24;28;28;13;30;35;21;30;35;35;40;37;40;37;37;37;37;33;33;33;35;28;40;40;1
1;40;38;21;30;38;35;38;32;37;40;40;40;40;37;32;33;33;13;30;33;30;35;28;35;40;36;28;36;36;36;36;38;39;38;39;40;40;39;38;36;38;37;40;39;38;39;39;37;39;35;31;40;35;38;35;37;30;31;35;37;35;39;38;39;40;40;40;36;35;40;40;40;39;39;38;38;36;36;36;36;36;25;35;37;28;28;28;21;35;28;25;33;32;30;37;37;37;37;37;37;30;30;35;38;31;18;40;37;1
1;40;37;33;28;37;35;32;33;40;40;40;37;37;37;32;37;33;35;30;33;30;35;40;38;31;38;36;38;38;39;39;39;39;40;39;38;28;28;39;36;37;38;36;37;40;38;35;39;39;40;37;39;39;35;35;37;39;40;39;40;39;38;40;40;37;37;40;37;37;37;37;37;40;40;37;37;39;36;38;36;36;36;36;25;37;35;21;21;32;21;28;33;37;37;37;37;37;37;32;38;30;35;35;33;21;35;40;37;1
1;40;37;33;33;33;32;32;38;37;40;37;40;40;37;37;32;37;33;32;33;35;40;36;36;36;38;38;38;39;38;38;39;39;40;40;40;38;36;37;39;37;38;35;40;39;38;36;39;35;28;37;38;38;37;37;35;37;38;31;40;40;40;40;40;37;40;37;40;37;37;40;40;37;40;40;40;37;38;38;39;36;38;36;38;31;37;37;31;33;30;30;30;37;33;32;37;37;40;37;38;35;35;33;35;28;36;39;39;1
1;40;37;33;33;35;37;37;32;37;37;37;37;37;37;32;37;37;32;33;33;40;31;36;36;38;36;39;39;39;39;40;39;38;40;39;39;40;38;40;35;39;38;37;35;38;39;35;37;35;36;38;37;39;40;40;40;38;39;40;40;40;37;37;38;37;40;40;37;40;40;37;40;35;39;40;39;40;40;37;37;38;38;36;38;38;31;36;39;28;33;30;33;35;30;37;40;33;37;32;33;33;35;35;28;28;28;37;39;1
1;40;39;24;28;21;33;37;35;38;37;37;37;37;37;38;32;33;37;37;37;31;36;36;38;38;38;38;38;38;38;38;39;38;39;39;36;38;37;39;39;38;37;37;35;39;40;36;38;40;40;40;40;40;38;40;40;40;40;37;37;37;37;40;40;40;40;38;37;39;37;40;36;35;39;40;39;37;38;37;40;37;37;38;38;38;36;36;31;37;30;35;33;33;30;35;33;32;33;33;30;30;33;30;28;31;30;40;39;1
1;40;37;35;33;35;32;38;38;38;35;40;33;38;33;38;33;33;40;38;36;36;38;38;38;39;40;40;40;39;38;38;39;38;40;40;40;40;37;40;40;40;40;37;40;40;40;39;40;40;40;40;40;40;40;40;40;37;37;37;40;40;37;40;37;37;39;40;37;40;37;37;37;40;39;39;37;39;38;39;40;37;40;39;39;39;38;36;35;25;40;38;28;32;33;30;35;33;33;35;35;33;30;30;30;28;35;37;39;1
1;40;32;28;30;38;35;28;35;37;37;39;32;32;33;33;32;40;35;31;36;36;36;39;40;40;40;40;40;40;39;38;38;38;40;36;35;40;40;37;37;37;37;37;37;37;37;37;37;37;37;40;40;40;37;40;37;40;40;40;37;40;37;40;36;35;39;35;28;38;39;38;37;36;38;39;35;38;40;39;39;40;40;40;40;40;38;36;38;36;31;37;35;33;28;33;30;33;30;35;33;33;31;28;35;18;28;37;37;1
1;40;37;35;21;35;30;21;28;37;37;37;32;32;33;35;37;31;36;36;36;36;39;40;40;39;31;39;38;36;40;40;40;40;40;40;40;37;37;37;34;34;37;37;40;40;40;40;40;37;37;37;37;40;40;37;37;40;40;37;40;40;38;39;37;40;40;31;31;35;39;39;37;39;40;37;38;39;39;38;31;40;37;40;37;40;40;38;36;36;36;31;39;30;28;33;33;38;30;30;30;35;21;21;28;14;28;37;37;1
1;40;38;30;14;30;35;28;30;30;36;28;36;30;30;37;37;36;36;36;38;38;40;40;38;40;36;37;38;38;40;40;40;40;37;37;37;34;37;37;37;37;37;40;40;40;37;40;40;37;40;37;40;37;40;37;40;37;40;40;39;39;37;38;37;38;37;38;36;39;39;37;40;40;40;38;39;37;38;39;36;39;30;37;37;40;40;38;38;38;36;36;31;37;30;30;35;28;28;28;36;33;21;31;30;14;28;37;38;1
1;40;39;28;30;30;30;30;37;28;18;37;28;33;40;36;36;38;38;38;39;36;39;39;31;35;39;35;40;39;37;37;37;34;37;37;34;34;37;40;37;40;40;37;37;37;37;37;37;37;37;37;35;36;36;36;36;36;36;36;38;38;40;38;38;39;40;40;37;37;37;37;37;37;37;37;37;37;37;37;37;40;40;40;37;40;40;39;38;39;36;38;36;25;37;33;30;21;35;21;14;30;28;28;30;30;30;37;33;1
1;40;37;30;35;28;35;37;30;28;30;30;33;39;39;36;38;36;38;39;39;38;39;37;39;38;38;40;40;37;40;40;37;37;34;37;37;37;37;40;37;38;37;37;37;37;37;37;37;37;31;25;17;17;17;17;17;17;17;31;31;31;36;36;40;37;37;37;37;37;37;37;37;37;40;37;40;37;37;33;37;37;40;40;37;37;40;40;38;39;39;38;36;36;25;37;33;30;28;30;30;28;30;30;30;30;30;40;37;1
1;40;37;30;28;28;28;30;33;30;28;33;38;40;31;36;36;39;39;39;37;38;37;28;35;39;37;40;37;37;37;37;37;37;37;33;32;37;37;33;32;37;40;37;34;37;37;37;33;17;15;15;15;15;5;5;5;15;15;15;15;17;38;37;37;37;37;37;34;37;40;37;37;38;38;39;39;35;39;39;39;40;37;37;37;40;37;40;39;38;39;38;36;36;31;35;37;24;28;30;24;21;28;28;30;28;28;37;38;1
1;40;37;28;22;30;28;28;30;28;28;33;37;31;36;36;36;39;39;39;38;38;37;39;37;37;40;40;37;37;37;37;37;37;33;33;33;34;33;26;26;26;32;37;34;37;37;31;15;15;4;4;15;15;4;4;4;15;4;4;35;37;34;34;37;34;37;37;37;35;36;38;38;38;39;38;40;39;37;33;36;37;37;37;37;37;37;37;37;39;39;39;39;36;38;31;36;30;30;28;30;18;25;21;18;28;21;39;38;1
1;40;37;28;28;28;30;28;28;16;33;37;38;36;36;36;39;39;39;38;38;38;39;38;38;40;40;37;37;37;37;37;37;32;26;26;24;33;30;19;24;26;32;33;37;37;28;25;21;36;28;33;37;38;38;36;36;36;38;38;34;37;34;34;34;37;37;35;4;17;31;36;36;38;38;37;40;40;40;40;40;37;37;37;37;37;37;40;37;40;39;39;38;36;38;36;25;38;35;28;30;31;18;31;21;30;21;37;38;1
1;37;38;28;24;28;35;21;28;30;37;28;36;36;36;38;36;38;38;38;35;38;38;40;37;37;37;37;34;34;37;37;37;33;32;33;24;26;19;19;22;33;32;34;24;35;25;13;14;13;13;13;35;28;14;13;30;37;34;34;37;34;34;34;37;37;28;17;5;5;5;5;25;37;40;40;37;40;40;37;39;40;37;37;37;37;37;37;37;34;37;40;39;38;36;36;36;25;37;28;24;14;14;31;28;25;25;37;38;1
1;40;38;30;30;36;30;35;30;36;40;36;38;38;36;39;40;39;40;39;38;37;37;33;40;37;37;37;37;37;34;37;37;37;30;33;33;32;32;24;19;23;27;26;24;33;31;13;13;13;13;13;14;33;38;37;37;34;37;37;34;34;37;37;37;6;13;25;36;25;25;38;37;37;37;40;35;38;40;37;34;34;37;34;34;37;37;37;37;37;37;37;37;40;39;36;36;31;38;35;24;14;28;36;28;31;21;40;38;1
1;39;37;28;21;25;38;31;35;40;36;36;36;36;39;40;40;39;38;37;34;26;34;33;40;37;37;37;37;34;37;37;37;33;37;30;37;37;32;24;24;19;23;26;24;33;25;25;30;30;28;25;21;37;37;34;34;37;34;34;34;37;37;37;7;13;13;13;25;38;37;37;37;40;37;35;37;37;37;34;37;34;37;37;37;34;37;37;40;40;37;37;40;40;39;38;36;36;25;37;28;21;14;36;31;25;25;37;38;1
1;40;38;28;28;28;36;30;30;35;36;38;36;39;39;39;36;39;35;37;34;29;26;30;40;37;37;37;32;37;21;37;37;37;33;30;37;37;34;24;24;23;19;19;30;37;13;21;28;28;33;37;37;37;34;34;34;34;34;37;40;37;37;25;13;14;21;30;37;37;34;32;37;40;40;37;37;33;30;35;38;38;33;37;37;37;37;34;37;37;35;37;37;34;37;40;39;36;36;21;38;28;28;21;21;14;25;37;38;1
1;40;37;31;28;18;28;36;37;36;38;36;38;39;40;37;40;37;40;36;37;34;29;37;37;37;37;30;25;30;37;40;37;37;33;26;32;32;30;24;19;22;19;19;26;30;40;37;40;34;37;37;34;34;37;32;34;37;34;34;37;38;13;13;36;37;40;37;37;36;37;40;37;37;40;36;15;4;15;17;36;38;39;37;37;37;40;37;34;34;40;37;32;37;34;37;37;31;36;36;33;28;21;14;21;18;18;37;35;1
1;37;38;31;21;21;30;35;37;36;38;39;38;40;39;36;35;37;37;38;37;34;33;33;34;37;32;37;37;30;37;37;32;34;37;26;26;26;19;23;23;19;30;23;19;24;30;37;37;37;37;37;34;37;37;37;37;37;37;40;25;13;13;13;35;37;34;34;28;37;37;40;36;13;37;37;36;17;17;38;38;40;37;37;40;35;40;35;40;37;34;37;37;37;34;37;40;38;36;36;25;38;18;28;24;28;28;37;35;1
1;40;38;21;21;28;36;39;31;38;36;40;38;40;40;37;39;37;33;26;32;34;34;32;34;37;28;33;18;37;37;34;32;34;37;34;26;26;23;26;30;19;30;30;22;16;19;33;37;37;37;37;37;37;40;37;40;37;28;25;6;13;21;37;37;37;33;33;37;37;33;14;13;13;21;40;35;28;28;38;40;37;40;38;39;36;40;39;37;37;37;37;40;37;37;37;40;39;38;36;31;37;18;30;30;18;21;40;35;1
1;40;38;28;28;30;35;38;36;36;38;39;38;40;38;35;37;35;33;24;26;29;32;33;37;32;21;37;34;40;37;37;37;37;37;37;32;27;26;26;23;26;30;30;22;24;24;30;33;40;34;35;38;37;37;28;7;14;21;21;28;35;40;37;37;33;33;37;37;35;13;13;13;13;13;21;37;40;37;37;40;35;36;37;38;38;38;38;37;21;37;37;37;37;37;37;37;38;39;36;36;31;35;30;30;28;21;40;38;1
1;40;38;31;16;30;40;36;36;38;39;39;40;39;40;40;37;37;35;38;37;37;33;35;26;33;37;33;32;37;37;33;34;37;37;37;34;34;32;27;30;26;32;16;18;18;21;18;18;14;14;14;13;14;18;34;37;34;37;37;34;37;40;40;37;37;37;25;13;13;13;14;14;14;25;14;13;13;13;13;38;37;36;15;36;36;37;37;40;38;40;37;37;37;37;37;34;39;38;38;36;31;37;30;18;21;25;39;38;1
1;40;38;28;30;35;38;36;38;39;39;39;39;38;40;39;35;33;28;33;37;32;35;36;30;40;37;32;37;40;33;33;37;40;40;37;37;34;34;33;27;22;24;18;16;16;8;18;8;14;14;13;14;14;14;37;34;34;34;37;40;37;37;40;33;14;13;21;38;37;37;32;37;37;37;32;33;32;37;37;37;40;35;28;15;31;35;37;30;40;39;37;37;37;40;40;37;37;39;38;36;36;31;33;28;25;13;40;35;1
1;40;37;28;30;38;31;38;38;39;39;39;39;39;38;37;40;25;28;38;37;33;36;38;37;35;37;35;33;37;30;26;40;37;40;37;37;37;37;27;19;24;24;24;18;24;18;21;8;14;14;13;14;14;14;32;37;37;37;37;37;34;30;30;30;33;32;37;32;32;29;32;34;34;34;32;32;29;32;32;32;37;37;37;37;37;38;37;39;37;38;35;37;37;40;37;37;37;38;39;38;36;25;37;28;14;13;40;38;1
1;39;37;28;33;37;36;38;36;39;38;38;39;38;38;38;38;37;35;36;39;37;38;35;37;30;37;30;13;36;37;40;37;37;40;37;37;37;37;37;30;24;24;9;24;18;18;21;8;14;7;13;14;14;14;28;32;40;37;37;32;37;37;32;32;32;32;32;34;32;34;34;34;34;32;32;37;32;37;34;32;26;34;37;33;38;37;33;37;40;37;40;37;37;37;38;37;37;39;38;39;36;36;35;35;25;25;37;35;1
1;40;37;28;33;35;38;38;38;40;40;40;39;40;40;39;39;39;38;39;40;40;40;40;37;40;33;40;37;37;37;37;37;40;37;37;37;37;37;40;33;19;24;16;24;24;18;18;18;18;14;14;14;14;14;18;26;14;30;37;37;34;34;34;34;34;34;34;34;37;34;34;34;37;37;37;37;37;37;37;37;32;34;37;35;25;4;15;37;34;37;37;37;37;37;37;40;37;40;40;38;36;31;25;37;28;14;40;38;1
1;37;37;28;37;36;38;38;39;40;40;37;35;37;39;40;37;39;39;39;40;40;40;40;37;40;40;37;37;37;37;37;37;40;37;37;40;37;37;37;32;30;30;22;22;24;18;18;18;14;7;7;14;7;14;16;23;18;7;26;37;37;37;34;34;34;34;34;37;37;37;32;33;36;18;25;13;13;25;14;21;28;28;35;37;32;35;25;35;37;34;32;37;37;37;40;40;37;37;37;39;36;36;36;36;28;25;40;35;1
1;39;39;38;40;36;38;39;40;39;36;39;39;40;39;37;40;39;39;39;40;40;40;40;40;37;40;40;40;40;40;37;37;37;37;40;37;37;37;40;26;30;30;23;24;9;18;18;18;14;8;14;14;7;8;9;23;16;16;7;24;32;37;35;28;31;21;14;13;13;13;13;13;13;13;6;6;6;13;6;13;13;13;6;14;32;32;37;35;31;35;37;37;40;40;37;37;37;37;35;37;39;36;36;31;30;21;37;35;1
1;40;37;38;37;36;38;39;40;39;40;38;40;40;40;40;40;39;38;39;40;40;40;40;40;40;40;40;37;40;37;37;37;37;38;33;40;40;40;37;30;30;22;26;24;18;9;10;21;18;8;14;21;7;8;16;30;19;9;10;30;28;31;33;25;13;6;13;13;6;13;13;6;13;13;28;31;13;6;13;6;6;6;6;6;13;33;37;37;25;36;35;37;37;40;37;37;33;40;40;38;40;36;31;31;32;30;37;36;1
1;40;40;38;38;38;38;39;40;39;37;39;40;38;38;40;40;38;36;25;40;40;21;40;37;37;37;40;40;40;40;40;30;13;25;13;37;26;33;18;24;26;24;23;10;16;8;8;24;18;8;8;21;8;21;24;23;33;24;30;32;18;21;14;35;13;13;13;6;13;6;6;13;6;6;13;33;34;30;17;13;6;6;6;13;6;13;30;37;38;31;35;34;37;37;37;37;30;40;37;28;40;36;31;31;40;35;39;35;1
1;39;37;37;36;38;39;39;40;39;37;38;40;38;38;40;39;36;17;6;38;40;40;39;40;40;40;40;40;40;40;28;13;25;13;30;30;24;16;16;16;32;32;30;19;11;24;18;33;18;8;21;21;8;8;24;19;32;33;30;19;24;33;24;37;13;6;13;6;6;6;13;13;6;6;25;13;30;31;6;6;6;17;6;6;13;13;13;28;34;35;37;35;37;37;37;37;33;40;35;38;39;36;36;31;37;36;39;35;1
1;39;40;40;36;36;39;39;40;40;39;40;40;40;40;40;39;31;15;6;35;38;40;40;40;40;40;40;37;28;25;17;13;13;13;32;24;24;16;24;18;30;32;23;23;24;16;18;30;8;18;21;21;8;18;19;26;32;33;26;19;24;26;26;37;13;6;13;13;13;6;13;13;13;32;32;13;6;13;6;6;6;6;6;13;6;13;6;25;37;37;38;36;37;34;37;37;37;40;36;38;38;38;38;36;31;33;37;36;1
1;39;40;37;38;38;39;40;39;40;40;39;40;40;40;39;38;15;17;31;25;25;21;31;31;21;31;25;13;13;13;13;13;13;21;32;24;16;16;24;18;24;32;19;26;19;24;9;33;18;18;8;18;8;16;24;27;30;19;34;26;26;34;34;37;13;13;13;6;6;13;6;6;14;29;26;13;13;6;6;6;6;6;6;13;6;6;21;38;37;37;33;36;37;37;37;40;40;35;38;39;36;39;39;36;25;37;37;35;1
1;40;39;39;38;39;40;40;40;38;39;40;40;40;38;38;36;15;25;28;25;13;13;13;13;25;25;13;13;13;13;13;13;13;35;33;24;9;16;19;10;24;26;23;26;24;24;24;33;9;9;9;9;18;9;24;33;19;26;32;29;32;34;34;37;25;13;13;6;6;13;6;13;35;37;21;13;13;6;6;13;6;13;6;13;13;13;13;13;35;37;37;37;37;37;37;37;40;37;37;36;39;39;38;36;31;38;40;35;1
1;38;40;38;38;39;39;38;39;38;38;38;39;39;39;38;17;15;36;13;25;25;25;25;25;25;21;13;13;13;13;13;13;13;37;30;24;9;24;26;19;18;24;19;30;26;24;24;30;18;18;9;8;18;24;24;26;26;26;32;34;34;32;33;37;13;13;38;38;33;14;6;13;13;25;6;13;6;6;17;37;13;13;6;6;6;13;13;6;30;37;37;37;37;37;37;37;37;35;28;36;38;37;39;39;36;38;39;38;1
1;5;15;17;38;39;39;40;40;40;40;39;39;39;38;36;15;31;31;25;25;13;14;14;14;13;21;13;25;13;13;13;13;13;37;30;24;24;18;24;26;18;10;26;19;26;24;30;30;24;18;8;16;18;18;24;33;34;34;34;26;32;33;32;32;37;33;24;19;24;30;33;32;25;13;13;13;13;6;6;38;28;13;13;14;13;13;13;13;14;40;37;37;37;37;34;37;37;37;37;39;39;38;38;39;31;31;40;31;1
1;5;3;17;38;38;40;40;38;40;39;39;39;39;39;25;15;38;25;25;25;13;13;25;25;13;25;13;28;28;36;28;25;13;32;23;10;9;16;24;23;16;9;23;30;30;32;30;33;22;24;8;16;8;8;10;32;34;34;34;26;32;34;32;34;23;19;24;24;19;24;24;19;33;24;35;38;35;14;6;38;39;13;13;13;13;13;13;13;37;37;37;37;37;34;34;39;39;37;39;38;35;40;38;38;36;15;6;4;1
1;2;5;31;38;40;39;36;39;37;40;40;39;38;38;15;15;25;13;25;13;25;13;14;14;21;37;28;30;26;32;32;34;37;30;19;19;16;24;24;19;33;24;24;26;30;30;33;33;24;18;9;18;18;18;18;37;34;32;34;33;32;26;30;24;11;19;23;19;30;23;26;26;30;24;26;26;26;33;37;39;40;37;37;37;35;40;40;40;40;37;30;35;37;37;37;37;37;39;39;38;37;35;40;40;36;17;5;5;1
1;3;5;36;38;40;40;40;40;40;39;40;39;39;36;15;17;25;25;25;25;13;13;21;21;37;28;34;34;32;26;26;26;32;19;19;19;10;16;16;11;33;33;30;30;23;30;33;33;24;24;18;18;16;18;18;32;32;32;34;26;32;26;24;18;16;24;33;34;26;26;30;30;30;33;33;26;33;30;33;13;30;37;32;37;37;37;40;37;40;37;37;39;37;37;37;40;39;37;40;40;36;33;39;39;36;17;5;5;1
1;5;5;38;38;40;38;38;39;40;35;40;39;39;31;15;36;14;13;25;25;25;13;31;35;35;37;34;34;32;32;34;34;32;19;19;22;24;24;16;19;32;35;30;24;23;26;26;32;11;16;18;16;18;8;30;34;32;37;32;26;32;26;24;9;16;30;37;32;33;26;33;37;37;37;24;37;33;28;25;13;13;28;37;37;32;37;37;37;37;37;40;37;37;37;37;40;39;38;30;39;38;38;37;40;36;25;5;5;1
1;5;5;38;38;39;40;38;40;40;40;39;40;38;17;15;35;25;13;25;13;25;25;37;40;37;34;34;27;29;32;19;33;34;19;19;24;16;18;24;26;37;37;37;30;24;24;30;26;19;16;18;18;24;24;30;24;18;10;32;26;32;9;19;19;24;27;33;24;33;37;37;37;37;37;32;33;37;28;25;13;13;13;25;35;40;40;40;40;40;40;36;37;37;40;37;33;37;40;37;37;39;39;39;39;36;31;5;5;1
1;5;5;38;38;39;40;38;39;40;37;39;39;36;15;31;31;25;25;13;13;13;37;40;37;34;34;32;26;26;26;32;32;26;26;19;24;24;24;24;32;34;33;37;37;26;19;30;33;19;24;18;18;24;24;24;24;28;24;24;33;26;24;19;24;32;26;37;34;34;37;33;35;33;37;32;34;37;37;37;37;35;28;21;37;37;40;40;37;38;28;35;37;37;37;35;36;37;37;39;37;39;38;40;37;36;31;5;3;1
1;5;15;38;38;39;39;40;40;40;40;39;39;25;15;36;25;13;13;13;13;25;37;40;37;34;37;34;34;32;26;34;37;30;24;19;16;10;24;32;37;32;33;33;32;34;37;30;26;24;24;10;16;16;24;9;24;32;28;18;32;24;30;26;32;26;26;33;37;33;18;30;37;33;33;33;37;37;29;34;37;40;40;40;40;40;37;40;37;39;36;21;37;37;37;17;36;38;39;39;39;40;39;39;38;36;36;5;5;1
1;2;15;38;39;40;40;39;38;39;40;39;39;17;15;31;25;13;13;13;25;28;37;37;37;34;37;32;30;30;37;37;33;23;19;24;24;24;24;37;37;34;26;34;32;34;32;34;26;30;19;16;24;24;18;24;19;33;30;24;30;24;34;32;26;34;34;33;18;28;30;33;37;37;33;33;34;37;37;37;34;37;37;37;40;40;34;37;33;21;31;37;34;37;36;4;17;39;35;38;38;38;39;39;39;36;36;5;2;1
1;5;5;38;38;39;39;40;40;39;39;40;39;17;17;31;13;14;13;13;13;31;33;37;37;34;32;26;26;37;37;37;26;23;19;24;24;22;22;30;33;32;34;32;32;33;34;34;32;26;19;24;24;16;24;24;24;24;24;30;24;33;34;34;34;33;30;28;24;28;26;37;38;33;30;33;32;37;37;34;34;34;37;37;37;34;34;34;34;37;39;38;34;33;28;3;17;38;39;38;36;38;38;39;39;36;36;5;5;1
1;5;15;38;39;39;40;40;39;39;40;40;39;15;25;25;25;14;13;13;13;25;26;32;37;32;24;33;37;37;37;40;30;30;19;24;19;24;23;24;24;34;37;32;34;26;32;32;34;32;19;19;19;22;11;19;23;23;23;30;34;32;37;33;26;30;28;28;24;24;37;37;30;30;24;26;26;27;37;34;34;34;29;34;34;34;34;34;34;37;34;37;37;14;28;5;17;39;38;38;39;39;39;38;39;36;38;5;2;1
1;5;5;38;38;40;39;39;39;40;39;39;36;15;31;21;13;14;13;25;13;25;32;37;26;30;34;33;37;37;37;37;26;26;19;19;19;19;26;30;32;26;32;34;32;26;34;34;29;34;26;19;30;23;23;30;19;33;37;33;32;26;24;30;24;18;18;24;26;37;33;33;24;24;24;24;27;32;32;33;32;37;37;37;37;37;40;38;37;37;33;37;30;37;35;4;15;36;37;39;38;39;36;37;40;36;36;5;3;1
1;2;5;38;38;40;39;39;40;39;40;39;36;15;36;31;25;13;13;17;31;39;37;24;19;33;37;33;37;37;37;32;26;30;30;19;23;23;30;33;32;26;26;32;34;34;29;29;32;34;32;19;26;26;30;32;32;32;37;37;28;24;30;24;30;30;24;30;37;30;24;24;30;24;30;19;27;34;34;34;32;32;32;32;32;32;37;37;34;37;34;26;26;26;37;13;5;36;37;40;37;38;37;36;39;36;36;5;3;1
1;5;2;36;38;40;39;40;40;40;39;40;36;15;36;31;21;13;13;28;37;37;30;24;26;37;33;33;37;37;37;37;30;26;23;23;26;30;33;34;26;26;34;32;34;37;26;34;34;32;34;30;26;37;37;30;32;37;30;21;24;30;16;18;30;19;26;26;34;26;24;24;26;21;30;32;26;26;26;34;34;34;32;32;34;34;34;37;37;30;33;34;34;32;33;13;5;35;37;39;38;39;37;35;39;36;31;5;2;1
1;3;5;36;38;40;40;37;40;40;40;39;36;15;38;28;31;25;38;37;34;33;34;26;32;37;30;32;34;33;37;37;26;26;26;30;33;32;32;32;34;32;34;34;37;34;32;32;34;37;26;26;33;30;33;37;33;21;10;24;30;28;24;24;24;26;26;26;32;32;30;30;35;21;30;34;26;26;26;26;34;32;34;37;34;34;37;34;33;32;24;26;34;32;33;25;5;36;37;39;39;38;37;38;39;36;25;5;2;1
1;5;5;25;38;39;40;40;39;40;39;39;36;5;35;18;21;37;30;30;34;34;26;32;37;37;26;34;37;37;37;37;37;30;32;37;32;34;26;32;34;32;32;32;27;26;34;29;34;32;24;30;32;33;33;18;21;18;18;18;28;24;19;24;32;19;19;27;27;33;24;33;21;33;37;37;32;29;26;26;26;26;27;26;26;26;29;32;34;32;26;26;26;26;33;31;5;36;38;37;37;37;38;40;37;36;17;5;5;1
1;5;4;17;38;39;40;39;39;39;40;39;31;15;38;31;37;19;30;33;37;37;33;32;32;32;26;34;37;37;40;37;37;34;24;33;37;37;34;32;26;32;37;37;34;34;34;34;32;30;24;32;37;30;21;7;24;16;24;28;30;30;26;32;26;20;19;20;26;32;30;7;33;32;33;33;26;26;26;29;32;26;26;26;26;27;26;29;29;29;19;26;19;30;26;31;5;36;38;38;37;37;39;38;38;36;15;5;5;1
1;2;5;15;38;39;39;40;39;39;39;39;31;5;38;38;28;27;24;33;37;37;34;32;34;33;24;34;32;34;40;40;37;28;33;37;37;37;26;32;29;37;28;37;37;26;34;26;26;33;37;37;18;21;21;24;18;16;24;30;24;26;26;12;20;12;20;26;19;26;28;33;37;37;33;32;26;26;26;26;26;32;32;26;26;26;27;29;29;26;27;26;26;19;24;28;5;36;37;39;38;38;38;39;38;31;5;5;2;1
1;5;5;15;38;39;40;40;39;39;40;39;31;4;37;37;26;32;32;32;32;37;37;33;37;23;24;37;37;38;33;37;26;33;37;34;37;40;37;38;37;33;37;37;32;26;26;26;26;37;30;7;7;7;30;24;28;30;33;24;26;26;20;26;20;20;26;12;24;33;35;38;38;33;32;32;26;32;34;33;26;26;26;26;27;26;26;26;29;26;29;26;26;26;24;28;4;31;38;37;37;38;39;38;38;36;5;3;3;1
1;5;4;4;38;38;39;39;39;40;40;39;36;15;38;37;26;29;32;34;33;37;37;32;24;24;26;26;26;27;33;33;34;37;37;37;28;25;6;25;35;32;32;32;32;33;24;33;32;21;7;7;18;30;30;24;33;33;32;26;26;20;12;12;26;19;26;26;26;37;37;38;33;37;32;34;32;34;32;26;34;26;26;32;26;32;27;26;26;26;26;29;26;29;24;31;5;36;38;38;39;39;38;39;38;31;15;15;5;1
1;25;39;38;36;37;40;40;40;38;40;40;36;15;38;37;33;29;26;26;32;37;37;33;24;19;33;26;26;26;37;33;37;40;21;25;25;21;25;38;33;26;26;26;32;33;37;30;21;21;21;21;28;24;28;33;26;32;26;26;24;24;26;12;12;12;27;32;26;37;37;30;37;37;34;32;34;32;32;34;32;34;34;26;32;26;26;27;26;26;26;26;26;26;26;31;5;35;39;39;32;37;38;39;38;25;39;38;25;1
1;39;40;40;36;38;40;39;37;40;39;39;36;15;35;28;37;33;37;32;37;37;33;37;34;26;26;34;37;34;26;37;30;13;31;31;31;28;38;33;33;24;26;33;33;37;21;14;25;21;18;28;28;24;33;32;26;26;26;26;19;12;12;19;19;26;34;32;26;34;30;33;37;34;26;26;32;32;32;32;33;32;26;34;26;32;26;26;27;26;26;20;26;26;26;25;5;38;39;39;39;38;38;40;38;31;35;39;31;1
1;40;37;37;38;38;39;40;40;40;39;40;38;17;36;31;28;37;37;37;37;37;33;33;37;33;30;37;32;37;34;37;35;13;28;14;25;38;36;38;33;26;30;30;33;18;21;21;21;30;30;28;28;30;32;26;26;26;26;20;26;12;26;19;24;29;34;26;33;32;33;32;32;32;32;26;26;32;32;32;26;37;37;32;32;26;27;32;26;27;26;26;26;12;26;25;15;38;39;35;38;38;39;39;36;39;35;40;36;1
1;40;37;38;39;38;39;39;39;40;40;39;39;17;25;25;25;38;32;26;26;32;37;33;32;37;30;26;26;26;32;37;38;13;13;25;28;37;34;26;37;37;37;28;21;21;7;21;24;24;24;24;32;26;30;26;20;26;26;34;12;26;24;26;26;26;26;24;34;34;33;37;33;26;34;32;26;26;26;32;32;32;37;37;26;34;26;26;26;30;32;26;26;26;33;17;17;39;39;38;39;39;38;36;31;37;30;39;36;1
1;40;37;35;40;38;39;39;40;39;40;40;39;17;25;31;31;35;32;26;26;32;38;37;30;33;26;26;26;30;33;37;37;25;25;25;37;37;33;38;37;37;28;21;14;14;21;24;30;18;28;32;24;24;26;12;26;26;32;26;26;12;20;32;26;24;26;30;33;34;34;37;37;34;33;32;32;26;26;26;32;32;32;37;26;26;32;26;26;32;26;32;26;26;33;15;17;38;38;35;35;39;39;38;31;37;36;40;28;1
1;39;39;32;37;38;38;40;40;40;40;40;39;17;25;28;28;28;37;26;29;24;33;37;24;34;26;12;24;32;35;34;33;30;31;31;37;33;34;37;40;28;25;21;7;21;24;24;28;18;33;30;24;12;24;24;19;24;12;26;26;19;27;32;32;26;26;24;34;32;34;34;37;34;33;33;32;27;26;26;33;37;37;37;27;26;34;32;26;32;32;26;26;12;33;4;25;39;39;40;39;35;39;36;36;35;33;39;28;1
1;39;39;35;36;38;39;39;40;40;40;40;39;31;15;36;25;31;38;33;29;12;33;30;36;37;26;30;32;30;33;40;37;25;21;37;33;26;37;33;21;14;21;21;18;28;28;30;28;26;24;24;26;24;24;26;19;26;19;12;19;20;26;19;19;12;20;26;32;37;37;37;34;37;34;26;37;27;26;26;34;32;37;37;37;20;26;34;33;29;32;26;26;30;30;4;36;40;37;39;38;38;38;31;38;37;33;37;28;1
1;39;38;35;31;40;38;39;40;39;40;39;39;36;5;35;25;14;38;32;34;19;37;33;37;26;26;37;37;37;34;37;37;25;38;37;32;32;32;25;25;7;14;21;18;28;30;24;26;24;24;19;26;24;12;19;24;26;12;12;24;19;19;24;20;19;24;26;37;37;28;31;28;38;37;37;26;32;32;33;33;26;37;40;37;26;26;32;32;34;32;26;26;26;30;17;36;37;38;39;35;37;36;31;40;37;35;39;28;1
1;39;37;35;31;39;36;38;37;39;39;39;40;38;17;36;25;25;21;37;32;33;32;37;37;37;33;32;37;34;38;37;28;13;37;32;32;26;21;21;25;21;21;21;30;33;30;26;26;12;26;19;24;19;24;19;20;24;26;12;20;26;26;12;12;26;19;32;33;37;28;25;13;13;21;37;26;32;33;32;34;26;32;40;37;32;26;26;34;26;26;32;33;33;25;31;36;39;37;40;38;38;36;35;37;30;30;40;36;1
1;40;37;35;31;35;38;38;39;40;39;39;40;38;31;31;31;25;25;28;37;37;26;27;34;32;34;32;37;37;37;28;25;31;38;32;30;21;14;21;7;21;28;28;28;30;30;26;26;19;12;19;19;24;19;19;20;19;26;26;34;20;10;24;26;12;12;32;33;26;38;36;13;13;25;31;27;26;32;37;33;32;33;37;40;33;26;26;32;26;26;26;33;37;15;31;38;37;39;37;39;36;25;39;33;18;28;37;31;1
1;39;38;35;21;21;39;38;38;37;39;39;40;40;36;17;39;25;25;25;31;37;37;33;26;26;37;34;33;40;28;17;25;36;37;26;7;7;21;25;7;28;33;28;24;24;24;34;33;12;20;19;19;19;24;26;20;26;26;34;20;24;20;26;24;20;20;26;34;34;37;37;36;13;25;25;32;26;33;34;32;32;32;33;40;32;26;26;26;33;26;26;33;31;15;38;38;38;38;38;38;36;38;35;21;14;28;40;31;1
1;40;37;35;21;25;37;38;38;40;39;40;37;39;39;15;36;25;25;25;21;25;35;39;39;37;33;37;37;28;31;25;25;39;30;25;7;21;25;7;7;30;35;33;24;10;26;33;33;26;26;19;19;20;12;20;24;24;24;26;26;24;24;26;12;24;24;30;37;37;37;40;35;13;25;25;37;32;33;32;32;32;32;32;37;32;32;26;26;37;26;26;33;17;17;38;39;39;37;39;38;31;40;35;21;14;28;40;36;1
1;40;38;35;30;28;21;40;38;39;40;37;40;37;38;31;17;25;25;25;25;25;25;25;31;31;25;25;31;25;25;25;36;30;21;21;21;25;21;28;30;37;35;33;30;24;24;26;26;32;26;24;24;20;24;19;26;27;26;10;19;27;29;29;20;26;26;26;34;32;30;38;13;13;14;13;38;37;34;26;33;26;37;32;29;27;26;33;26;32;29;26;38;5;36;39;39;39;37;38;36;36;33;30;33;21;28;37;31;1
1;40;38;38;31;33;31;35;39;38;39;40;37;39;39;38;15;25;25;25;31;25;25;25;31;31;13;17;31;25;25;36;35;21;25;21;14;14;14;30;35;32;32;37;32;28;30;24;33;26;34;26;26;10;20;26;26;23;27;26;26;20;19;19;20;26;26;30;24;12;26;35;13;13;25;25;25;36;37;26;33;32;32;32;34;26;26;26;26;33;32;26;24;25;36;38;37;35;37;38;31;39;36;33;35;21;28;40;36;1
1;39;35;33;28;35;38;36;40;38;38;40;39;40;40;38;25;38;25;31;25;25;13;31;31;31;17;25;25;31;36;35;21;7;21;21;14;21;31;33;33;33;33;37;33;30;30;26;24;33;33;33;26;26;24;19;26;26;26;26;20;20;20;20;26;20;26;12;26;26;37;25;13;17;25;13;13;13;35;34;26;34;37;32;27;26;26;26;26;33;33;33;13;31;38;38;37;39;39;36;36;37;34;37;37;30;28;37;31;1
1;37;35;35;28;35;35;35;28;37;38;39;39;40;40;40;36;25;31;25;25;31;25;25;25;31;25;25;31;31;36;21;7;7;7;21;14;28;30;33;26;26;32;33;37;37;33;26;26;30;33;33;37;33;24;12;24;26;26;29;26;20;20;20;26;12;12;20;26;32;14;25;13;13;25;13;13;25;21;32;29;34;34;33;26;26;26;26;26;33;32;35;6;36;38;38;38;38;36;31;39;37;26;32;32;38;35;37;36;1
1;39;38;35;25;35;36;31;33;40;38;38;40;39;40;40;38;15;36;25;25;25;25;25;31;25;25;31;21;37;14;13;7;21;25;14;30;30;32;26;29;32;37;37;33;37;33;33;30;33;32;33;33;30;33;24;24;12;19;26;26;20;20;12;12;20;26;12;34;37;25;25;25;25;35;37;28;25;36;37;32;26;26;26;19;19;26;26;26;26;37;25;36;39;37;40;37;38;36;36;38;32;32;32;32;33;36;40;31;1
1;37;38;36;35;35;21;30;21;30;40;38;38;39;37;38;39;31;17;36;31;25;31;25;25;25;25;25;38;25;13;25;7;21;25;24;30;30;26;27;20;26;32;33;34;32;34;32;30;33;37;38;38;33;33;30;24;26;26;26;27;26;20;26;20;26;12;26;26;32;25;25;25;28;32;34;21;25;36;37;34;26;26;20;26;26;33;23;26;33;28;17;38;39;37;39;39;36;36;37;33;26;32;32;32;26;30;39;36;1
1;39;35;30;36;35;13;31;28;35;38;36;38;37;39;37;40;36;17;31;25;25;25;31;31;31;25;35;28;13;25;24;28;21;7;35;24;26;26;29;20;32;32;33;34;33;33;32;37;28;37;37;35;30;30;24;24;24;24;19;26;20;20;26;26;20;26;32;33;37;25;38;35;38;30;34;33;28;28;37;20;33;26;24;26;26;26;30;33;38;6;31;39;40;38;37;39;31;37;37;37;32;32;26;26;32;28;40;31;1
1;39;35;30;30;28;25;25;36;28;38;40;38;38;40;40;40;39;36;17;36;31;25;25;14;25;25;35;13;25;28;30;7;25;36;28;32;29;26;29;26;32;26;32;33;26;33;33;33;33;28;32;33;33;30;24;24;24;30;26;29;29;26;20;26;20;27;32;37;39;21;28;25;14;33;33;34;21;37;33;29;26;26;34;33;33;32;33;33;31;17;36;39;38;38;37;38;38;37;33;32;32;26;26;26;37;30;39;31;1
1;40;38;35;28;13;17;17;25;25;35;31;39;36;38;39;39;39;39;36;25;35;31;25;25;21;37;25;7;21;21;13;13;36;24;24;27;29;26;26;32;26;26;37;37;36;26;24;30;38;37;30;32;30;26;24;24;24;37;37;26;26;26;26;32;26;26;32;33;30;25;13;25;21;21;13;25;38;37;37;34;26;32;39;25;31;37;33;38;25;36;38;39;40;39;36;36;37;37;37;32;37;37;33;37;30;28;40;36;1
1;40;35;35;28;13;13;13;13;28;35;25;36;39;36;38;37;38;39;38;25;25;25;25;25;31;28;25;25;36;7;7;31;24;28;33;26;29;26;26;32;26;27;37;37;33;33;24;19;35;33;30;33;26;30;30;24;30;32;26;26;26;26;34;34;26;20;27;37;21;25;21;14;14;13;25;25;33;37;37;26;33;37;28;25;25;39;33;21;38;38;39;37;39;38;31;39;37;37;32;37;34;33;33;37;38;28;40;28;1
1;37;38;36;21;17;25;13;13;35;35;36;13;38;39;38;39;40;40;40;38;17;31;25;14;38;25;7;24;28;13;21;36;21;24;29;29;26;20;29;32;26;33;35;35;26;37;30;24;26;33;33;30;26;24;24;30;38;37;27;19;26;37;32;26;20;26;26;28;21;14;25;25;25;25;25;17;13;35;37;34;38;13;13;25;14;37;31;17;39;39;38;39;36;31;39;37;33;37;32;37;37;37;33;32;36;30;40;36;1
1;39;38;31;31;17;13;13;25;18;36;36;25;17;38;38;38;40;40;40;39;36;17;28;31;30;21;31;36;25;14;35;21;24;34;26;27;29;26;34;32;27;34;36;28;33;32;30;24;24;26;30;33;30;26;30;30;35;34;26;32;34;32;34;26;26;26;37;31;31;14;21;13;25;17;25;17;17;13;38;37;28;25;25;25;25;36;17;36;40;39;39;38;31;38;38;33;26;26;32;34;37;32;37;33;28;28;40;31;1
1;39;35;31;31;13;13;13;13;28;36;25;31;17;25;40;38;39;39;38;39;39;25;28;38;21;21;30;24;13;36;30;31;21;32;26;27;29;26;29;32;29;34;38;31;33;32;30;24;10;30;30;33;30;24;30;30;33;26;29;29;32;37;26;20;20;34;36;21;14;25;25;13;25;17;25;25;25;17;32;40;14;14;14;21;35;17;36;38;37;39;39;36;38;37;32;26;33;26;33;33;37;37;33;37;35;28;40;36;1
1;37;38;14;13;17;25;25;13;36;38;17;28;13;13;13;39;35;38;39;39;40;38;38;38;21;21;30;25;21;33;24;24;10;26;27;27;29;26;34;26;34;33;35;31;32;33;32;26;24;19;33;30;33;30;26;32;33;29;32;32;34;26;20;20;26;38;25;25;25;25;13;17;17;25;25;25;25;25;14;14;14;28;37;35;17;36;39;39;39;38;36;38;37;26;26;32;33;26;26;24;32;37;37;37;37;28;39;36;1
1;40;35;14;13;13;13;25;13;36;35;25;28;13;17;13;13;40;36;38;40;39;39;39;31;21;24;31;14;21;21;24;24;24;29;27;20;29;26;34;26;32;26;35;25;38;30;32;30;24;24;30;19;26;34;26;26;29;29;34;34;26;29;20;27;33;35;25;25;14;25;25;25;17;25;13;14;25;14;14;14;25;38;39;15;36;38;39;37;39;31;36;40;32;34;26;32;32;34;32;26;33;37;38;40;35;25;40;36;1
1;37;35;14;13;13;17;25;13;35;36;13;31;25;13;25;17;36;40;35;38;39;39;37;7;7;36;25;21;33;21;30;10;32;27;27;20;27;27;32;27;32;33;35;31;37;24;38;33;26;30;24;32;32;32;29;26;29;26;26;26;29;26;26;19;30;33;25;14;14;25;14;25;25;25;25;18;25;14;25;14;37;38;31;36;38;38;37;39;31;38;40;33;26;26;33;37;32;34;26;32;33;37;33;33;28;25;40;36;1
1;39;35;13;13;13;13;13;13;35;28;17;13;25;17;13;17;17;25;40;38;36;40;28;7;21;24;25;30;26;24;24;24;37;26;20;29;27;26;32;26;26;27;38;25;37;26;33;38;30;27;26;20;20;27;34;26;26;34;26;26;26;26;30;30;40;21;14;25;14;13;14;14;21;14;14;25;25;14;25;25;37;17;36;39;39;39;38;36;37;37;33;26;26;26;33;32;30;34;26;34;26;37;37;32;21;31;40;36;1
1;40;38;13;13;13;13;13;13;28;21;13;6;31;13;17;17;17;17;25;39;39;37;25;7;36;31;21;33;24;24;10;30;37;20;20;29;27;26;26;27;34;26;38;31;37;26;30;37;34;26;20;20;26;27;20;27;26;19;27;27;32;32;32;37;35;13;14;25;14;14;14;14;21;14;14;13;25;13;25;38;13;36;39;38;37;35;31;39;37;33;26;26;26;26;32;27;33;33;33;32;33;33;37;33;31;21;37;28;1
1;40;35;13;13;13;13;25;13;28;28;25;13;36;13;13;17;17;17;17;25;38;37;7;21;36;7;36;26;21;24;31;33;32;26;20;20;26;29;26;27;29;26;33;36;35;30;32;27;26;20;20;26;20;26;32;26;26;32;32;26;19;26;24;33;14;14;14;21;7;13;25;14;13;25;25;25;17;25;36;25;36;38;39;38;38;36;37;37;33;33;33;33;33;26;27;20;34;26;32;32;30;32;37;33;30;21;40;36;1
1;39;35;13;13;13;28;33;14;28;36;25;25;28;17;17;17;17;15;15;17;25;21;7;21;36;25;26;24;21;24;24;37;30;26;20;26;29;26;26;26;26;26;26;37;37;33;29;27;29;29;20;26;27;27;34;34;34;33;26;24;24;24;26;28;14;25;14;35;33;31;13;25;25;25;25;25;38;31;36;36;38;39;38;31;38;40;33;30;26;33;26;26;23;26;26;26;32;24;34;30;30;32;37;33;35;25;40;36;1
1;39;38;13;13;13;35;36;30;31;35;13;13;36;17;17;17;17;17;6;17;25;25;7;28;31;24;26;24;28;21;28;38;30;26;20;20;29;20;26;32;29;26;32;37;37;37;24;27;32;26;32;27;26;32;34;32;26;24;26;10;10;24;33;24;35;25;28;39;35;25;25;25;25;25;25;36;25;31;38;39;38;38;36;39;40;33;26;26;26;26;32;26;26;26;30;33;30;26;32;24;19;34;37;33;35;14;39;36;1
1;37;38;13;13;13;35;31;35;35;25;13;25;31;13;17;17;17;17;17;17;25;25;21;33;7;26;33;21;30;31;30;35;33;30;26;27;29;26;26;26;32;26;26;24;33;30;24;24;24;33;33;37;34;32;24;12;24;24;28;10;24;37;36;35;25;25;25;25;31;17;17;25;36;36;31;36;38;39;38;38;36;37;40;33;37;30;19;26;32;32;19;19;26;24;32;32;30;32;26;26;26;34;37;38;28;25;40;28;1
1;40;38;25;6;13;35;25;28;25;17;13;13;36;17;17;17;17;17;17;17;25;7;31;35;7;33;33;7;24;21;30;33;30;30;26;20;26;26;32;26;27;26;26;26;26;30;24;24;21;37;37;33;28;24;24;24;10;8;24;24;30;28;25;25;25;25;36;39;36;25;31;36;31;31;38;38;38;38;38;36;40;37;33;33;33;30;26;30;32;30;30;24;19;26;34;30;32;32;26;26;26;37;37;38;21;25;40;36;1
1;40;33;13;13;13;35;25;31;17;17;17;17;31;6;17;15;17;17;17;17;31;7;31;35;21;33;33;21;28;21;36;35;30;30;19;20;27;29;34;26;27;26;26;20;26;33;21;30;21;32;30;24;24;18;24;18;7;18;10;24;33;21;25;25;25;38;36;17;25;38;31;31;36;38;38;38;36;31;38;39;35;28;30;33;32;30;30;33;33;26;30;26;26;26;26;32;32;26;19;26;26;37;37;38;21;21;40;36;1
1;40;38;13;13;13;36;13;28;13;13;25;25;31;17;15;15;17;17;17;17;36;7;36;28;28;26;30;28;28;21;33;38;28;18;19;20;29;34;34;26;26;29;26;26;26;33;18;30;24;24;26;24;21;24;21;21;21;10;24;33;13;13;13;25;39;38;36;31;25;36;36;38;38;36;38;36;39;37;36;13;35;28;24;30;30;32;24;21;24;24;24;24;30;30;32;33;26;26;26;32;26;33;37;33;35;31;37;36;1
1;39;38;13;13;13;31;6;36;13;6;17;25;17;17;17;17;15;17;17;17;38;25;36;21;33;30;24;24;30;24;33;37;28;30;24;26;26;26;34;26;29;26;27;26;26;33;10;24;30;30;24;28;21;24;21;21;24;24;24;13;13;13;13;39;28;36;36;36;36;36;36;36;36;36;40;38;25;6;6;13;21;37;30;30;30;30;33;35;24;24;30;30;33;37;26;33;26;19;27;32;32;33;37;33;35;31;39;36;1
1;40;38;13;13;13;25;13;36;17;13;17;31;25;17;17;17;17;17;17;17;37;13;35;21;30;26;26;35;33;24;33;35;36;30;10;30;26;26;27;33;32;26;29;27;26;34;24;24;30;26;21;24;21;21;28;18;24;26;26;25;17;13;36;38;36;36;36;36;36;36;38;40;39;36;25;6;17;17;6;13;13;37;33;30;24;30;30;24;26;30;30;30;33;32;26;26;24;32;32;26;37;37;35;33;28;28;40;36;1
1;40;35;13;6;13;25;25;36;25;17;25;36;25;25;17;13;17;25;17;13;39;25;26;21;30;24;33;38;33;24;32;38;36;30;24;10;19;26;26;34;32;26;32;26;26;32;24;24;19;24;24;21;10;10;24;18;24;26;36;17;17;17;38;38;38;38;31;38;39;39;39;31;17;13;17;6;17;6;13;13;17;25;39;34;33;24;19;30;30;26;26;32;26;26;19;26;32;26;32;33;33;37;37;30;31;30;40;36;1
1;40;35;6;13;13;25;31;36;13;17;13;36;25;25;17;17;17;25;17;25;39;21;36;28;30;26;37;38;33;36;34;38;30;30;28;10;18;23;32;32;26;29;26;26;26;30;30;30;24;24;24;21;24;21;24;10;24;30;37;17;17;36;36;38;39;38;40;38;31;25;13;6;13;6;13;17;6;6;13;13;17;6;37;30;33;26;26;33;32;32;27;26;26;26;26;26;32;34;26;37;32;35;37;36;31;28;40;36;1
1;39;38;13;6;25;25;31;31;25;6;31;31;25;25;17;17;17;17;17;25;37;21;30;30;30;26;24;33;33;24;32;38;28;30;30;24;24;7;26;32;26;27;20;32;32;30;33;30;30;18;24;24;10;21;28;21;10;33;31;17;17;17;31;25;25;17;17;15;17;17;6;6;17;6;13;6;13;13;13;13;6;17;25;32;30;30;24;30;26;24;12;12;20;26;32;37;26;26;37;37;35;35;13;35;31;25;37;36;1
1;40;38;13;6;14;13;28;31;17;13;38;25;25;17;13;17;17;17;17;13;38;21;30;33;33;26;24;33;37;33;37;33;28;28;28;28;24;30;24;26;34;26;29;26;32;24;30;33;33;18;18;10;24;28;7;21;24;35;25;17;17;17;15;17;17;17;17;15;17;15;6;17;17;17;6;17;13;13;13;13;13;13;13;13;35;30;30;30;26;26;24;26;27;32;33;33;26;32;37;38;32;25;13;30;35;25;40;36;1
1;40;38;13;13;28;13;36;13;13;31;31;17;17;13;17;17;17;13;17;13;37;28;28;38;30;26;26;26;33;37;33;37;28;30;30;30;18;24;7;24;33;34;32;26;33;24;21;33;32;24;10;21;24;24;21;24;24;38;17;17;17;17;17;17;15;17;17;15;17;17;17;15;6;17;6;15;6;17;13;13;6;13;17;17;13;25;30;35;38;37;33;30;30;26;26;32;37;33;33;37;25;25;13;25;13;13;39;31;1
1;40;38;25;13;30;25;28;6;13;36;13;17;13;17;25;13;17;17;17;25;35;28;28;37;30;26;12;26;24;30;35;37;28;33;28;35;18;24;30;14;33;33;26;32;32;21;21;30;37;24;24;8;24;24;24;10;33;35;17;17;17;15;15;15;17;17;17;17;15;15;15;15;15;6;17;15;6;17;13;13;6;13;13;13;6;13;13;6;17;25;37;37;35;32;38;37;30;35;37;33;25;13;13;25;13;13;39;36;1
1;40;37;13;25;36;35;28;6;35;31;25;17;17;13;13;15;17;17;17;17;36;21;28;37;24;26;12;20;26;21;37;37;24;30;28;33;30;24;18;24;25;30;34;26;32;24;8;24;33;30;21;10;24;26;24;10;33;6;17;6;6;17;17;17;17;17;17;15;15;15;15;15;15;6;15;6;17;13;13;13;6;13;13;13;13;6;6;6;17;13;13;13;25;30;38;37;38;28;35;35;25;13;25;25;25;25;39;36;1
1;40;38;13;28;31;36;35;28;25;6;6;17;17;17;6;6;6;17;6;17;25;21;36;37;28;26;24;10;19;30;37;38;32;28;28;35;33;21;10;19;33;28;30;32;26;21;18;28;24;30;10;24;24;30;24;24;31;6;17;6;17;17;17;17;15;17;17;6;17;17;6;17;15;17;17;13;17;6;6;6;13;6;6;17;6;6;6;15;6;17;13;17;17;6;13;36;13;21;25;38;13;13;25;13;13;13;37;28;1
1;40;38;25;28;31;25;35;21;6;13;6;6;17;17;17;17;17;6;15;13;25;31;28;39;24;33;20;10;24;24;28;38;37;24;24;30;33;26;18;24;30;30;26;37;21;21;21;28;28;28;30;26;26;24;30;24;25;17;6;15;15;17;17;17;6;17;6;13;17;6;17;17;17;13;17;6;6;6;6;6;6;13;13;17;17;6;6;17;17;13;17;13;13;13;13;36;31;36;36;28;25;25;25;14;25;13;39;36;1
1;40;38;25;31;31;13;28;13;6;13;17;6;17;6;6;17;6;6;15;17;25;28;30;37;28;33;24;24;10;24;28;38;37;28;28;28;33;33;24;10;24;26;33;37;7;21;8;24;30;21;26;24;19;19;30;24;25;17;17;15;17;6;6;17;17;17;15;17;17;15;17;17;17;17;6;6;6;17;13;13;13;13;13;6;17;6;6;6;13;6;17;17;25;17;13;28;31;35;36;25;28;35;30;25;13;13;39;28;1
1;40;38;13;28;31;25;28;6;13;17;17;13;17;17;17;17;17;25;17;25;25;35;30;37;30;37;24;12;10;21;7;35;37;24;24;30;28;35;24;24;11;23;30;30;21;21;24;18;28;24;26;24;19;24;36;33;17;17;17;15;17;15;17;6;6;15;15;6;17;6;15;17;17;17;6;6;17;6;13;13;13;13;6;6;6;17;6;15;13;17;13;17;13;25;13;25;31;36;21;28;36;25;28;28;13;13;40;28;1
1;39;37;13;28;21;21;31;13;17;13;17;17;17;17;15;15;17;17;17;15;17;38;37;37;33;33;30;24;10;24;7;21;35;30;24;30;35;28;32;24;11;19;26;28;7;7;18;21;14;28;24;33;10;24;33;37;36;13;6;15;15;17;17;17;15;15;15;15;15;15;15;15;6;6;17;6;13;13;6;13;6;6;6;17;6;6;15;6;17;15;6;13;13;6;17;25;36;28;21;21;38;35;36;35;13;13;40;36;1
1;40;38;13;28;31;36;25;13;13;17;17;17;15;15;17;15;17;17;17;17;17;13;37;37;38;28;33;24;10;24;21;7;30;38;28;28;30;30;30;33;19;19;24;24;21;18;24;21;14;21;24;26;26;24;30;33;14;35;36;6;6;6;15;13;15;15;15;15;6;15;15;6;15;17;17;13;13;17;13;13;6;6;15;17;15;17;15;6;6;17;6;17;13;17;13;25;28;13;35;35;31;14;14;30;28;13;40;36;1
1;39;37;13;28;31;35;13;25;13;17;13;17;6;17;17;17;6;17;25;17;17;25;38;39;37;36;37;24;24;24;24;21;28;37;35;24;24;30;28;35;26;24;24;30;21;8;21;21;14;13;28;24;26;26;30;33;21;25;21;28;35;25;6;17;15;15;6;6;6;6;6;15;6;17;6;17;13;6;6;13;17;15;15;15;17;17;6;6;6;6;6;17;17;13;13;36;35;28;28;30;14;35;25;30;35;25;39;36;1
1;40;38;13;28;31;38;25;13;25;17;25;17;6;17;17;17;17;17;17;17;17;25;31;40;39;36;35;26;12;24;24;24;25;37;37;28;28;24;28;28;26;26;24;30;18;21;21;7;14;14;18;24;26;26;30;38;8;7;7;13;25;31;35;31;6;6;6;15;6;17;13;6;6;13;17;17;13;6;6;6;17;6;17;15;17;17;6;17;6;13;13;13;25;17;25;35;35;25;13;35;14;38;36;33;35;13;39;36;1
1;40;38;25;28;31;38;13;13;17;17;6;17;6;15;17;13;17;17;17;17;17;17;25;36;38;24;18;37;24;24;30;30;25;35;37;30;28;18;30;30;30;24;30;30;8;7;18;7;14;13;25;28;24;33;37;28;18;30;30;21;14;14;14;14;25;38;31;6;17;6;15;15;17;17;13;13;13;6;6;13;6;17;17;6;13;17;13;13;13;13;13;13;13;13;31;36;25;28;28;35;31;35;25;36;13;13;40;28;1
1;40;35;13;28;31;30;25;13;13;13;17;13;17;17;17;17;17;17;25;17;17;25;17;25;40;36;28;33;26;10;24;28;24;28;38;37;28;28;18;30;28;30;28;37;7;21;18;21;13;14;14;18;30;30;40;28;30;18;14;28;30;7;7;21;13;7;13;25;30;38;31;25;17;6;6;6;17;17;6;15;17;6;6;13;17;6;13;13;13;13;13;13;13;13;13;25;6;17;31;13;36;38;25;28;13;25;39;36;1
1;39;38;25;36;31;31;13;13;6;13;6;17;17;17;17;17;17;17;17;17;17;17;25;17;37;35;21;30;33;10;21;7;28;21;35;32;30;28;24;30;30;24;30;33;21;21;18;7;14;13;13;24;28;30;37;28;21;30;36;28;14;21;18;21;7;21;14;14;25;7;21;31;35;39;28;6;17;17;17;15;17;17;17;6;17;13;13;13;13;13;13;13;13;13;13;13;25;6;6;17;13;36;25;28;13;13;37;36;1
1;39;38;13;28;25;31;13;13;13;17;17;25;25;17;15;17;17;17;17;17;17;17;17;17;25;35;21;21;35;24;10;21;7;13;36;36;38;36;18;18;30;28;28;35;28;24;18;21;21;14;14;21;30;30;28;28;24;25;14;14;21;24;18;21;21;21;21;28;28;24;24;10;25;25;25;25;36;37;35;25;17;17;6;17;13;13;13;13;13;13;13;13;13;14;13;13;13;17;6;17;13;38;36;28;13;17;37;36;1
1;40;38;25;28;31;25;13;13;6;6;17;13;17;25;17;17;17;17;17;17;17;17;13;17;17;38;28;24;24;32;24;24;21;7;21;35;28;38;28;21;28;30;30;30;26;18;33;18;14;13;14;7;30;30;35;21;30;25;21;14;25;14;18;21;24;30;31;21;21;21;24;10;18;24;21;21;21;14;25;25;21;36;33;35;36;28;31;25;13;13;13;13;13;13;17;17;13;13;13;17;17;36;21;38;13;17;37;36;1
1;40;38;14;36;21;25;13;13;13;6;17;17;13;25;17;17;17;17;17;17;17;17;17;17;13;25;38;25;24;33;30;10;10;21;7;35;28;35;21;28;24;28;35;36;33;21;33;24;21;25;14;7;28;32;30;21;30;21;14;14;14;14;14;18;18;18;30;24;30;24;18;7;10;10;24;24;28;21;21;21;7;25;25;25;25;13;13;33;38;31;13;13;13;17;13;13;6;13;25;17;17;35;13;35;17;17;40;36;1
1;40;37;25;28;31;25;13;13;6;13;17;6;15;17;17;17;17;17;17;17;17;17;15;17;17;17;35;28;21;30;33;10;21;30;21;31;38;31;38;21;28;28;30;30;33;21;30;16;21;14;14;21;28;37;18;24;33;31;25;13;21;13;13;25;14;28;18;30;30;24;24;24;30;30;24;30;33;33;28;18;18;7;14;25;25;13;14;25;25;13;21;35;38;37;35;31;13;25;13;13;6;31;17;36;13;17;40;35;1
1;39;38;14;28;30;25;13;6;13;17;6;13;17;15;15;17;13;6;17;17;17;15;15;17;17;17;37;33;21;31;30;26;28;34;33;37;37;35;30;35;28;28;28;30;33;18;30;18;21;14;14;7;18;37;24;24;33;28;7;14;25;14;14;13;13;14;14;18;26;24;19;19;24;28;28;28;28;24;24;30;24;18;21;7;25;13;25;25;13;25;14;25;13;25;25;25;25;28;38;25;17;31;13;31;25;15;39;35;1
1;39;37;13;28;35;14;25;14;17;6;6;6;15;6;6;15;17;17;17;17;17;17;15;6;6;25;17;35;28;24;24;30;30;26;30;28;14;35;21;30;35;28;18;33;33;18;24;18;21;7;14;7;24;37;30;30;30;28;14;14;7;14;14;13;14;21;25;13;14;24;24;24;24;24;18;21;18;8;18;7;21;21;28;14;28;14;25;21;21;14;14;14;13;13;13;25;37;36;25;6;17;31;6;31;36;6;40;36;1
1;39;35;13;36;36;25;13;25;13;6;6;6;13;6;17;6;17;17;17;13;17;17;15;15;17;17;17;35;30;18;18;24;33;21;10;24;14;31;31;21;38;30;18;30;33;24;30;18;8;21;7;21;30;32;30;30;24;24;21;14;21;7;14;13;14;14;14;14;14;24;24;24;9;18;24;18;18;21;14;21;25;25;21;30;14;21;14;25;14;14;14;14;14;14;21;33;13;6;6;13;6;25;17;31;28;6;40;36;1
1;39;38;25;28;28;25;13;13;13;13;17;13;17;13;13;17;25;17;25;17;17;17;15;15;17;17;13;36;30;28;28;30;28;28;10;7;7;13;13;21;30;37;28;28;33;18;30;9;21;8;21;21;30;37;18;18;18;28;28;21;21;8;18;25;14;13;14;14;25;28;24;24;16;10;18;21;7;14;13;14;14;25;14;28;21;14;21;14;21;21;14;14;14;21;37;6;17;6;6;13;6;25;36;35;36;13;40;36;1
1;40;38;13;28;31;25;25;13;13;13;25;13;25;25;25;13;13;17;13;13;13;17;17;17;17;15;25;17;37;30;26;24;35;37;24;21;7;7;21;13;25;30;33;18;35;21;19;8;8;8;18;18;33;35;35;28;18;18;30;21;18;18;28;21;25;14;25;13;13;21;18;33;18;18;18;21;25;25;13;25;25;13;25;14;21;14;14;14;14;14;25;31;35;31;13;17;6;13;17;6;6;21;36;35;25;17;40;35;1
1;40;33;13;36;14;25;13;14;13;25;13;13;13;13;25;25;25;13;13;17;6;17;17;17;17;13;6;6;31;33;30;26;28;30;32;21;21;21;13;21;14;25;35;33;35;28;30;9;8;18;18;21;33;30;30;36;28;21;30;8;8;24;18;21;25;14;7;14;25;25;21;35;8;7;30;14;14;25;25;13;13;14;14;14;14;14;14;14;36;35;35;25;6;13;17;17;6;6;17;6;15;31;36;31;17;17;39;36;1
1;40;33;13;36;25;25;14;25;13;25;13;13;14;13;13;25;13;17;13;13;17;17;6;13;25;13;17;17;13;35;33;33;33;30;33;24;21;7;25;25;7;25;28;35;32;28;26;18;18;21;18;28;38;28;35;35;28;35;28;21;7;18;24;21;14;14;14;14;13;25;21;33;21;24;21;21;25;25;7;14;25;25;25;21;25;25;36;37;25;13;6;6;6;13;17;6;13;6;6;6;6;31;36;25;17;13;40;35;1
1;40;35;13;36;13;25;13;25;13;13;13;13;25;14;14;25;13;13;13;6;6;25;13;17;25;13;25;25;25;37;33;30;30;30;18;32;24;21;7;14;13;7;25;30;33;28;30;10;18;10;10;30;32;30;28;30;35;28;32;18;21;18;30;21;21;21;7;7;13;7;21;24;28;21;21;7;13;14;13;25;14;14;14;25;36;36;13;13;6;13;6;13;6;6;6;13;13;6;6;6;17;31;31;21;6;15;40;35;1
1;40;33;13;30;13;14;13;25;13;13;13;25;25;14;14;13;13;13;13;6;6;17;13;17;13;13;13;25;25;38;33;30;30;24;30;33;33;24;21;25;7;7;14;21;33;18;30;10;24;18;7;33;30;30;30;30;30;35;35;33;18;28;33;21;21;14;7;14;7;25;28;28;21;21;21;25;7;7;7;14;25;7;25;35;14;17;13;17;6;13;13;6;6;6;6;6;17;6;17;13;13;31;28;21;6;15;39;38;1
1;39;35;13;36;13;25;13;13;25;25;13;13;14;7;14;25;30;28;14;13;13;13;13;17;13;13;25;25;25;25;32;33;30;30;30;24;35;30;21;7;25;25;25;21;33;24;30;18;18;18;8;37;28;28;30;28;30;30;35;28;35;21;33;28;14;25;14;14;13;14;28;28;7;25;21;24;21;25;14;14;14;30;36;13;13;6;13;6;6;17;17;6;6;6;6;6;6;6;6;13;6;36;31;31;6;17;40;35;1
1;40;35;13;38;13;25;25;25;13;13;25;25;14;31;14;14;35;35;38;33;25;13;13;13;13;13;17;13;25;13;35;38;30;33;33;33;33;33;30;10;21;7;13;33;28;24;30;24;24;18;18;32;28;24;24;30;30;28;30;30;35;33;30;21;24;14;21;14;25;25;25;7;14;14;28;28;30;7;25;28;28;13;13;17;17;13;6;6;13;17;13;13;13;6;6;6;6;6;6;6;17;28;31;25;17;17;39;38;1
1;40;35;25;39;13;25;13;14;25;13;13;25;14;25;25;14;14;21;25;14;13;13;13;13;13;13;13;17;17;13;17;39;26;33;26;33;33;33;37;24;10;7;21;30;24;18;19;24;18;8;18;33;28;28;24;28;24;24;18;33;32;31;36;28;28;21;14;7;14;14;7;14;7;25;25;21;38;21;31;36;13;13;13;6;17;13;13;13;17;13;13;17;13;6;13;6;17;6;17;6;13;28;31;31;17;6;40;38;1
1;40;38;13;40;13;25;13;25;13;13;25;13;25;14;25;14;14;14;14;14;13;14;13;13;13;17;13;17;17;17;13;28;35;30;26;33;30;37;37;37;24;21;33;28;24;19;24;24;18;8;18;30;24;24;24;28;28;28;24;18;28;35;35;35;28;21;21;13;7;7;7;21;25;7;21;21;33;36;38;17;13;13;6;13;13;13;13;17;13;13;13;13;13;17;13;13;13;13;13;6;17;31;31;31;13;6;40;35;1
1;40;35;25;37;13;25;13;13;13;13;13;14;13;14;14;14;13;14;25;13;13;14;13;13;25;13;13;17;13;6;17;13;40;30;33;26;33;33;37;37;33;21;33;30;30;16;24;18;21;7;18;33;28;24;28;28;24;24;24;18;28;33;38;36;33;35;21;7;7;21;21;14;21;21;14;21;25;21;36;17;13;13;6;6;6;13;13;13;13;13;13;6;13;13;6;17;13;13;13;6;6;31;25;31;6;6;39;38;1
1;40;38;25;38;13;31;13;13;13;13;25;13;14;31;21;21;25;21;14;14;14;25;13;13;13;13;13;13;13;13;13;17;14;35;30;26;33;33;37;37;37;33;21;33;24;16;24;24;24;8;18;37;33;28;28;24;24;24;24;28;28;28;28;37;30;28;33;21;21;21;14;14;14;7;14;31;31;38;13;17;13;13;6;13;13;17;13;17;13;6;6;6;6;13;13;13;17;13;13;17;17;31;21;31;17;13;40;38;1
1;40;38;25;37;13;31;25;13;17;17;13;13;28;33;33;33;25;14;14;25;14;13;13;13;13;25;13;13;13;13;13;17;6;33;30;30;26;33;33;37;32;37;30;33;24;24;18;10;7;7;30;37;30;35;28;22;30;24;28;24;28;28;24;28;28;30;28;35;28;21;21;7;7;18;21;35;21;13;6;13;13;13;17;13;13;13;13;13;13;17;6;6;13;13;17;13;13;13;13;13;6;31;31;31;17;17;40;37;1
1;40;38;21;35;13;31;25;13;25;17;13;17;30;38;37;14;25;25;25;13;13;13;13;13;17;13;13;13;13;13;6;6;17;38;28;18;24;30;21;37;37;32;37;28;32;24;18;24;18;21;18;38;32;28;30;28;24;24;24;24;24;30;28;24;28;28;36;35;38;21;21;18;18;21;28;31;25;17;13;13;13;13;13;13;13;6;6;17;13;13;6;13;6;13;17;13;13;13;6;13;6;31;25;31;13;13;40;38;1
1;40;38;31;35;13;31;13;13;13;13;17;17;6;13;13;17;13;17;17;13;13;13;13;17;13;13;13;25;13;6;6;6;17;6;35;28;21;10;30;28;32;34;37;37;33;30;24;24;30;24;24;30;33;32;30;35;30;28;30;30;30;24;24;28;16;24;30;35;35;33;28;21;10;32;21;35;37;13;13;13;13;13;13;13;17;13;13;6;6;6;13;13;6;13;13;17;17;17;17;6;13;25;31;36;25;17;40;37;1
1;40;35;28;35;13;31;6;13;13;13;13;13;17;6;13;13;6;6;13;13;25;25;13;17;13;13;13;25;13;13;17;13;13;6;25;36;18;10;24;35;33;33;33;32;37;37;30;28;24;18;22;24;33;28;33;33;35;28;30;24;24;30;24;24;28;28;18;28;28;35;38;35;28;30;30;28;37;25;13;13;13;13;13;25;13;13;13;13;13;13;13;13;13;17;13;6;6;6;17;17;6;13;31;31;13;13;40;38;1
1;40;35;30;35;13;28;13;6;6;6;13;17;17;17;13;6;13;6;17;13;13;13;13;13;25;13;25;13;13;13;17;13;17;13;6;38;21;21;21;24;30;33;37;30;33;37;37;30;24;24;9;22;33;25;35;33;38;30;30;24;24;24;28;28;30;28;18;24;28;28;35;30;35;28;25;35;37;31;13;25;13;13;13;13;13;13;13;13;13;13;13;13;13;13;17;13;6;6;17;17;17;25;25;28;13;13;40;39;1
1;40;35;35;35;13;30;13;13;13;17;17;13;13;13;13;17;6;6;6;17;17;13;13;13;13;25;25;13;13;13;13;25;13;13;13;25;32;21;21;21;18;21;30;37;37;30;37;38;30;24;19;30;33;25;21;30;35;30;37;28;24;24;24;22;24;16;22;28;28;28;30;35;38;35;21;28;32;30;13;25;13;13;13;13;25;13;13;13;13;13;13;13;13;13;13;6;6;17;6;13;13;25;31;31;17;13;40;39;1
1;40;35;35;36;17;30;13;13;13;13;13;13;17;13;17;13;6;6;6;13;13;13;25;25;25;25;13;25;13;13;13;17;13;6;13;13;36;30;21;21;14;24;21;32;37;37;28;33;24;24;16;19;33;25;14;18;35;35;30;30;28;28;24;28;28;16;22;16;24;24;28;30;36;37;38;25;36;35;13;13;13;13;13;14;25;25;14;13;13;13;13;13;13;6;17;17;13;6;6;6;6;25;21;28;17;17;40;39;1
1;40;35;35;30;25;36;25;14;13;13;13;13;17;13;13;17;17;6;6;6;13;13;25;25;25;13;25;25;25;13;13;13;13;13;17;13;13;31;21;21;21;21;28;18;35;33;37;37;37;30;24;30;33;33;21;21;21;30;35;28;35;28;24;24;28;24;28;24;24;30;30;28;28;30;37;30;25;31;36;13;25;13;25;14;14;25;13;13;13;13;13;17;13;13;13;17;17;17;13;6;6;25;21;31;6;6;40;39;1
1;40;35;36;28;14;35;14;14;14;13;25;25;13;13;13;13;15;6;17;13;17;13;13;25;13;13;25;13;25;25;13;13;13;17;13;13;13;13;28;21;21;21;28;21;28;37;37;37;40;33;24;24;32;35;21;21;21;21;30;30;28;35;30;24;28;28;28;28;24;28;22;24;28;28;28;38;36;21;38;14;14;25;25;14;13;13;13;13;13;13;13;13;13;13;17;6;13;17;6;17;6;25;21;28;17;13;40;37;1
1;40;38;35;28;25;33;25;14;25;13;13;13;25;13;17;13;6;6;6;6;13;13;13;14;25;25;13;13;13;25;13;13;13;17;13;13;13;13;35;21;21;21;21;28;21;30;34;37;37;37;30;30;33;37;14;21;18;14;25;35;35;36;33;24;22;28;16;28;24;24;24;22;24;21;28;38;38;36;28;25;25;13;25;28;25;13;13;13;13;17;17;13;13;13;13;13;6;13;13;13;6;25;14;28;13;13;40;37;1
1;39;38;35;28;25;35;25;13;14;13;13;17;13;13;17;13;17;13;6;6;17;13;13;13;25;25;13;13;13;25;17;13;13;17;13;13;13;13;25;35;7;21;21;21;24;18;33;33;37;37;30;22;24;30;18;14;21;21;14;28;35;28;30;30;18;18;28;18;28;24;28;24;24;24;18;28;33;35;28;28;36;36;28;30;21;36;25;13;13;13;17;13;6;17;17;13;13;6;6;6;6;25;21;36;17;13;39;37;1
1;39;35;35;28;25;35;25;25;14;25;25;25;13;25;25;13;17;13;25;13;17;17;13;13;25;13;13;13;13;17;13;13;13;13;13;13;13;6;13;25;28;14;21;21;18;24;18;28;28;30;30;28;30;24;30;37;14;21;21;14;21;35;35;28;30;28;18;18;28;28;24;24;28;28;24;28;28;35;31;35;36;25;17;31;28;36;25;17;17;13;13;13;17;13;13;13;13;13;13;17;17;13;31;36;17;6;40;39;1
1;40;38;30;21;21;35;14;13;14;25;13;25;25;25;25;17;13;13;25;17;17;13;17;25;13;25;13;13;13;13;13;13;17;13;25;13;13;25;13;13;30;21;14;21;21;24;28;21;36;21;35;33;32;33;38;38;31;21;14;21;14;21;30;35;30;35;28;28;24;28;16;24;24;28;28;28;28;21;35;25;36;31;17;31;25;13;17;13;13;13;13;17;13;13;13;13;13;13;13;13;13;13;36;28;13;13;40;37;1
1;40;35;28;14;28;36;21;13;13;14;13;25;25;25;25;25;13;13;25;13;17;13;13;25;13;25;25;13;13;25;13;13;13;13;13;13;13;13;13;13;13;35;25;21;18;18;30;18;28;28;21;21;21;28;28;35;28;21;21;21;14;14;25;36;28;28;30;28;28;28;24;30;28;24;28;18;28;21;36;30;21;36;31;13;25;13;17;13;13;13;13;13;13;25;13;13;13;13;13;13;13;25;35;31;13;13;39;37;1
1;40;35;21;14;35;36;31;14;25;13;14;14;13;25;13;25;17;13;17;17;17;13;13;17;13;13;13;25;13;13;13;13;13;13;13;25;13;25;13;13;13;25;28;21;21;21;14;24;21;31;28;18;21;21;21;31;35;28;28;14;25;14;21;14;30;36;31;36;28;28;24;28;28;28;18;28;21;28;21;28;38;31;25;36;25;17;17;13;13;13;13;13;25;25;13;13;6;13;25;13;25;25;35;25;25;25;40;37;1
1;39;38;25;28;31;37;21;13;14;25;13;14;14;13;25;13;25;13;13;25;25;13;13;13;14;13;25;25;25;13;13;13;13;13;13;13;13;13;13;13;13;13;28;21;21;14;14;14;24;21;21;18;21;21;21;31;31;30;30;21;21;21;14;14;25;30;30;18;28;30;28;28;18;28;18;28;18;28;18;21;21;28;35;21;25;21;13;13;13;25;13;14;14;13;25;13;13;13;13;13;25;31;36;13;25;17;39;40;1
1;40;35;25;35;25;37;28;25;14;28;31;31;28;13;13;13;13;13;25;13;14;13;25;25;14;25;25;25;25;13;25;13;13;13;14;13;13;13;13;13;13;13;13;28;21;21;14;14;21;28;21;21;28;21;21;14;21;21;28;21;21;14;14;14;14;14;30;35;18;35;30;28;24;24;22;18;18;18;18;31;21;21;21;28;25;25;31;31;13;25;14;14;14;25;25;14;13;14;28;25;21;30;28;13;25;13;39;37;1
1;40;38;25;36;25;38;36;38;39;36;38;31;35;13;25;13;13;25;25;13;13;14;25;25;14;25;21;21;25;25;13;25;13;25;14;13;14;13;13;13;13;13;13;14;35;21;21;14;21;21;28;21;21;28;14;21;31;18;21;30;21;21;21;14;14;14;14;35;35;21;33;30;28;28;16;28;28;18;18;18;28;28;21;14;31;13;21;31;25;21;25;14;14;14;14;25;21;25;28;28;36;21;28;25;25;13;40;40;1
1;40;38;25;21;28;35;36;38;28;38;38;31;35;14;14;14;13;13;25;25;25;14;21;21;21;21;21;21;14;25;14;14;25;25;25;25;14;14;13;13;13;25;13;13;25;28;21;14;21;21;28;18;21;21;21;21;31;18;28;28;28;28;21;14;14;13;14;21;33;30;28;35;35;30;24;28;28;28;28;18;18;21;18;21;21;14;25;21;28;31;25;25;14;21;21;21;21;14;31;36;31;25;36;13;25;13;40;37;1
1;40;37;21;21;21;30;25;14;14;35;35;35;21;14;25;13;13;14;25;25;25;14;25;25;25;25;25;25;25;25;25;13;13;14;14;25;14;14;13;13;13;14;13;25;25;28;31;21;21;21;18;28;28;18;21;21;21;21;18;28;18;22;18;18;14;14;14;14;14;28;35;28;30;35;30;28;22;28;28;28;28;18;28;28;18;21;21;21;14;25;21;21;21;31;21;21;21;21;21;37;21;21;36;14;14;13;39;40;1
1;40;37;21;14;21;28;35;25;36;36;36;37;25;13;25;25;25;25;25;21;21;14;14;14;25;14;14;14;14;14;14;14;14;25;25;14;25;14;25;13;25;14;13;13;14;13;28;21;21;18;18;21;28;18;28;21;28;28;28;21;18;28;18;28;21;14;21;21;21;21;28;33;28;33;33;28;22;22;28;28;24;24;24;28;28;28;18;18;21;25;25;21;18;18;21;21;21;21;30;35;28;28;28;21;21;25;40;39;1
1;40;37;14;18;21;18;21;28;35;35;21;35;14;25;25;14;21;21;21;21;21;21;21;21;21;25;14;14;21;14;14;25;14;14;14;25;14;25;13;25;25;25;21;25;13;14;25;28;21;18;18;16;18;30;28;28;21;28;28;28;28;28;28;18;28;21;21;14;21;18;21;28;33;30;30;33;28;30;30;24;24;30;30;30;24;24;30;22;28;28;21;21;25;21;21;28;18;28;35;30;28;28;30;14;21;25;40;37;1
1;40;38;21;18;18;18;21;35;21;21;28;30;21;21;21;31;21;18;31;18;18;18;31;18;21;21;14;21;14;25;21;14;14;21;21;14;21;14;14;13;13;13;25;25;25;14;13;31;21;21;18;28;16;18;30;28;28;21;28;28;28;18;28;28;18;18;14;14;21;21;21;21;28;30;28;32;35;28;30;24;28;24;24;30;30;28;28;22;24;24;28;18;21;14;21;28;18;33;28;30;18;18;28;21;21;21;39;40;1
1;40;38;21;18;28;28;30;38;21;31;35;18;21;21;21;21;28;28;28;18;18;21;21;18;18;21;21;21;21;14;14;21;21;21;21;21;21;14;21;14;13;21;21;14;21;14;21;14;18;28;18;18;28;28;28;30;28;24;21;30;18;28;16;28;18;28;21;14;8;21;18;18;18;28;33;28;33;30;22;24;30;22;30;30;30;30;30;30;24;28;33;28;21;14;14;18;18;32;28;30;28;18;28;18;21;21;40;40;1
1;40;37;31;18;28;28;39;38;35;35;28;28;18;18;18;18;28;28;28;16;28;28;28;28;31;18;21;21;21;18;21;14;14;21;21;21;18;18;14;21;21;21;21;18;18;21;28;21;18;28;28;24;18;24;18;18;30;24;28;21;16;28;18;16;28;18;28;18;21;18;18;18;18;18;21;33;28;28;32;30;28;30;30;30;30;28;28;30;30;33;24;24;16;28;28;31;28;35;30;28;18;35;28;28;28;18;40;39;1
1;40;38;28;28;30;33;37;36;28;28;18;18;28;28;28;16;28;28;28;28;28;16;28;16;28;28;21;21;18;21;21;21;21;21;21;21;21;21;21;21;21;21;21;18;21;21;21;21;21;21;28;28;16;28;18;21;21;28;22;18;18;28;16;18;18;21;18;28;18;21;21;18;8;18;21;21;30;28;28;33;30;24;24;30;28;28;24;22;30;30;30;24;24;28;28;28;28;33;30;18;21;38;30;28;24;18;40;39;1
1;40;33;28;28;33;28;38;28;28;28;28;18;18;28;16;28;28;28;28;18;28;18;28;28;18;28;18;18;18;18;21;18;21;21;14;21;21;21;21;21;21;21;21;21;21;21;21;21;21;14;21;28;22;24;18;18;18;18;30;18;18;18;28;28;18;18;28;18;18;28;21;21;21;21;21;18;28;28;28;18;35;33;30;28;28;30;30;30;18;30;24;30;22;30;28;28;28;32;33;21;21;30;35;28;28;28;40;39;1
1;40;38;31;18;30;21;35;28;28;18;28;28;28;18;28;28;28;28;18;18;18;28;28;28;18;18;21;18;28;21;21;21;21;14;21;21;25;14;21;21;21;21;28;31;21;21;21;21;21;21;21;18;28;22;28;18;21;18;21;22;18;18;21;18;18;31;28;21;21;21;28;21;14;21;21;21;18;18;30;18;18;35;30;28;24;28;28;30;28;35;30;33;28;22;28;28;30;30;35;28;31;35;28;28;28;28;40;39;1
1;40;38;31;18;21;18;28;35;18;28;28;21;28;18;28;28;28;28;28;18;28;18;28;28;21;21;28;18;21;21;21;21;14;21;21;14;21;14;21;21;28;21;21;21;21;31;25;14;21;21;21;21;18;28;24;28;21;21;21;21;28;18;18;14;21;28;28;18;28;28;28;28;18;21;14;21;21;21;21;28;28;28;28;28;28;22;28;28;28;30;35;30;33;33;33;33;28;28;18;28;33;18;28;21;24;18;40;37;1
1;40;38;18;16;16;31;21;28;30;28;28;18;28;28;18;28;16;28;16;28;28;28;18;18;31;18;21;18;31;18;21;21;21;21;21;21;21;21;21;21;18;18;18;18;18;21;21;21;21;21;21;14;14;21;18;28;18;21;21;14;21;18;21;14;25;21;18;22;28;22;28;28;30;28;21;21;21;21;21;21;28;28;18;28;30;28;30;30;28;30;30;33;28;30;28;28;28;28;28;35;28;28;21;21;18;28;40;40;1
1;40;38;28;18;18;18;31;21;30;35;18;28;18;28;28;18;22;28;28;22;21;18;21;18;28;18;18;31;18;21;21;21;18;21;18;21;21;31;18;21;18;18;28;21;28;28;31;18;21;14;21;14;21;14;14;18;18;21;21;21;21;21;21;21;21;14;21;28;30;28;28;28;28;28;18;21;21;21;14;14;18;28;28;21;28;35;30;28;30;28;28;33;33;30;30;24;30;30;35;28;28;28;28;21;31;31;40;40;1
1;40;37;28;21;21;28;31;31;18;18;28;31;28;28;28;31;28;30;36;30;28;28;18;18;31;28;28;28;31;18;21;21;18;31;18;18;31;21;18;28;18;18;18;31;31;18;21;21;31;21;25;14;25;25;25;21;28;31;18;18;21;21;28;28;31;25;21;21;28;28;30;30;30;28;28;21;21;21;21;21;31;18;28;28;21;28;30;28;28;28;30;36;28;30;32;37;35;35;28;31;28;28;28;28;21;31;39;40;1
1;38;40;40;40;40;40;40;40;40;40;40;40;40;40;40;40;40;40;40;40;40;40;40;40;40;40;40;40;40;40;40;40;40;40;40;40;40;40;40;40;40;40;40;40;40;40;40;40;40;40;40;40;40;40;40;40;40;40;40;40;40;40;40;40;40;37;40;40;40;40;40;40;40;40;40;40;40;40;40;40;40;40;40;40;40;40;40;40;40;40;40;40;40;40;40;40;40;40;40;40;40;40;40;40;40;40;40;36;1
1;1;1;1;1;1;1;1;1;1;1;1;1;1;1;1;1;1;1;1;1;1;1;1;1;1;1;1;1;1;1;1;1;1;1;1;1;1;1;1;1;1;1;1;1;1;1;1;1;1;1;1;1;1;1;1;1;1;1;1;1;1;1;1;1;1;1;1;1;1;1;1;1;1;1;1;1;1;1;1;1;1;1;1;1;1;1;1;1;1;1;1;1;1;1;1;1;1;1;1;1;1;1;1;1;1;1;1;1;1
1;1;1;1;1;1;1;1;1;1;1;1;1;1;1;1;1;1;1;1;1;1;1;1;1;1;1;1;1;1;1;1;1;1;1;1;1;1;1;1;1;1;1;1;1;1;1;1;1;1;1;1;1;1;1;1;1;1;1;1;1;1;1;1;1;1;1;1;1;1;1;1;1;1;1;1;1;1;1;1;1;1;1;1;1;1;1;1;1;1;1;1;1;1;1;1;1;1;1;1;1;1;1;1;1;1;1;1;1;1
legende 
--------- 
dimensions : (180, 110) 
                   R                    G                    B               number                count 
                 255                  255                  255                    1                  680 
                 253                  245                  243                    2                  240 
                 250                  233                  212                    3                   11 
                 248                  219                  200                    4                   23 
                 238                  227                  227                    5                   89 
                 233                  200                  174                    6                  473 
                 233                  130                   96                    7                  143 
                 228                  119                   75                    8                   50 
                 226                  103                   57                    9                   24 
                 226                   92                   65                   10                   73 
                 224                   84                   44                   11                    7 
                 224                   66                   30                   12                   52 
                 223                  175                  145                   13                 1532 
                 220                  148                  105                   14                  549 
                 219                  206                  201                   15                  175 
                 208                  110                   51                   16                   73 
                 204                  189                  185                   17                  773 
                 202                  117                   75                   18                  491 
                 202                   80                   44                   19                  166 
                 202                   50                   22                   20                   93 
                 200                  128                   97                   21                  977 
                 199                  100                   32                   22                   45 
                 198                   70                   28                   23                   42 
                 197                   88                   63                   24                  740 
                 189                  155                  134                   25                 1023 
                 177                   53                   34                   26                  867 
                 175                   42                   14                   27                   87 
                 174                  103                   74                   28                 1102 
                 174                   20                    4                   29                   86 
                 169                   76                   47                   30                  930 
                 161                  126                  112                   31                  472 
                 142                   38                   15                   32                  597 
                 140                   53                   34                   33                  821 
                 137                   17                    6                   34                  409 
                 119                   65                   48                   35                  612 
                 117                   85                   79                   36                  752 
                  93                   22                   13                   37                 1808 
                  85                   53                   48                   38                  885 
                  43                   30                   32                   39                  738 
                  42                    8                    5                   40                 1090 
