1;1;1;1;1;1;1;1;1;1;1;1;1;1;1;1;1;1;1;1;1;1;1;1;1;1;2;4;4;2;1;1;1;1;1;2;6;4;8;11;15;23;22;8;2;2;2;1;1;1;1;2;11;22;22;22;23;22;22;19;15;6;4;11;4;6;19;22;23;23;15;19;22;23;23;19;16;16;16;8;4;8;22;19;4;19;15;11;8;6;11;4;2;2;1;1;2;2;2;2;2;1;1;1;1;1;2;1;1;2;2;1;1;2;1;1;1;1;1;1;1;1;1;1;1;1;1;1;1;1;1;1;1;1;1;1;1;1;1;1;1;1;1;1;1;1;1
1;1;1;1;1;1;1;1;1;1;1;1;1;1;1;1;1;1;1;1;1;1;1;2;2;2;2;6;4;4;2;2;1;1;1;2;6;4;4;15;15;23;23;22;4;2;2;2;1;1;1;2;8;22;23;23;23;22;22;22;19;15;6;11;11;8;22;22;23;25;22;22;22;23;22;18;22;12;19;11;11;22;23;8;11;22;11;11;8;8;11;4;1;1;1;2;2;2;4;2;2;1;1;1;1;1;2;2;2;2;2;2;2;1;1;1;1;1;1;1;1;1;1;1;1;1;1;1;1;1;1;1;1;1;1;1;1;1;1;1;1;1;1;1;1;1;1
1;1;1;1;1;1;1;1;1;1;1;1;1;1;1;1;1;1;1;1;1;1;1;1;2;2;4;4;8;6;4;4;2;2;2;2;4;6;4;6;15;16;21;23;15;2;2;2;2;1;1;2;8;22;23;23;23;23;22;19;22;22;15;8;15;15;25;25;23;25;22;23;23;23;23;18;18;16;16;15;15;22;11;8;19;15;15;7;11;19;11;2;1;1;2;2;2;6;6;4;2;1;1;2;2;2;8;6;6;2;2;2;1;1;1;1;1;1;1;1;1;1;1;1;1;1;1;1;1;1;1;1;1;1;1;1;1;1;1;1;1;1;1;1;1;1;1
1;1;1;1;1;1;1;1;1;1;1;1;1;1;1;1;1;1;1;1;1;1;1;1;1;2;2;4;4;8;8;6;6;4;4;2;8;11;8;8;11;19;23;24;23;15;2;2;6;2;2;2;6;19;22;23;25;23;23;19;22;23;22;11;22;22;25;23;23;25;23;25;23;23;23;18;18;16;12;19;22;22;8;19;22;19;15;7;16;16;4;1;1;2;4;4;5;7;8;4;2;2;4;11;11;11;11;6;2;1;1;4;2;1;1;1;1;1;1;1;1;1;1;1;1;1;1;1;1;1;1;1;1;1;1;1;1;1;1;1;1;1;1;1;1;1;1
1;1;1;1;1;1;1;1;1;1;1;1;1;1;1;1;1;1;1;1;1;1;1;1;1;2;2;8;8;8;11;11;8;6;4;4;8;11;11;11;19;22;23;24;25;23;11;2;4;8;2;2;4;15;23;23;18;23;25;22;22;22;22;22;22;25;25;25;23;25;25;23;23;23;24;23;16;18;22;23;23;15;15;19;22;16;15;12;18;11;4;4;8;15;11;7;19;10;8;6;6;15;19;15;11;11;11;8;2;2;2;6;4;2;1;1;1;1;1;1;1;1;1;1;1;1;1;1;1;1;1;1;1;1;1;1;1;1;1;1;1;1;1;1;1;1;1
1;1;1;1;1;1;1;1;1;1;1;1;1;1;1;1;1;1;1;1;1;1;1;1;1;2;2;8;15;6;8;19;19;15;11;8;6;11;11;15;15;19;18;24;23;24;22;8;4;8;8;6;4;11;23;24;20;21;25;25;23;22;22;22;25;27;25;23;25;25;25;23;25;23;23;20;16;18;14;23;25;22;15;22;16;23;16;12;18;15;11;11;11;11;5;11;7;11;11;8;11;15;15;4;8;8;4;2;2;2;4;6;2;2;2;1;1;1;1;1;1;1;1;1;1;1;1;1;1;1;1;1;1;1;1;1;1;1;1;1;1;1;1;1;1;1;1
1;1;1;1;1;1;1;1;1;1;1;1;1;1;1;1;1;1;1;1;1;1;1;1;1;1;4;4;11;11;6;6;11;15;8;11;15;19;22;15;16;11;15;24;24;23;25;22;8;6;11;11;6;11;23;23;20;23;25;23;23;25;22;22;25;25;27;25;23;25;25;23;25;24;23;20;18;16;18;25;23;15;19;23;16;20;18;12;16;15;6;8;8;5;11;10;10;10;8;11;15;16;8;6;11;8;4;4;2;2;4;4;2;2;2;4;2;2;1;1;1;1;1;1;1;1;1;1;1;1;1;1;1;1;1;1;1;1;1;1;1;1;1;1;1;1;1
1;1;1;1;1;1;1;1;1;1;1;1;1;1;1;1;1;1;1;1;1;1;1;1;1;1;2;2;6;15;8;4;8;15;15;6;15;15;23;22;18;16;10;22;24;24;24;25;22;15;8;15;15;11;22;20;21;20;24;23;25;23;23;22;23;27;25;25;23;25;25;23;25;23;23;20;20;16;14;25;23;22;23;24;18;20;18;12;19;8;8;8;8;16;16;16;10;10;19;19;10;12;8;8;11;6;6;4;4;6;6;4;6;4;4;2;2;2;2;1;1;1;2;1;1;1;1;1;1;1;1;1;1;1;1;1;1;1;1;1;1;1;1;1;1;1;1
1;1;1;1;1;1;1;1;1;1;1;1;1;1;1;1;1;1;1;1;1;1;1;1;1;2;4;2;2;15;19;6;6;11;19;15;11;11;15;21;18;18;16;19;20;24;24;25;23;23;16;19;12;15;22;24;20;18;23;25;23;25;23;22;23;25;27;25;25;25;25;25;25;25;20;23;21;18;16;25;22;23;25;20;20;18;12;14;11;6;11;11;16;13;13;18;16;18;22;12;16;15;8;15;11;11;11;11;10;10;10;7;8;6;4;4;4;2;1;1;2;2;2;1;1;1;1;1;1;1;1;1;1;1;1;1;1;1;1;1;1;1;1;1;1;1;1
1;1;1;1;1;1;1;1;1;1;1;1;1;1;1;1;1;1;1;1;1;1;1;1;1;1;4;4;2;8;19;15;6;8;15;16;19;11;15;22;20;20;18;20;23;24;24;24;24;20;18;16;13;18;22;24;18;20;21;25;25;25;23;16;23;25;27;25;25;25;27;25;25;25;23;20;24;18;20;23;25;25;24;20;20;16;13;12;11;15;23;23;14;13;14;18;12;19;7;10;15;8;11;10;11;10;11;16;10;12;10;11;8;8;6;6;4;1;2;4;4;2;1;1;1;1;1;1;1;1;1;1;1;1;1;1;1;1;1;1;1;1;1;1;1;1;1
1;1;1;1;1;1;1;1;1;1;1;1;1;1;1;1;1;1;1;1;1;1;1;1;2;1;2;4;4;2;15;18;15;11;11;12;16;16;15;16;23;18;13;20;24;24;24;25;25;21;18;20;18;17;23;25;20;21;24;25;24;25;21;23;23;25;27;25;25;25;25;26;25;23;25;20;23;18;18;25;27;25;21;24;17;13;13;16;12;23;21;20;13;14;18;18;10;11;10;16;7;15;10;10;10;10;10;12;10;7;6;2;4;6;6;2;4;4;4;4;2;2;1;1;1;1;1;1;1;1;1;1;1;1;1;1;1;1;1;1;1;1;1;1;1;1;1
1;1;1;1;1;1;1;1;1;1;1;1;1;1;1;1;1;1;1;1;1;1;1;1;1;4;2;2;8;6;6;22;17;19;15;19;12;16;16;18;20;18;18;17;20;25;25;26;26;24;21;20;14;20;24;23;21;17;21;24;24;25;24;18;20;25;27;27;25;25;25;27;26;23;23;20;20;20;18;25;26;23;21;24;18;14;14;13;18;24;21;18;13;17;18;16;15;16;20;18;16;16;10;16;12;12;9;10;7;8;4;6;8;6;4;4;4;8;4;4;2;1;1;1;1;1;1;1;1;1;1;1;1;1;1;1;1;1;1;1;1;1;1;1;1;1;1
1;1;1;1;1;1;1;1;1;1;1;1;1;1;1;1;1;1;1;1;1;1;1;1;1;2;4;2;6;15;6;11;20;20;22;16;12;18;22;16;20;13;13;18;20;24;24;25;26;24;20;20;14;17;24;25;24;20;21;24;23;25;24;21;23;23;25;27;25;27;25;27;27;25;20;20;20;20;20;26;25;20;20;24;17;17;13;13;21;20;18;17;14;17;18;20;20;17;21;20;13;10;13;13;12;13;9;12;10;10;15;15;5;4;4;7;11;6;4;2;2;2;1;1;1;1;1;1;1;1;1;1;1;1;1;1;1;1;1;1;1;1;1;1;1;1;1
1;1;1;1;1;1;1;1;1;1;1;1;1;1;1;1;1;1;1;1;1;1;1;1;1;1;2;6;6;11;15;8;10;20;21;20;23;13;17;18;23;14;12;14;17;24;26;26;26;24;21;20;17;17;24;26;24;21;21;24;24;24;24;23;21;20;25;27;25;25;27;27;25;25;24;18;20;21;24;26;24;18;21;24;21;13;13;17;17;18;21;14;18;17;20;21;21;21;21;18;13;13;16;12;13;13;12;9;9;16;16;12;7;11;7;16;10;5;6;4;2;1;1;1;1;1;1;1;1;1;1;1;1;1;1;1;1;1;1;1;1;1;1;1;1;1;1
1;1;1;1;1;1;1;1;1;1;1;1;1;1;1;1;1;2;1;1;1;1;1;2;2;1;1;4;8;11;15;16;19;18;21;21;21;18;18;24;24;18;13;13;12;18;23;27;27;24;21;21;20;17;24;25;26;21;21;21;20;25;25;24;20;23;25;27;27;25;27;27;25;25;24;20;20;21;25;25;21;14;24;26;17;18;18;17;17;17;20;17;21;21;20;24;21;21;18;13;14;18;14;9;13;12;13;12;16;12;13;16;9;10;9;10;10;4;6;4;2;1;1;1;2;2;2;2;1;1;1;1;1;1;1;1;1;1;1;1;1;1;1;1;1;1;1
1;1;1;1;1;1;1;1;1;1;1;1;1;1;1;2;2;1;2;2;1;1;2;2;2;2;1;2;8;11;11;16;20;18;18;21;24;21;18;21;24;16;7;5;7;7;11;22;23;25;24;21;21;17;21;26;26;21;21;24;20;21;25;24;25;20;24;27;25;27;27;27;25;25;25;20;20;20;25;25;24;17;24;24;20;17;14;17;14;20;17;21;21;21;21;24;20;18;13;13;18;18;14;13;9;13;13;13;18;12;12;9;9;9;10;6;4;6;6;6;6;4;4;2;4;2;1;1;1;1;1;1;1;1;1;1;1;1;1;1;1;1;1;1;1;1;1
1;1;1;1;1;1;1;1;1;1;1;1;1;1;1;1;4;2;2;4;2;1;2;2;2;4;1;1;4;8;15;16;16;17;14;17;20;21;14;16;15;11;7;7;10;7;7;15;19;19;23;24;20;21;20;26;27;21;21;24;24;20;26;24;24;20;23;25;27;25;27;28;27;25;24;21;20;24;24;24;21;17;25;24;21;21;21;17;17;20;17;21;21;24;21;20;16;18;16;18;17;14;14;13;13;14;13;13;12;18;13;12;7;7;7;5;8;5;7;11;4;4;4;4;4;2;1;1;1;2;2;1;1;1;1;1;1;1;1;1;1;1;1;1;1;1;1
1;1;1;1;1;1;1;1;1;1;1;1;1;1;1;1;2;4;2;6;8;4;2;2;4;6;4;1;2;4;11;19;16;18;20;17;17;21;16;7;10;16;16;13;17;14;14;18;22;19;15;24;21;21;17;24;26;24;21;24;24;20;24;23;21;21;20;25;27;27;27;27;26;25;24;20;20;24;24;24;20;17;24;25;21;17;17;17;18;21;21;21;21;21;18;10;18;17;13;21;17;17;14;13;13;14;13;14;14;14;14;12;7;9;10;5;10;10;8;4;6;8;6;4;2;1;1;1;4;2;1;1;2;2;1;1;1;1;1;1;1;1;1;1;1;1;1
1;1;1;1;1;1;1;1;1;1;1;2;2;1;1;1;1;4;6;2;5;8;4;2;8;8;8;4;2;2;6;16;18;13;20;17;14;18;10;7;19;24;21;13;16;12;12;18;24;23;15;16;24;21;21;24;27;24;21;24;24;24;24;24;24;21;20;24;27;25;28;26;26;25;24;17;24;24;24;24;17;20;24;26;24;21;21;14;14;24;24;24;21;21;10;10;21;18;14;17;17;17;14;14;14;14;14;17;17;14;13;7;12;10;7;7;9;10;11;10;10;8;6;6;2;2;2;6;2;2;2;2;4;1;1;1;1;1;1;1;1;1;1;1;1;1;1
1;1;1;1;1;1;1;1;1;1;1;2;2;4;2;2;2;2;8;6;6;10;11;4;6;11;11;8;6;4;8;15;17;13;17;21;14;10;10;7;20;24;16;7;7;11;7;7;18;26;22;10;20;21;21;24;26;26;21;24;26;21;24;21;24;21;21;24;25;27;27;25;27;25;24;17;24;24;24;20;21;21;24;26;21;21;21;14;17;21;24;21;21;21;20;13;17;13;13;21;21;21;14;17;17;17;17;17;14;14;13;7;12;12;9;12;9;12;12;10;8;4;4;2;2;4;6;4;2;2;6;6;2;1;1;1;1;1;1;1;1;1;1;1;1;1;1
1;1;1;1;1;1;1;1;1;2;1;2;2;4;2;1;2;2;2;5;6;8;12;11;6;11;10;19;11;11;11;11;16;13;18;21;20;7;7;16;21;18;15;10;16;18;10;5;10;21;25;10;16;21;21;21;26;26;24;26;24;24;24;24;24;21;24;20;26;26;27;26;26;26;24;21;24;26;21;20;21;21;24;26;24;24;20;14;21;21;21;21;24;20;21;14;14;12;17;21;21;17;14;14;17;17;17;17;17;14;13;9;9;13;12;9;12;10;10;8;4;3;4;2;4;3;8;6;6;7;8;2;2;1;1;1;1;1;1;1;1;1;1;1;1;1;1
1;1;1;1;1;1;1;1;1;2;4;2;4;6;6;4;2;4;4;6;10;11;10;12;10;8;11;15;16;19;12;10;16;18;13;17;21;7;7;18;21;15;19;20;21;21;21;9;7;19;27;19;10;21;21;21;26;26;24;26;24;24;24;25;24;24;24;20;26;26;27;26;26;25;21;24;24;24;21;24;24;21;26;24;21;24;17;17;20;21;24;26;24;21;21;17;13;13;17;24;21;17;17;17;21;17;21;21;12;9;9;14;7;12;9;12;10;11;8;6;8;8;6;8;7;7;7;11;10;11;4;4;2;1;1;1;1;1;1;1;1;1;1;1;1;1;1
1;1;1;1;1;1;1;1;1;1;2;4;8;11;7;11;5;6;8;8;10;12;16;12;13;10;16;18;18;18;17;18;17;17;13;14;21;10;7;20;20;7;16;26;21;18;18;14;10;7;26;23;10;24;24;24;24;26;24;26;26;24;24;24;24;24;24;21;26;26;26;27;26;26;21;21;21;24;24;24;24;24;26;24;21;21;17;17;24;26;26;26;24;21;21;14;13;17;21;24;21;17;21;17;17;17;21;12;10;13;9;12;9;13;9;10;7;11;8;8;7;7;7;10;12;16;16;12;10;5;6;2;2;2;1;1;1;1;1;1;1;1;1;1;1;1;1
1;1;1;1;1;1;1;1;1;1;1;4;4;11;16;12;16;10;7;10;7;16;13;13;14;14;18;17;21;17;21;17;17;17;14;14;17;10;7;16;24;10;15;24;24;15;12;17;10;7;21;23;15;21;24;24;24;26;26;26;24;24;24;26;24;24;24;24;26;27;26;26;26;26;21;20;24;26;21;24;24;24;26;21;21;24;21;21;24;24;26;24;21;24;21;14;17;17;24;21;17;21;21;17;14;21;17;16;14;9;14;13;13;9;13;9;15;15;12;12;12;10;10;12;13;13;12;12;10;5;8;4;4;2;1;1;1;1;1;1;1;1;1;1;1;1;1
1;1;1;1;1;1;2;2;2;2;2;2;6;6;10;16;12;12;10;10;16;13;13;14;17;14;14;14;21;24;21;17;21;21;17;13;14;19;7;10;21;23;7;18;23;19;16;14;7;10;17;19;16;24;26;24;21;24;26;26;26;26;24;24;26;24;24;26;25;27;26;27;26;25;20;17;26;24;24;26;24;24;24;17;24;24;21;24;24;24;26;24;24;24;21;17;17;17;24;17;24;21;21;17;17;20;21;16;13;14;14;14;14;9;12;16;16;14;14;13;13;13;13;14;14;12;12;12;12;10;11;11;8;4;4;2;1;1;1;1;1;1;1;1;1;1;1
1;1;1;1;1;2;2;2;4;2;4;2;8;5;11;10;14;14;13;12;13;18;14;14;17;14;14;14;14;21;21;17;17;24;21;17;14;13;10;10;16;24;20;19;19;23;26;18;7;10;20;10;23;24;24;24;24;26;24;26;26;26;26;24;24;24;26;24;24;26;27;27;26;25;17;24;24;24;26;24;24;24;24;21;26;24;21;21;24;26;24;24;26;21;21;17;14;24;21;21;24;21;17;17;16;16;16;17;13;14;14;13;12;13;12;12;18;17;13;13;14;14;14;14;12;12;13;13;13;16;16;15;11;6;2;2;1;1;1;1;1;1;1;1;1;1;1
1;1;1;1;1;1;1;2;4;4;6;4;4;11;7;10;12;13;13;14;13;14;17;17;14;17;17;14;14;14;21;21;17;24;24;21;14;14;10;10;10;18;24;24;24;26;25;10;7;14;16;16;24;21;24;26;21;21;26;26;26;26;26;24;26;26;24;26;24;25;27;27;25;24;21;24;26;24;26;26;24;21;24;24;26;26;21;21;24;24;24;26;24;21;21;17;17;24;21;17;21;21;17;17;16;24;18;18;21;14;13;14;13;13;12;18;17;14;13;14;14;17;14;9;13;13;13;13;16;18;19;11;11;8;4;2;2;2;2;1;1;1;1;1;1;1;1
1;1;1;1;1;1;2;1;2;4;11;15;11;10;16;13;18;13;12;14;14;13;14;17;14;17;17;17;14;14;17;21;17;17;26;21;17;17;14;15;7;15;16;16;16;22;19;19;16;14;10;21;26;24;17;24;21;21;26;26;24;26;26;24;27;26;24;24;24;24;28;26;26;26;24;21;26;26;26;26;24;24;26;24;26;24;24;21;24;24;21;27;21;21;21;21;21;21;17;21;24;17;13;20;18;16;18;21;17;17;14;14;13;13;17;21;18;13;14;17;17;17;13;13;14;14;14;18;20;22;10;10;11;8;8;6;2;2;1;1;1;1;1;1;1;1;1
1;2;1;2;2;2;2;4;4;4;6;7;15;10;10;16;14;17;14;13;13;14;14;17;17;17;14;17;17;17;14;17;21;17;21;24;17;17;17;18;16;10;11;10;15;10;22;25;24;17;14;21;26;26;17;21;24;24;21;26;26;26;26;24;26;24;24;24;24;24;27;26;26;24;24;24;26;26;26;24;24;26;26;26;24;24;24;21;24;24;26;26;17;21;17;21;21;17;14;21;21;16;10;17;24;21;17;21;21;14;17;14;13;17;24;21;13;12;21;17;14;13;13;14;14;17;21;24;21;12;16;19;11;6;2;2;1;1;1;1;1;1;1;1;1;1;1
1;1;1;1;1;2;4;4;4;4;6;8;11;15;10;10;16;17;17;14;13;12;14;14;14;21;14;17;21;17;17;14;17;17;17;24;21;21;14;17;24;20;20;23;18;18;25;27;26;21;17;21;24;26;24;17;26;24;24;26;26;26;24;24;26;26;24;24;21;24;26;27;24;24;26;24;26;26;26;26;26;26;26;26;24;26;24;24;24;24;26;24;21;21;21;21;21;17;17;21;21;12;16;18;22;21;24;21;21;17;17;13;21;24;21;14;14;17;17;17;14;13;17;14;14;21;24;24;18;13;23;16;11;6;4;2;2;1;1;1;1;1;1;1;1;1;1
1;1;1;1;1;1;2;2;2;4;6;6;11;11;15;16;16;13;21;17;14;13;13;14;14;17;17;17;21;17;17;17;14;21;21;17;21;21;21;21;21;24;21;25;24;21;21;26;26;24;17;21;24;26;26;21;24;26;24;24;24;26;24;26;24;26;24;24;24;25;27;26;24;26;24;26;26;26;26;24;26;26;26;26;24;26;24;26;21;26;26;21;21;21;21;21;17;17;21;18;17;17;18;23;21;21;24;21;17;17;14;14;24;24;14;14;17;21;17;13;13;17;17;14;24;24;21;18;14;16;16;10;11;8;6;2;1;1;1;1;1;1;1;1;1;1;1
1;1;1;1;2;2;1;1;2;2;2;6;8;8;10;19;17;18;17;24;21;17;14;14;14;14;14;14;14;17;21;17;17;14;21;21;21;17;17;17;24;24;24;24;26;20;17;26;26;24;21;17;21;26;26;21;21;26;24;26;26;26;26;26;24;26;26;21;24;26;27;26;24;26;24;24;26;26;26;26;26;26;26;26;24;26;24;26;21;26;24;21;21;21;21;21;21;16;17;24;16;21;26;21;21;24;21;21;21;17;17;21;24;17;17;17;21;17;14;13;13;14;14;21;21;21;18;13;17;18;18;12;10;4;2;2;1;1;1;1;1;1;1;1;1;1;1
1;1;1;1;1;2;4;6;4;4;4;6;8;11;15;16;20;24;21;21;21;17;14;14;14;14;14;17;17;14;21;21;21;14;14;21;24;21;17;21;21;24;26;24;24;21;17;21;24;24;24;17;21;21;26;24;21;26;26;24;24;26;26;26;26;26;25;24;26;26;27;26;26;26;24;26;26;26;26;26;26;27;26;26;26;26;21;24;21;24;26;24;24;21;24;24;21;20;22;20;18;20;24;24;26;24;21;21;17;17;21;24;17;17;21;21;21;17;14;14;14;14;21;20;18;14;13;13;20;18;13;16;10;8;6;2;2;2;1;1;1;1;1;1;1;1;1
1;1;1;1;2;2;2;4;4;6;6;4;6;8;11;19;23;24;26;26;24;24;21;17;14;14;14;14;21;14;21;21;24;21;17;17;21;21;17;21;21;21;26;24;24;21;17;21;21;24;21;21;17;21;26;26;26;26;26;24;26;26;26;26;26;26;24;26;26;26;27;26;26;24;26;26;26;26;26;26;26;26;26;26;26;26;24;24;26;24;24;24;24;24;26;24;17;18;26;16;24;24;26;24;24;24;21;17;21;17;17;17;21;17;17;21;21;17;17;14;14;17;18;14;14;13;13;14;17;14;18;18;18;16;7;7;4;2;1;1;1;1;1;1;1;1;1
1;1;1;1;1;2;1;2;2;2;4;4;4;6;8;19;22;20;20;24;24;24;21;17;17;13;17;13;17;17;17;17;21;24;21;21;17;21;17;17;21;21;21;24;24;24;17;21;21;26;24;21;21;24;24;26;26;26;26;24;24;26;27;26;24;26;27;26;26;26;26;26;26;26;26;26;26;26;24;24;24;26;26;26;26;26;26;24;24;26;26;24;21;26;24;24;24;18;16;18;24;26;26;24;24;21;21;17;21;17;21;21;21;21;21;24;17;17;14;14;14;14;13;13;14;14;13;17;14;13;18;20;13;16;19;7;6;2;1;1;1;1;1;1;1;1;1
1;1;1;1;1;1;1;1;1;2;4;4;6;6;15;19;18;18;18;17;21;24;24;24;24;17;13;13;17;17;14;17;17;21;24;21;21;21;21;21;17;24;24;21;24;24;21;21;21;26;26;21;21;24;24;26;26;26;26;21;26;26;27;26;24;27;26;26;27;27;26;27;27;27;27;26;26;27;26;26;26;26;26;24;26;24;24;24;24;26;26;24;21;26;24;24;26;21;17;24;26;26;26;24;21;24;21;17;21;21;24;21;21;24;21;21;13;17;17;14;13;14;14;13;13;13;17;17;13;20;21;18;18;16;12;19;22;8;4;2;1;1;1;1;1;1;1
2;1;2;2;2;1;2;2;2;2;4;6;15;22;23;24;24;24;21;21;21;24;24;24;24;24;18;14;13;18;18;17;17;21;21;24;21;24;21;17;21;21;26;21;24;26;21;21;21;24;26;21;21;24;24;26;26;26;24;24;24;26;24;24;26;26;26;27;27;27;27;27;28;28;26;26;26;26;27;24;24;24;26;26;24;26;26;24;24;26;26;24;24;24;26;26;24;24;21;24;24;24;24;24;24;24;21;17;21;26;24;24;24;21;20;17;17;17;17;14;14;14;14;14;13;17;17;13;17;21;17;18;18;16;23;23;16;10;8;4;2;1;1;1;1;1;1
2;2;2;4;4;6;4;4;6;4;6;11;23;24;24;26;24;24;24;21;17;17;21;21;21;21;21;21;13;12;17;17;17;21;21;21;24;24;24;21;21;21;24;24;24;21;24;24;21;24;26;21;24;24;26;26;26;24;26;26;24;24;26;27;26;26;27;27;26;27;27;27;28;26;26;27;27;26;26;24;21;21;26;26;26;24;24;26;24;26;26;26;26;24;21;26;24;24;21;21;24;24;24;24;24;21;21;21;24;26;24;24;21;21;21;17;17;17;17;14;14;14;17;14;17;14;9;14;17;17;20;20;18;23;23;22;13;16;11;4;2;2;1;1;1;1;1
4;4;4;4;4;6;11;11;15;15;15;18;24;24;24;24;26;24;21;21;24;17;17;21;21;21;21;20;20;18;14;20;17;17;21;21;21;24;26;26;21;21;21;24;21;24;24;24;24;24;21;24;24;24;24;26;24;24;21;24;25;26;26;26;27;26;26;26;26;26;27;27;27;27;27;26;27;26;24;21;21;21;21;24;24;24;21;21;24;24;26;26;26;24;24;21;24;24;26;21;24;21;21;24;21;21;24;24;24;24;24;21;21;17;21;21;21;17;17;17;17;21;17;17;14;13;13;18;17;13;13;20;18;18;16;13;16;18;15;2;2;2;2;1;1;1;1
2;2;6;6;6;8;11;15;19;19;16;21;24;24;24;26;24;26;26;24;24;24;21;21;17;17;17;17;20;21;13;18;21;21;21;17;21;21;21;24;26;21;21;24;21;24;24;24;26;24;24;24;24;24;26;21;21;24;26;24;24;26;26;26;26;26;26;26;26;26;27;26;27;27;27;26;26;26;24;20;20;17;21;18;20;20;20;20;21;21;24;25;24;26;26;24;21;24;24;21;24;24;21;24;21;24;24;21;26;24;24;21;21;24;24;24;21;24;21;21;21;14;14;17;14;14;17;14;12;12;14;18;18;18;18;18;18;18;10;8;4;2;1;2;1;1;1
1;1;2;4;8;6;8;8;11;16;20;24;24;24;24;24;26;24;24;26;24;24;21;21;21;21;17;21;24;24;21;17;20;24;24;21;24;21;21;24;21;26;21;24;24;24;24;26;26;24;21;24;24;26;24;26;24;26;24;24;26;24;27;26;24;26;27;27;27;27;27;26;28;27;28;26;26;26;24;21;21;20;18;18;18;20;20;20;18;24;21;20;21;24;24;24;21;24;21;21;24;21;24;24;24;21;26;24;26;24;21;21;26;26;24;24;24;21;21;17;17;21;21;17;14;17;14;14;12;13;13;18;20;20;18;18;18;18;22;15;15;6;2;2;2;1;1
1;2;2;2;2;8;11;11;11;18;24;24;25;24;24;26;26;26;26;24;26;26;24;21;21;17;17;21;21;21;24;21;17;24;24;24;21;24;21;24;21;21;24;24;24;24;26;26;26;21;24;26;24;26;26;26;24;24;24;26;26;26;26;26;26;25;26;28;27;27;27;27;28;27;26;24;24;24;24;21;24;18;18;16;16;16;18;16;18;18;20;24;20;24;24;24;24;24;21;24;26;24;26;21;24;24;26;26;21;24;24;26;24;21;21;17;17;14;14;21;24;24;17;14;17;20;14;13;14;14;18;20;20;20;17;18;17;20;16;8;8;8;6;4;2;1;2
1;1;2;2;4;4;8;11;10;20;24;24;24;26;24;24;24;26;26;26;26;26;26;24;21;21;21;17;21;21;21;24;21;21;24;24;21;21;21;21;24;21;24;24;24;24;24;26;24;21;24;24;24;24;24;21;21;24;25;25;24;24;24;24;26;26;26;26;26;26;26;26;26;26;24;26;26;24;21;20;18;18;18;16;16;12;12;16;12;16;24;24;20;21;24;24;24;24;21;21;24;24;21;21;24;26;26;24;26;26;26;26;24;21;21;21;17;17;21;21;17;14;13;17;17;14;14;17;20;17;20;18;21;21;20;20;20;21;16;8;6;4;4;4;2;1;1
1;1;1;1;2;2;6;6;16;24;24;24;24;26;26;24;24;26;24;26;26;26;26;25;27;26;24;21;24;24;24;24;24;21;21;24;24;24;24;21;24;24;24;24;26;24;24;24;21;24;26;26;26;26;26;20;20;24;24;20;23;24;23;25;27;26;26;26;26;26;26;27;26;27;27;27;26;24;21;18;18;18;18;18;16;12;16;12;10;18;20;24;20;21;21;26;26;24;24;21;21;24;21;21;24;24;24;26;26;24;26;24;24;24;21;17;14;17;17;14;12;13;17;21;17;17;24;21;20;17;17;20;23;20;20;21;24;20;16;11;4;4;2;1;1;1;1
2;2;2;2;2;4;2;11;20;24;26;25;24;25;26;26;24;21;24;26;26;26;26;27;27;27;27;26;24;24;24;24;24;26;24;24;26;26;24;26;24;24;26;24;26;26;21;21;21;26;24;26;26;26;21;20;24;25;24;18;20;20;20;24;25;26;27;26;24;26;26;26;28;26;28;27;26;24;24;21;20;18;20;18;20;18;18;16;14;16;18;18;23;23;20;20;26;24;24;24;21;21;24;21;21;24;24;26;24;24;24;26;26;24;21;17;14;14;14;12;14;17;17;17;20;26;25;21;21;20;24;24;24;20;23;24;24;20;16;23;22;8;6;4;2;1;1
2;2;4;6;6;8;8;22;24;26;26;26;26;24;24;24;24;21;21;24;24;25;27;26;26;27;26;26;26;26;26;24;24;24;21;21;21;26;26;26;26;26;24;26;26;24;21;26;26;26;24;26;26;20;20;24;23;18;16;18;18;18;23;20;25;26;24;26;27;26;27;27;28;27;28;27;26;26;24;21;20;16;12;18;20;18;18;16;18;16;18;16;18;23;20;20;20;24;24;24;24;21;21;21;21;21;21;21;24;26;26;26;24;24;21;21;14;14;14;17;21;21;21;24;26;25;24;24;24;24;25;23;24;20;18;20;20;18;16;20;23;23;23;22;15;8;4
1;1;2;4;4;8;11;19;26;24;25;26;24;25;26;24;26;24;24;17;18;20;24;25;25;26;26;26;26;26;24;21;21;21;21;21;24;21;26;26;26;26;26;26;26;24;26;26;26;26;24;26;23;18;24;23;16;16;18;16;18;16;20;23;24;24;24;24;26;26;27;28;28;27;27;27;24;26;25;20;17;18;16;13;16;18;18;16;13;16;16;18;16;18;20;20;20;24;21;24;24;21;21;17;17;17;17;17;21;24;24;24;24;24;21;21;17;17;17;24;21;21;24;26;26;26;25;25;26;25;24;24;24;24;21;24;20;13;16;20;20;20;18;23;22;22;15
1;1;1;1;2;2;4;22;26;26;26;26;25;26;26;27;27;26;24;20;21;17;21;21;24;24;24;25;24;21;17;17;17;21;24;24;24;24;21;21;24;26;24;24;21;24;26;24;24;24;20;25;18;18;16;16;10;10;16;16;10;12;22;20;25;24;20;24;24;26;26;27;28;27;28;26;26;26;24;24;20;17;18;12;18;18;18;14;16;16;12;10;12;16;18;18;23;24;25;24;21;24;24;21;17;21;21;21;21;24;24;24;24;24;21;21;17;21;21;21;21;21;20;20;20;25;26;27;27;27;26;25;25;24;24;24;20;16;17;18;18;23;23;22;15;11;8
1;1;2;2;2;2;8;23;26;27;26;27;26;26;26;27;27;27;25;24;24;21;24;24;24;21;21;24;24;17;17;17;14;17;21;21;21;24;21;14;17;17;21;21;24;26;26;26;26;24;23;25;20;15;10;10;16;19;18;15;7;10;10;16;23;25;20;24;25;26;24;26;28;28;28;27;26;26;25;24;20;20;18;16;17;16;13;16;12;16;10;10;10;16;16;12;18;21;24;24;24;24;26;26;24;21;21;17;17;14;14;14;17;21;21;17;17;17;14;14;13;17;21;25;25;25;27;26;25;26;26;24;25;24;23;20;18;16;24;23;21;20;24;23;19;15;15
1;2;1;1;1;1;2;22;26;26;26;27;27;27;27;26;27;25;26;25;20;20;18;21;24;24;24;21;21;17;21;17;21;21;17;17;17;14;14;14;13;17;21;26;26;27;28;28;27;23;25;23;15;10;7;10;19;16;19;10;19;10;10;16;18;22;18;24;26;26;24;27;27;28;26;26;26;24;24;24;21;20;16;18;18;12;12;16;12;16;12;10;12;16;19;10;16;18;20;25;24;21;24;26;24;21;21;24;24;17;17;14;14;14;14;17;17;17;17;14;17;21;21;24;24;25;25;26;25;24;24;20;21;21;24;20;12;20;21;20;20;23;24;23;23;23;22
1;1;1;1;1;1;2;11;26;27;26;26;26;26;27;26;27;27;27;26;25;24;17;17;21;21;21;21;21;17;21;21;21;21;21;17;14;14;14;14;21;21;24;26;27;26;28;28;27;25;27;16;7;10;7;10;7;7;10;12;10;10;10;10;19;12;16;23;26;26;27;27;27;28;27;26;26;27;25;24;23;18;18;12;13;18;16;12;10;12;13;12;10;12;12;16;10;18;23;24;21;24;26;24;21;26;26;21;26;26;24;21;14;13;13;14;14;14;14;14;14;21;24;25;25;25;24;24;21;23;20;18;18;20;20;17;18;25;24;24;25;25;25;26;25;23;19
1;1;1;1;1;1;1;6;26;26;27;26;27;26;26;25;27;27;27;27;26;25;24;24;21;21;24;24;21;24;24;24;24;24;21;17;17;21;17;21;24;26;24;26;27;27;27;27;25;25;23;19;10;10;10;7;7;7;10;10;10;10;7;7;7;10;10;16;23;25;27;27;27;27;27;24;26;26;24;23;12;16;16;16;12;18;18;12;12;10;9;10;9;10;10;22;16;23;23;20;20;21;24;21;21;26;26;24;21;24;24;24;21;17;17;14;14;14;14;14;21;17;21;21;21;24;26;24;20;20;18;18;18;20;21;18;20;24;25;26;25;25;25;23;19;22;25
1;1;1;1;2;1;1;2;23;27;27;26;27;27;26;27;27;28;27;27;28;25;24;21;21;24;21;21;21;17;21;21;24;24;24;24;17;17;21;24;26;26;26;24;26;27;25;25;23;22;19;10;7;10;10;7;9;7;9;10;10;10;10;7;7;7;10;10;16;18;23;24;26;26;26;27;25;24;18;16;16;12;10;10;10;16;13;10;10;10;9;10;9;10;12;16;16;22;12;18;20;20;21;24;21;24;26;26;21;20;21;20;21;17;17;14;14;14;17;21;21;24;26;24;24;25;26;20;20;23;18;18;17;21;20;24;25;24;23;24;23;24;22;11;4;4;4
1;1;1;2;2;4;4;2;8;22;27;27;26;25;27;27;27;27;26;27;27;25;27;25;21;24;17;17;14;17;17;21;24;21;17;14;17;21;21;24;26;27;26;20;23;22;23;22;15;15;10;7;12;16;12;10;9;7;10;16;10;10;7;10;15;7;10;10;10;16;12;16;24;25;24;25;25;18;10;12;18;12;10;10;7;10;9;7;12;10;7;9;10;10;10;10;10;10;10;16;18;20;24;24;24;24;26;25;24;23;20;20;21;21;14;14;14;14;14;21;21;24;24;26;26;27;26;25;24;20;18;13;18;23;25;26;25;25;24;18;20;20;23;19;8;4;2
1;1;1;1;1;2;4;4;11;22;26;25;25;26;27;27;26;27;27;26;27;26;25;24;21;21;20;17;21;21;21;17;14;13;14;17;17;17;21;24;26;27;24;18;20;16;10;10;10;7;7;16;18;22;23;12;12;7;7;7;7;7;7;10;10;16;16;12;16;16;16;16;18;25;23;21;25;22;16;16;16;16;10;7;7;7;7;7;10;10;9;10;12;10;10;10;10;10;10;16;23;18;20;24;21;25;24;24;24;24;23;18;20;17;17;14;13;12;13;14;21;21;24;26;25;24;24;24;20;21;18;13;23;26;27;26;23;24;23;24;25;20;23;23;22;15;6
1;1;1;1;2;2;2;4;6;22;25;25;26;26;26;26;26;27;26;27;27;26;25;25;24;24;21;21;17;14;14;9;13;13;14;13;14;17;21;26;27;26;24;18;18;18;10;7;11;5;15;23;25;23;22;12;7;7;5;7;7;7;7;7;10;10;16;16;18;13;18;18;18;18;25;23;25;22;13;18;10;10;7;7;10;7;5;5;5;10;12;12;10;12;18;10;10;10;18;16;16;10;18;20;24;21;24;24;20;24;24;24;20;20;17;17;14;13;9;9;13;14;17;21;21;17;18;17;14;14;17;20;27;27;25;25;20;20;20;20;23;20;24;24;25;23;22
1;1;1;1;1;2;2;2;4;4;19;25;25;25;25;26;26;26;26;26;27;26;27;27;26;21;17;17;14;14;14;14;13;14;14;13;17;21;26;26;27;27;21;16;18;16;7;5;10;10;16;22;19;23;10;7;5;7;7;7;9;12;7;7;7;10;16;16;16;16;18;20;18;16;20;23;25;18;16;16;10;10;7;10;10;7;7;7;5;7;7;7;7;10;13;13;10;10;10;19;10;7;16;20;20;20;20;18;24;26;26;24;20;18;21;21;17;17;14;13;14;13;13;13;13;13;13;13;18;20;25;27;27;27;26;25;24;17;20;18;13;18;18;18;23;25;23
1;1;1;1;2;1;2;4;8;15;22;23;25;25;25;25;25;23;25;25;25;27;27;27;26;25;24;17;14;13;13;13;13;14;13;17;24;26;27;27;26;24;23;18;10;15;7;10;19;10;7;7;5;10;15;7;3;5;9;9;12;9;7;7;7;10;16;10;16;13;18;20;20;18;16;23;20;18;16;10;10;7;10;7;10;18;16;7;10;5;5;10;7;7;9;10;10;9;10;10;10;10;10;16;16;18;23;20;20;25;26;24;24;21;18;14;14;14;13;13;14;14;14;14;14;14;13;14;18;24;27;27;27;27;26;24;20;20;18;18;17;18;18;18;20;23;23
1;1;1;2;2;4;4;8;11;15;19;23;25;24;23;24;24;24;21;25;26;27;27;27;27;26;24;21;14;13;14;14;14;17;20;24;26;26;27;27;20;23;24;16;10;7;7;10;15;11;5;5;7;10;10;7;3;5;9;12;9;9;7;7;7;9;16;16;16;16;16;20;20;18;18;20;20;20;23;12;16;7;7;10;23;20;23;9;16;7;5;7;9;7;7;5;7;7;10;10;7;7;10;10;16;16;20;24;21;24;25;24;21;24;20;18;14;14;13;9;12;14;14;17;17;17;14;14;17;27;28;27;26;25;25;24;26;26;23;24;24;24;20;20;20;18;18
1;1;2;2;4;4;6;8;8;6;11;22;23;20;21;24;25;24;24;24;26;26;26;26;24;20;17;13;13;14;14;14;17;24;24;24;24;26;26;18;13;24;25;15;10;7;10;19;10;7;5;7;7;7;10;7;5;5;9;9;12;12;9;7;7;9;16;16;16;16;16;16;18;20;20;20;18;20;16;10;10;7;10;23;23;20;12;7;7;5;3;7;9;7;7;5;5;5;7;7;7;5;7;7;10;16;23;20;20;21;24;24;24;21;21;20;14;17;14;13;9;9;13;13;14;14;13;18;25;28;27;24;18;18;17;24;24;24;26;26;25;24;24;24;20;23;21
2;4;4;4;6;8;8;6;8;8;15;19;22;23;23;20;24;21;24;25;25;24;24;24;21;13;13;14;17;14;17;21;21;21;24;24;24;26;16;12;20;25;23;7;7;7;15;10;15;5;5;10;7;7;7;7;7;5;10;10;13;13;9;7;7;7;12;12;16;16;16;18;23;20;25;20;18;18;16;10;10;9;9;10;16;18;9;7;7;5;5;7;7;5;5;5;7;5;5;5;5;7;7;7;10;12;16;18;20;26;24;24;24;24;20;20;17;14;14;14;14;13;9;13;12;12;13;13;20;20;14;14;14;17;17;18;18;20;20;20;24;24;24;25;24;20;23
1;1;2;2;2;2;4;8;11;15;19;15;22;25;25;24;18;17;20;18;21;20;20;18;14;14;13;14;14;14;14;17;20;21;21;18;24;16;12;24;20;16;10;7;7;7;15;10;7;7;10;19;10;19;10;10;5;5;16;13;13;13;9;7;7;9;9;16;16;12;22;24;21;24;21;20;21;23;18;12;12;9;10;7;9;12;13;12;9;7;5;5;7;5;5;5;5;5;5;5;5;5;5;7;10;10;16;18;20;21;24;21;24;21;21;20;17;13;18;17;14;14;14;13;12;9;9;13;14;14;14;17;21;21;20;18;17;14;13;17;18;18;21;21;21;23;20
1;1;1;2;2;4;4;4;6;11;15;22;23;25;25;25;24;20;17;17;14;14;14;14;17;17;14;18;17;17;21;24;21;20;17;20;18;16;18;20;16;10;7;10;15;10;16;7;7;7;7;10;10;10;16;10;11;7;13;20;21;12;7;9;9;9;12;12;12;16;20;24;20;20;25;21;24;20;13;16;12;12;9;9;10;10;18;13;9;5;3;7;9;9;5;5;5;5;3;5;5;7;7;5;5;7;16;18;20;20;20;20;20;24;24;21;20;17;14;14;14;17;14;14;14;17;13;17;21;17;21;21;24;21;17;21;20;21;14;14;14;13;18;17;20;24;21
1;1;1;1;1;2;2;4;8;11;22;22;23;21;24;24;24;25;27;25;21;17;14;14;18;17;20;24;24;24;21;18;17;21;20;18;18;20;20;23;16;10;7;10;10;10;10;5;7;7;16;16;18;18;16;10;19;19;18;24;21;12;12;10;10;13;12;10;13;18;18;20;16;20;24;25;18;20;18;13;12;13;13;10;7;10;13;18;14;9;5;9;12;12;9;9;5;5;5;5;5;7;10;7;7;7;10;16;18;20;18;18;17;13;17;20;21;17;13;12;14;17;21;17;14;14;14;21;24;24;21;24;20;17;21;17;17;17;20;17;18;14;14;13;13;18;18
1;1;1;2;2;2;2;8;11;15;23;20;23;20;20;24;26;27;27;27;24;18;20;21;24;21;21;21;20;14;13;17;24;20;20;18;20;18;20;23;16;10;10;7;10;10;7;7;12;23;24;25;24;18;23;19;19;23;18;24;17;16;18;10;12;12;12;12;18;13;16;18;18;18;20;24;20;16;20;18;18;18;16;12;16;10;12;21;17;9;12;16;18;13;14;14;12;9;7;3;5;5;7;7;7;7;10;10;18;21;20;17;18;13;18;21;21;20;14;13;12;17;17;17;14;13;13;21;24;26;26;24;20;24;24;21;17;17;14;13;14;18;13;13;12;13;13
1;1;2;2;2;4;11;22;23;25;25;20;21;20;16;18;20;24;25;26;21;20;14;17;18;13;13;12;9;12;17;24;24;16;18;20;18;18;23;16;10;10;10;10;10;10;7;16;20;26;27;27;27;27;20;24;16;23;25;24;20;16;22;16;12;16;16;16;12;13;13;18;18;18;20;20;20;20;21;23;18;18;13;16;16;22;16;18;20;18;23;18;20;20;20;20;14;12;7;5;5;5;7;7;5;5;7;10;12;18;20;21;14;13;17;21;24;21;20;13;13;18;21;21;20;13;12;12;17;24;24;24;25;24;24;24;17;20;17;14;14;13;13;14;13;13;13
2;4;6;8;15;22;25;23;25;23;24;25;25;21;20;18;16;14;13;12;13;12;12;9;9;12;12;13;17;21;26;24;18;18;18;20;18;23;18;10;10;7;7;10;10;10;12;23;26;26;27;27;27;28;26;25;25;25;24;25;23;21;23;18;22;18;18;16;16;18;12;12;12;16;18;20;18;20;20;18;18;18;23;16;18;23;22;16;18;20;21;24;24;25;24;24;20;13;12;7;5;7;7;7;7;5;7;12;18;18;17;20;21;17;14;21;24;24;21;17;18;13;13;18;21;17;13;12;13;13;13;17;21;21;21;21;21;20;20;21;20;21;21;21;20;21;20
2;4;6;11;15;22;22;22;23;25;25;24;24;24;24;25;21;18;13;13;13;12;9;13;13;14;17;21;24;24;21;18;18;17;20;20;18;16;10;10;7;10;7;10;10;10;20;27;28;28;28;28;28;28;27;27;25;26;25;25;24;20;23;23;23;20;18;18;23;16;10;12;13;13;18;20;13;20;16;16;13;18;20;20;18;18;18;18;23;25;26;26;26;24;21;25;24;24;20;13;9;9;7;7;5;7;7;10;16;13;18;18;21;21;24;20;21;24;24;21;20;14;13;13;14;14;18;14;12;12;14;13;13;14;21;21;24;24;24;24;21;24;24;21;24;24;21
6;8;11;11;15;22;25;25;26;25;25;26;26;25;25;24;24;20;20;18;14;14;14;13;17;17;21;24;24;21;18;20;17;18;20;18;16;12;10;10;7;7;7;10;12;16;21;28;28;28;28;28;25;25;28;27;27;27;28;25;22;18;23;20;23;18;23;23;20;16;12;12;18;13;18;16;18;18;18;12;16;18;18;20;18;22;18;20;26;27;28;27;28;28;26;24;26;27;26;21;18;9;9;10;5;7;10;10;18;13;18;17;20;21;20;17;14;20;17;17;21;17;14;14;13;12;13;13;9;13;14;14;17;17;20;21;24;24;24;21;21;20;18;18;18;18;20
15;22;22;22;25;25;22;23;25;25;26;27;27;26;26;24;24;20;20;21;20;14;14;21;21;17;21;21;24;18;20;17;14;18;20;18;16;16;9;10;7;7;15;12;16;18;26;28;28;28;28;28;24;23;24;24;21;27;28;27;22;19;16;23;23;18;16;16;18;12;12;12;16;13;18;13;16;12;12;12;10;12;17;18;22;13;12;18;27;28;27;26;26;26;25;25;27;28;28;28;26;18;9;7;7;5;7;12;16;13;13;18;24;24;20;17;17;17;18;18;13;17;13;18;14;13;13;12;14;13;24;24;24;26;24;21;17;21;24;26;24;24;24;21;17;14;13
8;8;8;15;22;22;23;23;23;25;24;25;24;25;25;24;24;20;17;18;13;13;14;14;17;20;21;24;24;23;20;13;18;17;20;18;16;9;10;10;7;10;10;19;18;18;23;26;25;27;28;28;24;20;14;14;21;28;28;27;22;19;16;18;23;23;18;16;16;12;12;12;12;13;16;18;12;9;10;7;10;10;18;18;18;10;7;22;27;28;27;24;21;20;20;24;28;28;28;27;27;20;9;7;7;5;7;12;16;13;13;13;14;20;21;21;17;21;20;13;12;13;14;13;17;18;18;14;18;13;18;24;26;26;26;24;24;21;21;24;26;24;24;24;24;24;21
15;22;22;22;23;25;25;25;23;24;23;21;20;21;21;21;18;13;13;12;12;13;14;17;20;21;24;20;20;18;13;13;18;17;18;18;10;9;16;7;10;10;10;16;16;16;24;25;25;23;25;28;28;26;21;24;27;28;28;28;22;12;10;16;22;18;18;16;12;10;10;12;16;12;16;13;10;10;10;7;9;12;12;18;22;7;12;18;27;28;28;27;20;21;24;27;28;28;25;27;28;24;10;7;7;5;7;19;12;12;18;17;14;13;17;17;17;17;17;14;13;12;13;14;18;20;24;20;18;13;18;24;26;25;26;27;27;27;26;24;26;26;24;24;24;21;20
15;22;22;25;25;25;25;25;24;24;24;24;21;18;14;18;14;18;14;13;14;14;17;17;21;21;23;20;14;14;18;13;14;20;18;12;9;12;10;9;10;12;10;12;5;10;25;27;26;25;23;23;27;28;28;28;28;28;28;28;25;22;10;10;16;16;12;23;16;9;7;10;12;12;12;18;16;9;7;7;10;10;16;18;18;7;10;22;27;28;28;28;27;27;28;28;28;25;16;25;25;23;7;7;7;5;5;10;18;12;13;18;21;17;14;14;20;20;13;13;9;13;13;12;12;20;26;24;20;12;14;20;24;24;26;25;27;27;27;27;27;27;27;26;26;26;24
15;22;22;25;25;25;25;26;24;24;24;23;24;20;20;20;17;18;12;13;13;14;14;18;20;18;17;17;14;17;14;14;14;17;18;16;9;7;12;20;22;18;16;10;7;10;23;25;27;25;19;23;22;22;25;25;22;27;28;27;25;22;19;10;16;19;18;22;12;10;9;9;10;10;16;18;10;9;7;7;10;12;10;18;16;10;9;22;27;28;28;28;28;28;27;25;19;11;10;20;18;16;7;5;7;7;7;7;18;13;14;18;21;21;21;21;20;17;17;14;9;9;13;12;13;14;24;24;21;14;12;17;20;24;24;23;24;25;26;27;27;27;27;27;27;26;26
15;22;25;25;26;26;26;26;25;26;25;25;20;24;21;17;18;13;9;12;12;13;13;14;14;17;17;13;14;14;14;14;14;18;18;16;9;9;13;25;24;16;10;7;5;10;18;22;25;25;18;22;16;19;15;11;11;22;22;27;27;22;7;10;18;25;22;12;10;9;10;9;7;10;12;12;9;7;7;7;10;16;12;12;16;7;19;22;27;25;27;27;25;22;15;11;5;7;16;23;18;9;7;5;7;10;12;10;10;18;14;18;24;24;24;21;24;17;14;14;13;9;9;13;13;13;17;24;24;21;13;13;13;18;20;20;20;20;23;23;25;25;27;27;27;27;26
11;22;25;25;25;26;25;26;26;26;25;26;25;21;20;18;13;12;12;13;9;13;14;14;14;18;17;13;14;13;13;14;21;21;18;13;9;12;20;26;25;16;7;5;7;7;16;23;25;25;23;23;18;10;10;11;6;8;23;27;27;22;16;16;23;23;23;12;10;9;10;7;7;7;12;16;22;18;10;9;7;12;10;12;18;12;12;25;25;25;25;15;11;11;8;7;10;10;20;22;18;10;5;3;5;12;18;16;9;18;14;18;20;24;24;24;24;21;14;12;9;13;9;9;12;12;13;20;24;21;17;14;13;12;14;18;18;16;16;16;23;23;23;25;27;27;25
8;19;23;25;25;25;25;25;25;25;26;24;20;20;20;17;17;13;13;13;17;18;13;14;14;14;17;17;14;14;14;17;18;17;20;10;9;13;21;27;25;16;10;5;5;5;12;22;19;22;23;25;25;19;15;16;10;19;25;25;27;23;16;12;16;18;18;16;12;16;10;9;7;7;16;18;23;22;10;9;10;12;10;12;10;12;22;22;22;25;15;8;5;7;7;10;16;22;16;16;16;5;5;5;5;19;18;18;12;13;18;17;17;17;21;21;24;21;14;13;9;9;9;13;12;9;12;13;17;24;24;17;14;12;12;13;18;18;18;18;10;18;22;16;22;25;26
11;22;27;25;25;24;23;25;25;25;25;21;21;20;25;24;18;12;14;17;13;13;13;13;12;13;13;13;14;14;14;14;17;21;20;14;12;20;24;26;25;19;7;7;5;7;7;15;16;10;16;18;22;22;23;11;10;19;22;23;25;23;18;16;19;23;16;18;16;16;16;7;9;9;10;18;12;10;12;12;12;16;16;16;10;9;16;25;23;25;11;11;19;10;19;22;18;18;16;10;10;7;5;5;5;13;16;18;16;18;17;20;17;20;21;21;21;21;17;12;9;9;9;13;9;13;9;13;14;17;24;24;21;17;14;9;12;12;13;18;18;16;16;16;16;16;23
23;25;23;23;23;23;25;24;24;24;21;20;24;26;26;21;18;21;20;18;13;12;13;9;9;13;13;13;14;14;17;21;20;21;21;14;16;18;20;25;23;16;10;7;7;7;10;15;10;16;23;19;23;23;19;20;22;16;19;23;25;23;20;18;18;20;16;23;16;12;12;12;10;10;9;16;12;12;10;10;16;12;16;18;16;10;19;23;23;23;10;7;19;19;16;16;19;16;16;10;9;9;5;5;7;16;18;18;17;18;21;20;21;17;21;17;17;21;14;14;9;9;9;14;14;13;13;9;13;14;17;24;24;24;21;14;14;12;12;12;13;16;16;18;16;16;16
22;19;22;22;22;20;20;20;21;20;21;24;26;25;24;13;20;26;18;13;12;9;9;9;14;14;14;14;14;17;21;17;17;21;21;18;18;13;18;23;18;16;10;7;10;9;12;16;7;16;10;23;10;25;25;27;27;19;7;23;25;23;25;23;18;16;16;16;19;10;12;16;16;10;12;18;18;15;10;16;16;12;18;16;16;18;17;25;23;23;22;11;15;16;19;22;10;10;10;9;12;9;7;5;7;18;23;16;16;16;16;16;20;21;24;21;20;17;17;14;9;9;9;14;14;14;12;13;14;17;17;21;21;24;24;24;17;14;13;12;9;9;9;12;16;16;16
22;22;19;19;20;20;24;24;24;24;26;25;24;21;18;18;24;20;13;13;12;9;9;9;13;14;14;17;17;17;14;20;21;17;17;21;17;13;24;23;20;22;10;10;7;10;10;12;10;19;12;22;23;22;25;27;25;10;10;23;25;25;25;25;16;16;19;12;16;16;10;16;23;23;12;18;22;10;16;19;10;16;10;12;16;18;18;25;23;22;15;11;15;18;23;23;10;10;10;12;12;9;7;7;10;18;15;7;11;7;11;10;10;19;18;24;24;21;14;14;9;9;9;9;14;14;13;12;14;21;20;17;24;20;24;26;26;24;17;14;14;12;9;9;9;9;9
15;22;23;24;24;24;24;24;24;26;24;24;24;20;23;26;24;13;16;12;9;9;9;14;14;14;14;17;17;21;17;21;25;24;24;21;18;18;26;25;24;23;16;10;10;7;7;7;7;10;16;10;22;18;18;25;25;11;10;23;25;25;25;26;19;18;16;16;16;19;10;12;15;16;18;12;18;16;19;10;10;19;10;12;16;18;24;25;23;22;15;7;16;22;18;23;12;19;10;10;12;12;7;7;7;15;11;10;10;10;16;16;15;7;15;18;24;21;17;14;13;9;9;9;9;17;14;9;13;17;21;21;20;20;20;20;25;26;27;25;20;21;20;18;12;9;9
22;23;23;24;24;24;24;26;25;21;24;24;20;24;24;24;18;18;14;12;9;9;13;14;14;14;17;17;17;17;14;21;24;24;21;20;17;18;24;27;23;18;23;12;10;16;10;15;7;7;11;16;16;16;18;23;23;16;16;23;23;18;25;25;10;16;19;22;19;22;22;16;10;12;16;16;25;23;10;12;10;16;19;10;16;18;23;23;25;22;10;15;18;23;18;18;19;10;10;12;10;10;7;5;11;10;19;23;18;20;20;21;20;18;7;10;18;21;17;14;13;9;9;7;9;13;14;12;12;13;20;21;21;20;20;20;18;24;26;27;26;26;26;26;25;20;18
19;22;23;24;24;25;24;24;21;21;20;17;21;24;24;24;18;18;12;9;9;9;9;13;13;14;17;14;14;14;17;21;21;21;17;20;21;20;20;25;16;16;22;16;10;10;11;10;7;11;10;23;18;16;16;20;16;10;18;25;24;20;23;23;15;16;22;16;23;18;23;16;12;16;10;16;22;23;23;19;10;19;16;16;16;16;20;24;23;16;16;19;18;23;23;23;12;10;18;16;10;7;10;5;11;19;24;17;16;10;15;16;18;21;18;10;7;21;21;14;14;9;9;9;9;9;12;13;12;9;14;20;24;24;20;23;18;16;23;25;27;27;27;27;27;26;25
19;23;24;25;24;24;20;20;21;24;21;24;24;25;21;18;18;13;9;9;9;9;9;9;13;14;14;13;14;14;17;21;17;17;17;20;21;20;21;18;16;18;16;16;16;10;7;7;7;7;10;23;22;10;12;18;18;19;18;23;20;20;23;25;22;16;23;22;18;18;16;12;12;19;16;16;16;23;25;16;16;16;16;16;16;16;13;23;20;23;18;22;18;18;16;18;18;19;16;12;10;7;5;5;10;23;24;10;5;10;10;15;7;12;14;16;10;13;21;14;14;14;9;9;9;9;9;9;13;9;9;18;21;25;21;20;23;18;12;18;25;27;27;27;27;28;27
22;24;24;20;20;18;17;21;24;24;25;26;25;24;20;18;18;12;9;9;9;13;13;13;14;17;14;14;14;14;14;14;17;21;21;21;20;21;20;18;16;22;10;10;19;10;7;11;10;10;16;16;10;10;13;18;18;18;18;24;24;18;18;25;22;16;18;18;16;16;18;16;12;12;12;16;18;16;19;16;16;13;16;22;18;16;12;18;21;24;23;16;23;20;16;18;22;12;19;10;7;10;7;5;19;26;22;5;10;23;20;18;19;7;12;14;7;10;21;21;14;14;14;9;9;9;9;9;12;9;9;9;14;24;24;20;20;23;16;12;16;18;25;27;27;27;27
23;24;23;18;20;24;24;24;25;24;24;25;26;20;14;18;13;13;9;9;13;13;13;13;17;14;13;14;13;14;14;17;21;24;21;21;17;21;20;18;12;25;10;11;11;7;7;10;16;15;16;16;10;9;16;18;16;18;20;24;23;18;18;24;22;18;16;23;18;22;16;22;23;23;16;16;22;18;23;23;16;16;16;16;16;18;18;20;20;20;21;16;16;18;12;18;23;16;10;10;10;10;15;5;19;24;16;11;16;21;24;21;20;10;10;17;12;7;17;24;17;14;14;14;9;13;9;9;12;12;9;9;9;18;20;25;20;20;23;16;16;10;18;25;26;26;27
24;24;20;25;26;25;24;21;24;25;26;24;17;18;21;18;12;9;9;9;14;9;9;13;14;13;13;14;17;14;17;17;21;21;24;21;21;21;24;18;23;23;11;11;10;11;10;16;16;16;19;16;12;12;16;16;10;18;24;20;18;18;20;23;20;18;23;18;16;18;23;23;25;25;23;22;18;23;23;18;23;25;18;18;16;16;13;18;18;20;24;23;16;18;10;10;16;16;16;16;12;10;10;8;16;24;15;7;18;21;16;13;21;16;7;18;14;7;13;17;21;17;14;13;14;9;13;9;9;9;9;9;9;18;18;18;23;20;18;20;18;12;10;16;23;27;27
20;25;25;25;25;24;24;24;25;24;24;20;20;24;14;13;13;9;9;13;9;9;9;9;9;12;14;17;17;17;17;17;17;14;24;25;25;24;25;18;18;19;10;15;7;16;16;19;16;10;10;16;10;7;13;10;16;18;23;20;20;18;18;18;18;23;23;18;18;23;16;22;23;23;23;12;18;23;18;16;19;22;18;16;12;16;18;18;16;23;18;20;18;16;13;10;16;16;16;16;10;16;7;5;15;21;19;7;16;21;19;10;17;12;7;14;18;10;14;14;14;17;14;14;13;14;13;13;9;9;12;9;9;9;17;20;16;16;18;18;18;18;12;7;10;23;25
25;25;24;21;21;20;20;23;18;18;22;20;23;18;13;14;13;9;9;9;9;9;13;13;9;13;17;14;14;14;14;17;14;14;17;24;26;26;26;23;19;22;19;15;12;22;16;12;10;16;16;18;12;12;16;12;18;20;18;20;21;20;23;18;18;18;16;16;23;18;16;18;16;18;18;18;23;23;16;16;12;12;16;16;12;13;18;18;20;18;18;20;18;16;10;7;10;22;18;10;10;10;11;5;15;23;20;7;10;16;10;16;24;9;7;18;10;9;17;17;14;17;14;14;13;9;9;13;9;9;9;9;9;9;13;18;17;18;16;16;16;18;16;12;7;10;18
25;21;20;20;20;24;21;20;23;18;16;16;18;16;13;13;9;9;12;9;12;13;13;13;9;9;14;13;14;14;13;14;14;17;17;26;24;24;20;22;22;15;23;10;19;16;16;10;10;16;18;18;10;16;18;13;16;18;18;20;24;20;18;13;16;16;12;16;18;16;12;16;18;19;23;25;23;16;16;18;16;16;16;16;13;13;20;20;20;20;20;18;16;12;10;7;9;22;16;10;10;16;10;5;7;22;18;20;18;16;18;21;18;7;10;14;7;18;21;17;14;17;14;14;13;9;9;9;9;9;9;9;12;9;9;16;18;20;18;16;12;16;16;16;9;7;10
20;20;20;20;20;20;23;23;21;21;20;18;18;12;12;12;9;12;9;9;9;13;12;13;9;9;13;14;14;9;14;14;17;21;24;26;24;26;18;16;24;22;22;16;10;16;16;10;12;12;10;12;10;16;16;16;16;18;21;20;18;12;18;12;16;16;16;18;16;12;19;10;10;16;18;23;23;16;23;23;18;18;22;16;12;13;20;20;17;16;18;18;20;16;12;7;10;20;18;16;10;12;16;10;11;7;10;20;24;24;21;18;10;10;14;12;10;21;17;21;17;14;14;14;14;14;9;9;13;9;9;9;13;12;9;9;14;18;18;18;16;12;12;16;16;10;9
20;20;20;24;20;20;20;18;20;18;14;18;13;13;12;9;9;9;9;9;13;13;13;12;9;13;9;13;14;14;14;21;24;24;21;24;20;16;20;23;19;16;16;16;19;10;10;10;10;12;10;7;12;16;12;16;10;18;18;12;9;13;13;16;13;16;16;18;22;16;16;12;16;22;18;18;16;16;16;22;18;18;16;18;16;12;13;17;17;20;10;12;20;18;10;10;7;23;16;12;10;10;10;16;19;7;11;7;16;19;10;7;10;16;17;12;17;17;21;21;21;17;14;14;14;14;14;9;13;9;13;9;9;9;13;13;9;12;20;18;18;16;9;10;12;12;10
20;20;21;25;24;25;20;20;18;18;18;17;14;18;12;9;9;9;9;13;18;13;13;12;12;12;14;14;13;14;21;21;21;17;21;24;16;10;20;25;24;18;19;18;10;10;10;10;12;12;12;10;7;12;18;16;16;16;12;10;9;12;10;12;16;20;18;16;22;16;10;16;18;23;18;18;23;23;16;23;22;23;16;16;16;13;16;12;13;20;12;12;18;20;16;7;7;16;16;10;12;10;10;18;20;16;10;15;15;10;10;12;13;21;21;14;13;14;17;17;17;17;17;14;14;13;14;14;9;9;12;13;9;13;12;12;13;12;13;24;24;18;18;12;9;10;12
23;24;24;25;20;20;24;20;20;20;20;20;17;13;13;13;12;13;13;17;13;14;14;13;12;9;13;13;14;17;21;21;21;21;17;21;16;16;16;22;20;16;12;16;12;10;10;12;12;13;10;10;10;10;23;16;16;18;16;16;16;13;16;12;16;18;16;18;18;16;16;16;16;18;23;18;25;23;16;16;16;16;22;18;12;13;12;7;7;16;16;10;16;20;20;10;10;10;10;10;16;16;18;23;20;18;18;24;24;20;24;21;17;14;17;21;17;14;17;14;14;21;17;14;14;9;13;14;14;9;9;9;9;12;9;12;17;18;13;12;21;26;24;20;13;12;9
24;23;21;23;24;24;23;20;24;21;24;20;18;14;14;13;13;13;14;12;18;17;18;12;13;13;13;14;14;17;21;21;14;17;12;20;20;16;23;21;20;18;10;19;10;15;7;12;13;12;10;5;10;16;16;12;10;20;18;18;16;12;18;18;22;18;22;16;22;18;22;16;18;23;20;20;23;18;18;22;18;18;16;16;16;16;12;10;7;12;16;9;12;16;18;7;7;16;10;10;10;18;18;20;20;18;20;21;24;24;24;21;21;17;14;14;21;14;14;14;17;17;17;17;14;13;13;13;13;14;12;9;9;9;9;9;18;18;20;18;13;21;24;24;20;20;13
24;25;20;23;25;24;24;26;25;25;20;17;18;18;13;13;13;14;13;18;17;18;17;14;13;13;14;17;17;21;24;21;12;12;13;16;18;21;20;20;20;16;16;16;16;10;10;10;12;12;7;5;10;18;16;10;10;18;18;18;16;12;18;20;23;18;20;22;18;22;18;18;18;23;25;18;18;18;23;20;23;22;16;16;16;16;10;12;9;12;12;10;10;10;16;7;5;16;9;10;7;19;18;23;20;20;18;21;20;24;21;24;21;17;17;13;14;17;17;14;14;17;17;17;17;14;14;9;13;14;14;13;9;9;9;9;12;17;18;20;20;13;20;24;25;24;21
21;23;20;24;25;26;27;27;26;21;17;17;17;14;13;13;13;13;18;14;17;17;17;13;18;14;17;21;21;21;21;14;12;9;16;12;18;17;17;17;20;20;16;16;16;10;7;10;12;10;5;7;18;23;10;10;10;16;16;12;16;20;16;23;18;23;22;16;16;16;18;22;23;18;18;20;18;16;18;22;22;16;22;16;16;12;16;10;12;7;16;10;10;10;16;16;7;10;12;10;7;10;16;23;18;20;18;21;21;21;21;24;21;17;17;17;17;14;14;17;14;13;14;14;14;14;14;13;12;12;13;9;9;12;12;9;9;13;17;18;20;21;20;18;17;24;24
20;21;25;26;27;25;26;24;21;18;17;21;17;13;12;13;14;17;14;18;21;17;18;13;13;13;21;21;21;21;17;12;12;13;10;17;18;17;20;17;25;20;18;16;16;10;10;10;10;7;5;10;23;18;10;16;16;12;16;12;16;18;18;18;23;16;16;22;16;16;16;16;22;18;18;16;18;16;16;16;16;16;23;18;16;16;16;10;12;7;19;10;7;16;16;18;10;10;12;12;10;10;16;18;20;20;21;20;24;20;21;21;21;17;14;14;14;17;14;14;17;14;13;14;13;13;13;13;9;9;12;9;13;9;13;13;12;9;13;20;18;20;20;24;20;18;20
24;25;25;26;25;24;24;20;17;20;20;20;14;13;13;14;17;13;14;20;17;17;18;13;13;13;17;24;21;21;17;14;12;7;12;17;14;21;20;17;26;21;20;16;18;16;10;10;10;10;7;10;20;16;23;18;16;18;10;7;16;16;18;22;16;19;16;19;10;10;10;10;12;16;16;12;10;12;10;10;16;16;22;16;16;10;16;12;10;10;7;10;10;16;23;23;7;10;10;12;10;10;16;18;23;20;21;21;21;24;17;21;17;21;14;17;14;13;14;14;14;14;13;9;14;14;13;14;13;9;9;13;13;12;12;13;14;12;9;20;24;20;20;24;26;27;24
26;25;24;25;24;20;18;18;17;20;21;14;12;12;14;17;13;14;17;17;18;18;18;12;14;21;20;20;21;17;17;14;9;13;14;13;21;21;17;21;26;20;20;13;18;16;10;12;10;10;7;12;23;18;20;18;18;16;7;19;23;18;16;16;10;19;10;7;7;15;10;10;11;16;12;19;19;15;10;7;10;22;16;10;16;16;18;10;10;10;10;10;7;7;16;16;5;7;10;16;16;10;16;18;20;20;21;21;17;26;24;17;17;17;17;14;17;14;14;14;14;14;14;14;9;13;13;9;13;12;12;9;13;14;12;12;13;18;12;12;18;24;24;18;24;25;26
23;20;20;18;18;18;17;20;24;18;18;14;13;14;17;13;13;18;17;18;14;18;13;12;20;24;17;14;18;14;14;12;13;14;14;17;21;21;17;24;26;21;24;18;16;12;12;16;12;16;7;16;16;10;16;13;18;23;7;16;27;25;19;12;15;15;22;22;19;10;19;19;15;19;15;22;15;10;10;15;11;10;10;7;10;18;12;10;16;7;16;10;7;5;10;16;7;7;10;16;18;16;10;18;20;20;21;24;17;21;26;24;17;17;17;17;14;17;14;17;17;17;14;14;13;9;13;13;13;14;12;9;12;12;12;9;13;18;13;13;14;21;25;25;20;20;26
20;20;21;20;21;20;21;21;18;13;13;13;14;21;14;13;18;17;17;18;18;13;9;10;25;21;13;18;18;13;14;9;14;14;17;21;17;17;21;24;25;20;21;21;18;16;10;16;16;16;7;16;10;9;9;10;12;18;16;7;25;27;25;19;19;25;27;27;27;27;25;23;22;22;19;19;15;19;22;23;25;25;23;19;10;18;23;25;23;7;16;9;7;7;7;23;10;10;12;18;20;16;10;16;20;21;21;21;21;24;24;24;24;17;17;17;21;17;21;17;17;21;17;17;17;13;9;9;9;12;14;12;12;12;13;12;13;17;20;13;14;18;24;26;26;20;24
23;20;23;20;20;20;18;14;13;13;13;14;18;16;13;13;18;14;13;18;13;10;9;22;25;18;17;17;18;14;12;14;14;17;21;21;14;17;24;24;24;21;20;21;18;20;18;16;10;12;7;7;7;7;12;10;9;16;18;7;16;25;28;27;27;28;28;27;27;27;27;28;27;27;27;27;27;28;27;27;28;27;28;25;19;27;28;27;10;7;16;10;7;7;9;10;10;10;18;21;20;20;16;12;20;20;24;21;17;21;24;24;24;21;17;17;17;21;21;21;21;17;17;17;17;14;12;9;9;9;9;12;12;12;13;12;12;12;20;17;18;17;21;24;25;27;24
20;17;18;18;18;18;18;13;12;18;18;13;13;12;13;16;12;16;16;16;9;9;13;23;20;17;18;17;20;17;14;14;14;17;17;17;14;21;21;24;24;21;24;21;21;21;20;23;23;22;16;10;9;16;12;12;10;16;23;7;7;19;22;27;28;28;28;28;28;27;25;27;27;28;28;27;28;27;27;27;28;28;28;27;28;28;27;18;7;22;18;9;7;5;9;3;7;13;20;24;20;18;16;16;20;21;26;21;21;21;21;26;24;21;21;17;14;14;14;17;14;17;17;21;14;13;13;12;12;12;9;9;9;12;13;12;13;12;13;18;18;20;24;21;26;27;26
20;21;20;17;18;18;14;18;17;17;12;16;12;10;16;12;16;20;18;12;12;13;18;20;20;17;18;21;20;17;17;14;14;17;14;14;17;21;21;26;24;24;21;24;24;24;23;20;16;16;16;12;16;16;18;12;12;16;16;10;10;9;16;25;28;28;28;28;28;28;28;25;27;28;27;27;27;25;28;28;28;28;28;28;28;27;22;7;10;18;10;7;7;5;9;7;7;18;20;20;20;16;16;12;20;21;26;21;17;17;24;26;26;26;24;21;21;17;14;14;12;13;13;13;13;17;14;12;12;12;16;12;9;9;12;13;18;14;12;18;14;20;24;26;21;26;27
18;21;21;20;20;17;17;21;18;13;16;18;18;18;18;17;18;16;12;12;14;14;18;24;18;13;20;17;17;14;14;14;14;13;14;17;21;21;24;24;24;24;21;20;24;24;24;20;16;12;10;7;5;7;10;16;16;12;18;12;12;10;16;23;27;28;28;28;28;28;28;27;27;28;25;27;27;27;28;28;28;28;28;28;27;23;16;10;19;12;7;7;9;7;9;7;10;23;24;23;18;18;16;12;21;21;26;24;17;17;24;24;26;26;24;26;21;21;21;17;14;14;13;12;14;14;17;18;13;9;9;14;12;12;12;13;16;12;13;12;13;20;20;26;26;25;26
20;18;18;20;20;18;18;16;13;18;17;20;20;17;18;18;18;18;14;14;17;13;20;18;16;18;17;18;14;13;14;17;17;13;14;17;17;21;26;24;24;21;21;21;21;24;26;21;18;16;7;5;5;5;7;9;10;10;18;20;20;13;13;16;22;23;23;25;28;28;28;27;25;27;27;27;27;28;28;28;28;28;28;27;25;23;16;16;12;16;12;16;9;12;7;5;9;21;20;18;16;10;12;16;21;24;26;24;21;17;21;24;26;26;24;26;26;26;24;21;17;14;14;14;14;13;13;13;13;13;10;9;13;12;12;13;13;18;18;13;12;16;20;20;26;26;25
21;20;20;21;21;20;18;17;20;20;20;17;20;17;20;21;17;18;14;17;13;18;13;18;13;18;13;14;13;14;17;14;14;17;17;17;17;21;24;26;24;21;24;21;21;24;21;23;16;10;9;5;7;5;5;5;5;7;7;10;18;20;12;10;10;19;15;15;25;28;27;28;27;28;28;28;25;27;28;27;27;25;25;23;18;18;12;16;10;12;10;10;9;9;5;5;7;24;20;16;12;10;12;18;21;24;26;24;21;17;21;21;24;26;26;24;26;26;26;26;21;17;21;20;17;17;14;13;12;12;12;9;9;13;12;13;13;14;20;20;18;9;18;20;24;25;26
21;24;24;20;24;20;21;21;20;21;21;21;21;21;21;17;18;14;18;20;20;18;13;18;14;18;13;13;13;14;14;14;17;17;17;17;17;24;24;26;24;24;21;21;18;18;24;26;24;16;10;10;13;9;5;5;7;7;7;7;9;12;7;7;5;7;11;8;11;25;28;27;27;28;28;28;25;28;22;19;11;11;15;10;10;12;18;7;7;5;5;5;7;3;5;5;7;16;18;19;10;10;16;18;24;21;20;17;21;17;14;17;20;17;21;21;21;21;24;24;24;24;21;21;21;21;21;21;18;13;13;12;9;9;12;13;13;18;18;20;24;20;14;13;21;26;26
21;21;20;18;20;21;24;24;24;21;24;21;24;24;21;14;13;14;18;20;18;16;13;18;18;13;12;12;14;14;17;17;14;21;17;21;21;21;24;26;24;21;18;18;20;24;25;18;19;15;10;10;9;7;12;12;7;9;7;7;10;7;7;7;7;7;5;8;6;11;25;28;27;28;28;27;28;25;15;11;8;8;5;7;7;7;7;7;7;5;5;5;5;5;7;9;7;15;15;11;11;10;10;23;21;18;20;17;24;24;21;17;21;21;17;21;21;21;17;21;24;26;24;21;24;21;18;17;14;18;13;12;12;9;7;9;12;12;13;20;20;25;26;18;13;24;27
21;24;24;24;24;26;26;24;24;21;24;24;21;17;14;13;18;20;20;13;16;18;18;13;9;13;12;13;14;17;17;14;17;17;17;21;21;24;21;26;21;14;20;18;16;19;16;23;25;26;18;7;5;7;16;10;9;23;10;9;18;10;10;16;10;10;11;11;8;8;15;27;28;28;28;28;25;15;8;11;7;7;7;7;7;7;7;9;9;7;7;7;7;7;9;7;12;20;16;10;7;19;15;19;20;20;21;21;24;24;26;21;21;21;21;17;21;17;18;17;17;21;24;24;21;20;21;14;13;13;18;18;13;13;12;12;12;12;12;13;18;21;26;26;20;18;24
21;24;24;26;26;24;24;21;21;24;21;17;17;18;18;18;20;18;12;18;13;16;13;10;13;12;9;14;17;14;17;21;21;17;21;24;24;24;26;20;18;18;18;18;20;24;26;26;27;26;10;5;9;7;5;5;7;10;12;7;12;10;10;10;7;5;7;15;7;8;8;15;28;28;28;27;15;11;7;11;10;7;10;10;10;10;7;16;12;12;14;9;13;9;5;3;7;17;16;12;12;20;26;18;19;18;20;20;17;21;26;24;24;24;21;21;18;14;14;17;17;13;14;21;21;21;24;24;17;18;14;13;16;13;13;13;18;18;16;13;13;18;25;27;27;21;20
26;26;25;24;24;21;21;21;21;21;17;17;18;13;18;20;20;18;18;16;16;18;10;13;12;9;14;14;14;17;21;17;14;17;21;21;24;26;20;12;18;17;20;21;24;27;27;24;23;19;15;12;7;5;5;7;5;5;7;7;5;7;7;7;8;5;8;11;11;5;11;11;25;28;28;15;8;11;5;11;7;11;5;5;7;7;5;9;7;7;9;7;7;7;7;5;5;16;16;12;23;26;24;24;20;18;16;18;18;18;20;21;24;24;21;17;17;21;14;13;14;14;12;13;17;21;21;24;24;17;17;18;14;12;13;13;18;21;25;20;12;18;20;21;25;26;24
27;27;26;26;25;24;25;24;20;20;16;13;18;20;24;24;18;18;18;16;18;12;12;12;12;13;14;13;14;17;14;17;17;21;21;24;24;17;20;17;17;21;21;21;24;26;23;10;15;22;22;10;7;7;7;7;5;7;5;7;7;7;11;5;5;3;8;5;8;8;8;11;22;28;27;11;8;11;3;6;5;11;5;7;7;7;7;5;5;5;5;5;5;5;5;5;10;10;7;15;23;23;20;23;24;23;20;18;12;17;20;20;20;20;17;14;14;21;24;17;14;13;13;12;12;14;14;18;24;21;17;18;14;18;18;12;10;18;26;28;24;18;20;23;24;25;25
27;26;25;26;24;25;24;20;20;13;18;20;21;24;24;23;18;13;16;18;13;12;13;9;12;12;12;14;14;14;14;17;21;21;21;24;21;21;21;17;21;20;18;12;7;19;19;16;22;19;22;22;10;7;7;10;7;10;7;15;7;5;7;8;5;8;5;8;6;8;8;11;22;28;22;11;8;8;6;5;8;5;6;11;7;7;10;7;7;7;5;7;5;5;5;7;9;19;10;11;23;25;25;24;24;24;24;24;17;12;17;24;21;21;21;21;13;13;17;21;20;17;14;13;12;12;18;14;18;21;20;13;12;13;14;13;12;12;16;25;27;27;24;20;24;18;25
25;26;24;24;25;24;24;24;24;24;24;26;27;26;20;16;13;13;21;18;16;13;12;9;13;12;14;14;17;14;14;17;17;21;21;21;21;21;14;20;18;20;16;12;16;24;23;16;23;26;20;23;9;7;5;7;7;10;7;7;15;5;3;3;3;3;8;8;8;8;11;15;22;28;25;15;11;8;8;6;8;5;3;3;5;7;7;7;10;10;7;9;7;9;7;7;5;7;19;25;20;19;24;24;24;21;21;21;21;17;12;20;20;20;21;24;17;13;12;17;17;18;18;14;13;12;12;18;18;18;24;21;13;12;12;12;12;18;18;18;27;27;27;27;25;23;24
25;24;25;26;25;24;25;24;24;24;27;27;24;18;18;18;17;21;20;13;14;13;12;12;13;13;14;18;20;18;14;17;17;21;17;21;17;14;17;21;21;18;16;21;18;19;10;16;23;23;22;23;12;7;5;5;7;5;5;7;7;8;3;5;3;8;8;8;11;8;15;15;25;28;22;22;15;15;11;8;6;3;4;3;3;5;3;5;5;10;10;7;7;5;7;9;7;11;7;22;24;20;18;20;21;26;21;24;21;17;21;23;18;24;21;20;17;13;12;18;24;17;13;13;13;13;12;17;17;13;18;24;21;18;13;12;9;16;20;23;21;27;28;27;27;25;25
21;26;26;21;26;24;20;24;26;26;26;24;20;18;17;17;20;18;13;18;13;16;12;12;13;13;18;17;21;13;17;17;17;17;21;21;17;14;21;21;18;12;13;19;10;16;23;25;26;27;25;23;10;7;10;9;9;7;7;7;11;5;5;8;3;8;8;11;11;15;15;22;27;28;25;22;15;11;8;15;11;6;6;3;3;3;5;5;5;5;10;7;7;7;12;7;7;10;25;25;22;23;21;23;18;17;21;21;24;17;18;20;24;13;21;21;20;13;9;13;20;24;20;18;13;12;12;12;21;20;13;14;24;20;13;12;12;9;12;25;26;25;27;25;28;27;25
26;24;21;24;21;20;24;24;25;25;24;18;13;17;20;17;14;13;17;18;18;12;12;13;16;18;17;20;14;14;17;17;17;17;21;17;14;17;21;14;10;10;18;24;24;26;25;24;26;23;22;22;7;7;10;16;10;10;7;10;16;10;5;3;3;8;8;11;11;15;22;23;28;28;27;22;15;15;19;15;11;8;6;3;4;5;5;5;7;9;13;13;12;12;9;7;5;7;25;27;26;21;16;22;20;20;18;17;21;24;17;18;14;13;13;20;17;12;7;14;17;20;21;17;18;12;12;10;13;20;18;12;17;21;18;14;12;10;9;16;25;27;25;28;27;27;25
24;24;25;20;24;24;26;27;26;24;18;18;20;17;14;13;17;20;21;21;18;12;13;16;13;18;20;20;17;20;14;20;17;17;21;17;17;21;14;10;13;24;26;24;24;25;18;22;25;23;20;23;10;5;7;10;12;9;9;9;11;7;11;3;6;6;11;11;15;19;27;28;28;28;28;28;22;22;15;15;11;8;11;22;5;5;5;5;5;5;9;9;9;9;9;7;5;19;25;24;26;26;24;20;12;18;18;13;14;17;21;17;18;17;13;14;13;12;12;9;18;17;20;20;18;18;12;12;7;16;21;20;12;17;20;18;13;13;12;12;16;25;27;27;27;27;27
26;25;21;24;25;27;26;26;24;18;18;17;14;13;18;20;24;24;24;20;12;18;16;13;18;18;18;18;25;18;17;18;18;21;21;17;17;13;12;17;21;24;24;20;23;23;21;25;25;23;24;23;7;7;10;9;7;9;10;7;5;7;7;8;8;8;11;15;19;27;28;28;28;27;27;27;27;22;15;15;11;15;11;19;11;5;5;7;7;7;7;7;7;7;5;5;7;23;27;26;25;24;24;24;24;17;16;16;12;16;13;13;13;16;13;13;12;12;12;12;9;13;18;17;17;20;18;12;12;9;13;21;18;13;18;18;14;14;18;12;12;23;27;27;28;27;27
24;20;24;25;26;24;20;17;18;13;14;14;17;20;21;24;21;21;20;13;18;18;18;18;18;18;13;18;20;20;20;13;17;17;21;17;12;10;17;21;21;20;20;24;26;24;25;27;25;24;24;18;10;10;9;7;9;7;7;7;5;5;5;11;11;11;19;23;27;28;27;25;25;25;25;25;28;28;22;15;8;15;11;4;8;5;7;7;9;5;5;9;7;5;7;7;10;25;26;25;26;26;26;24;21;24;20;13;18;18;20;17;13;16;13;20;10;12;13;20;12;10;13;20;18;18;18;18;13;12;10;17;21;13;13;18;14;18;18;18;18;18;23;27;27;27;27
24;25;26;26;24;24;24;20;18;21;21;24;21;21;21;17;20;21;17;20;20;18;20;18;16;13;18;18;20;20;13;17;21;20;14;13;12;18;17;21;17;24;24;26;24;24;26;27;24;20;23;25;20;12;7;7;10;9;9;9;7;7;11;15;22;22;25;28;28;27;25;25;23;22;25;25;27;27;27;25;19;15;15;11;15;16;10;7;7;7;7;9;7;7;5;9;24;27;27;27;24;26;26;24;21;21;21;18;17;20;18;21;21;17;16;12;18;12;12;18;18;12;9;12;18;18;18;20;18;12;12;13;20;20;13;16;13;13;23;20;20;20;23;20;25;27;27
24;24;24;24;24;24;20;17;20;20;17;17;17;21;21;21;21;24;24;24;20;20;18;16;13;18;18;18;20;12;18;24;21;14;14;12;14;17;21;18;21;24;26;24;24;26;26;24;24;24;25;26;21;16;10;12;10;12;10;12;12;19;23;25;27;28;28;25;25;22;22;22;25;22;25;25;25;25;25;27;27;27;25;25;25;23;12;9;7;9;9;9;9;12;9;19;27;27;26;27;26;26;24;26;20;20;21;20;20;21;21;20;18;18;18;12;16;12;10;12;12;18;10;10;13;16;13;18;20;16;16;9;18;20;17;13;12;18;24;23;24;21;25;25;24;25;26
26;25;24;24;24;20;20;17;17;17;21;21;21;24;24;24;26;24;24;20;18;18;18;18;21;18;12;18;16;13;24;24;20;14;13;18;14;17;17;21;24;24;26;24;26;26;24;21;24;21;26;26;23;25;23;23;23;22;16;20;27;27;28;28;27;25;23;23;19;19;15;22;22;22;22;22;22;22;22;25;25;23;27;27;27;25;27;21;13;9;12;12;13;20;16;23;27;27;27;26;26;24;26;24;24;17;20;20;21;17;20;24;24;20;17;18;18;10;12;12;12;16;13;10;9;12;18;18;20;18;13;12;12;20;17;18;12;17;25;24;23;25;24;25;26;26;25
27;26;27;26;21;21;21;21;24;24;24;26;26;24;24;24;24;21;20;18;20;20;18;24;23;16;18;16;18;24;24;21;20;13;13;18;14;17;21;24;24;24;24;24;24;21;24;21;21;21;24;20;23;25;25;26;25;25;25;25;27;27;27;23;22;22;15;11;7;8;11;19;11;22;22;15;22;22;11;19;19;15;15;19;22;25;25;25;24;20;24;20;20;20;25;27;28;28;26;26;26;24;21;21;26;24;17;18;17;21;13;17;24;24;24;17;18;12;16;16;12;12;18;13;10;10;12;18;18;18;18;16;9;18;18;14;18;14;24;26;24;23;26;25;27;27;27
25;26;24;20;20;21;21;24;24;24;21;17;20;21;21;20;20;21;20;20;20;20;20;21;20;18;16;18;24;26;24;20;14;18;18;13;18;20;21;24;24;24;24;24;21;17;21;24;21;17;17;17;24;24;26;25;24;23;19;22;22;22;15;15;15;8;6;8;5;11;11;15;11;15;11;11;15;11;8;5;15;11;11;8;8;11;15;11;16;25;24;25;23;25;26;28;28;27;27;26;26;24;21;21;24;24;20;17;18;17;20;13;18;21;21;21;20;13;16;18;13;10;12;16;12;12;10;16;20;18;18;18;13;9;18;17;17;14;20;26;25;20;27;27;27;25;27
21;24;20;20;21;21;24;24;24;24;24;24;24;21;24;24;26;26;24;25;25;20;21;24;18;18;17;24;27;26;20;18;14;18;18;12;17;21;24;24;21;21;24;21;21;17;21;21;17;21;20;21;21;25;26;23;20;18;11;8;11;15;11;11;8;3;11;5;15;11;11;15;11;11;15;11;19;15;4;11;5;3;8;3;3;4;6;3;8;16;18;21;20;27;26;27;28;28;26;26;21;26;24;21;24;21;21;20;18;18;17;18;18;18;21;21;21;20;13;16;20;16;9;16;16;12;10;12;20;20;18;14;16;12;13;18;21;18;20;27;25;24;25;27;27;27;26
24;21;21;24;26;24;26;26;24;26;26;26;26;27;28;28;27;26;26;26;21;21;24;20;20;20;24;27;27;24;20;18;14;18;12;18;20;24;24;21;17;21;21;21;20;17;21;21;17;21;20;21;21;26;26;23;16;12;5;8;6;6;8;6;3;8;8;3;11;5;8;8;11;11;11;11;15;8;6;3;8;3;6;4;4;4;4;4;4;3;10;20;24;26;26;26;27;28;27;24;21;26;26;24;21;24;21;21;18;20;13;18;12;13;14;17;17;24;18;12;16;16;12;9;16;13;12;10;18;24;18;16;18;13;9;12;20;14;20;27;27;24;24;27;27;25;27
25;24;26;26;26;26;26;26;26;27;27;27;28;28;27;26;26;25;25;24;20;24;25;20;21;24;28;28;27;24;18;16;18;12;18;17;24;24;24;20;21;21;17;21;21;21;21;21;21;21;21;24;21;26;26;24;16;11;3;3;3;6;3;4;6;5;6;6;5;8;3;8;11;11;8;8;8;8;6;3;8;8;3;4;4;4;4;4;4;4;5;22;26;26;26;26;27;28;27;24;24;24;26;24;21;21;24;24;23;23;18;13;18;16;12;16;13;18;24;16;12;12;10;10;13;16;12;16;12;24;23;13;18;18;12;9;18;20;17;27;26;25;24;25;27;27;27
25;26;27;26;26;27;26;27;27;27;27;27;26;26;24;26;24;25;24;21;24;26;24;24;25;28;28;28;27;21;18;13;12;16;18;21;24;21;17;20;21;18;20;21;24;21;21;21;24;26;17;21;24;26;25;24;19;3;4;4;4;4;4;3;3;8;6;3;11;11;8;15;15;5;8;11;11;6;6;6;3;3;6;8;4;4;2;4;3;3;8;15;25;26;24;26;27;26;27;27;24;21;24;26;21;21;21;26;21;21;25;12;18;18;13;9;9;12;20;20;16;9;12;10;9;16;12;12;16;16;26;21;13;18;13;13;13;18;17;27;26;25;25;24;26;27;27
27;27;27;27;27;27;27;26;27;26;26;24;24;24;25;24;24;24;24;24;27;26;26;25;27;28;28;28;26;20;18;12;16;14;21;21;21;17;13;21;20;17;20;20;21;21;17;17;26;24;20;21;24;26;26;20;11;6;3;3;4;3;4;6;8;6;4;8;11;11;8;11;15;11;11;11;15;8;3;6;6;4;4;4;3;4;4;2;3;8;11;19;23;25;24;26;26;26;28;27;26;24;21;24;24;20;21;24;24;24;20;16;13;13;18;18;12;9;12;18;20;16;12;16;7;12;16;10;12;16;25;27;18;14;13;12;13;18;17;25;27;27;24;25;25;26;27
27;26;27;26;27;26;26;27;24;24;24;24;24;26;26;21;24;26;27;28;28;27;27;27;28;28;28;28;24;18;16;13;18;20;21;21;17;18;21;21;17;21;21;21;20;21;17;17;21;21;21;21;24;24;25;19;11;5;8;4;4;3;6;3;8;3;3;11;11;5;8;11;11;8;11;11;11;8;3;6;3;4;4;4;3;4;4;4;4;8;15;22;25;25;24;21;21;26;27;27;26;24;21;24;24;24;21;21;24;20;21;18;18;18;12;13;18;12;10;10;18;20;12;10;12;7;12;10;12;20;24;27;24;13;18;13;12;14;24;20;27;27;26;24;26;26;27
26;26;26;26;24;24;24;24;24;21;26;26;26;26;21;26;28;28;28;28;27;28;28;27;28;28;28;27;24;12;18;18;20;20;17;17;14;18;21;17;21;20;21;21;21;17;14;17;24;21;25;24;24;24;24;22;15;15;8;3;6;6;3;8;8;6;6;8;11;8;8;8;15;8;11;15;11;8;8;6;8;3;4;4;3;4;3;4;4;11;19;23;27;27;21;21;21;26;27;26;26;26;24;21;24;26;24;20;21;24;21;21;18;18;16;12;14;18;9;7;12;18;18;12;12;10;10;10;12;23;24;27;26;18;20;17;13;13;20;24;25;27;26;24;26;25;26
26;26;25;24;26;26;26;26;26;27;26;26;26;24;28;28;28;28;28;28;28;28;28;28;28;28;27;25;16;12;18;18;21;17;14;18;13;20;17;17;21;21;24;24;21;17;17;21;21;24;26;21;20;24;23;16;16;15;19;11;6;4;6;8;8;3;6;11;11;6;11;11;19;8;11;15;11;8;11;6;6;8;3;4;6;6;6;11;6;8;22;24;27;27;24;21;21;24;26;26;27;26;26;21;24;24;24;21;21;24;24;24;20;18;18;18;16;14;16;7;10;16;18;20;10;10;10;10;7;18;26;26;26;24;13;20;14;12;18;24;24;26;26;25;24;25;26
26;26;27;27;27;27;27;27;27;27;26;26;27;28;28;28;28;28;28;28;28;28;28;28;28;28;27;23;12;20;18;18;17;18;14;18;17;21;14;21;24;24;25;21;20;17;17;21;24;24;24;18;20;20;18;23;23;23;23;11;3;6;6;6;8;6;8;11;11;6;11;11;19;15;11;15;15;11;8;11;6;8;8;4;6;8;8;22;11;11;22;26;26;26;26;24;21;21;24;26;27;26;26;21;21;24;21;21;24;21;24;21;21;20;18;18;18;13;14;12;7;10;12;16;18;16;13;10;10;12;25;27;26;27;21;13;21;13;13;20;24;25;26;26;24;24;25
27;27;27;28;27;26;27;27;27;26;26;28;28;28;28;28;28;28;28;28;28;28;28;28;28;27;25;18;18;24;18;18;14;13;18;14;21;14;17;21;21;26;21;20;21;17;21;21;24;24;24;14;20;20;23;24;25;25;19;11;8;8;11;6;8;8;8;10;15;8;11;15;22;15;11;15;15;11;11;11;8;11;11;6;11;15;11;22;23;22;25;25;25;27;26;24;21;17;21;26;26;26;26;26;24;24;24;20;24;21;24;24;21;18;17;18;18;16;12;18;9;12;10;16;20;20;12;16;10;9;20;26;26;27;26;18;17;17;12;18;25;25;26;26;24;26;26
26;27;27;27;27;28;28;28;26;27;27;28;28;28;28;28;28;28;28;28;28;28;28;28;27;26;23;18;24;20;18;20;18;18;13;14;14;14;21;21;24;21;20;21;21;17;21;21;24;26;20;18;20;20;24;25;25;23;23;19;11;15;15;8;11;11;8;19;19;11;11;22;22;22;19;15;15;11;11;22;11;11;15;11;15;22;15;22;25;25;25;26;27;26;26;24;24;21;14;24;27;26;26;26;26;24;21;20;21;24;24;24;25;17;18;20;20;18;12;12;18;5;10;12;16;24;20;12;10;10;18;25;26;27;26;25;18;20;13;12;18;26;25;26;25;24;26
27;28;28;27;28;28;28;26;27;28;28;28;28;28;28;28;28;28;28;28;28;28;28;28;27;27;18;24;25;20;17;14;18;13;13;13;18;20;17;24;21;17;21;20;17;21;21;24;26;24;14;13;21;20;21;26;25;24;25;19;19;22;15;15;15;15;15;19;22;11;8;22;23;22;19;22;15;11;15;22;15;19;19;19;15;25;23;22;25;27;27;28;27;26;26;26;24;24;13;17;27;26;26;26;24;24;24;21;20;20;24;21;21;20;17;18;20;18;13;16;10;10;10;10;16;18;20;23;12;9;16;24;26;27;27;26;20;18;17;13;12;20;26;25;24;24;26
28;27;28;28;28;28;26;28;28;28;28;28;28;28;28;28;28;28;28;28;28;28;28;26;27;24;20;27;24;21;18;13;13;18;13;14;20;17;21;21;20;21;24;17;17;21;24;26;27;20;18;20;24;20;21;26;24;25;25;23;25;23;22;19;22;22;22;23;23;15;11;15;25;23;22;22;19;11;11;25;19;25;23;22;22;23;27;23;25;26;28;27;27;26;24;26;24;24;17;13;24;27;26;26;24;24;24;21;21;20;21;24;21;20;20;18;18;17;12;16;10;10;19;10;18;18;20;25;16;9;16;20;25;27;28;27;24;20;18;18;13;13;24;27;24;24;24
28;28;28;28;27;26;27;28;28;28;28;28;28;28;28;28;28;28;28;28;28;28;27;27;25;20;25;26;24;20;14;13;16;13;18;17;17;14;21;21;21;21;21;20;20;21;24;26;24;17;17;24;24;21;24;25;24;26;26;25;25;25;25;22;25;23;23;23;23;22;22;15;25;23;23;22;22;15;19;27;22;27;25;27;22;25;27;23;25;27;27;27;27;27;26;26;26;24;21;17;18;26;26;24;24;24;21;24;24;24;17;20;20;12;16;17;13;18;7;7;12;16;16;18;20;18;16;25;25;16;13;20;20;26;27;27;26;24;20;14;17;13;18;25;25;20;20
27;28;28;27;27;28;28;28;28;28;28;28;28;28;28;28;28;28;28;28;28;27;27;27;26;20;26;26;20;17;18;18;18;12;14;20;18;14;21;21;21;25;21;17;21;21;24;26;26;13;21;25;24;21;24;26;24;25;25;25;27;25;25;25;25;25;25;26;23;20;25;19;18;25;25;23;22;15;22;27;25;28;27;27;27;25;25;25;26;27;26;27;27;26;26;24;26;26;21;21;18;24;24;24;24;24;21;17;26;24;21;20;16;16;10;18;18;7;7;10;7;16;20;16;20;23;16;23;26;20;16;20;23;26;27;27;26;26;21;20;18;18;13;20;24;24;20
27;27;27;27;28;27;28;28;28;28;28;28;28;28;28;28;28;28;28;28;27;28;28;27;25;24;27;24;20;17;18;18;18;13;20;20;14;21;21;21;21;24;24;21;21;21;24;26;21;18;26;24;24;24;25;24;24;24;26;26;27;26;27;25;26;25;25;27;25;25;24;25;16;25;26;23;25;22;25;27;27;28;27;28;27;25;27;27;26;27;26;27;28;27;26;26;26;26;24;20;17;20;24;24;21;24;24;17;21;24;21;20;18;16;16;20;16;10;10;7;10;16;20;18;23;24;20;18;23;24;20;24;25;25;27;28;27;26;25;20;17;20;13;18;23;25;20
28;27;28;27;28;28;28;28;28;28;28;28;28;28;28;28;28;27;27;27;28;28;28;28;26;24;27;21;20;18;18;18;13;17;20;17;14;21;21;21;21;20;20;17;18;20;17;26;20;21;26;24;24;21;24;25;24;27;26;27;26;27;27;26;26;27;27;27;27;24;25;26;20;26;27;23;25;23;27;28;27;27;28;28;27;26;26;27;26;26;26;26;26;28;26;26;26;26;24;20;20;17;21;24;21;24;26;21;17;21;24;21;20;22;18;12;17;10;10;10;7;12;18;21;25;25;20;20;18;25;25;20;25;26;26;28;27;26;25;20;20;18;20;13;18;24;23
28;28;28;28;28;28;28;28;28;28;28;28;28;28;28;28;27;27;28;28;28;28;28;28;25;25;25;24;20;17;18;12;13;18;17;14;17;21;20;21;20;19;10;7;10;10;15;19;10;20;26;24;24;24;26;24;24;27;27;27;26;27;27;25;26;27;27;28;27;24;26;26;25;26;27;25;25;27;28;28;27;28;28;27;27;28;27;26;26;27;26;24;26;27;28;26;24;26;26;24;21;20;21;24;21;21;21;24;21;21;21;24;21;20;24;16;10;18;10;9;9;10;18;24;25;26;26;25;20;24;25;24;24;25;27;27;28;27;25;24;20;20;21;18;18;23;20
28;28;28;28;28;28;28;28;28;28;28;28;28;28;27;27;27;28;28;28;28;28;28;27;24;24;26;25;18;18;13;16;18;20;18;13;18;21;24;16;10;7;10;10;19;16;19;7;7;10;20;24;24;24;26;21;26;28;28;27;27;27;27;26;25;28;27;28;27;26;26;26;27;27;27;26;27;27;28;28;27;27;27;27;27;27;27;26;26;27;26;24;24;26;27;27;26;24;26;24;24;20;20;26;24;24;21;17;20;20;24;20;18;10;23;20;12;16;17;10;9;10;16;18;27;27;26;25;23;24;25;25;25;26;27;27;28;27;26;25;21;20;20;20;20;23;24
28;28;28;28;28;28;28;28;28;28;28;28;28;27;27;27;28;28;28;28;28;28;28;27;24;26;27;21;17;18;13;16;14;18;14;18;17;24;18;7;11;10;18;21;24;26;24;18;19;10;10;20;24;24;26;21;27;28;27;26;26;26;27;26;26;26;27;28;27;27;27;27;27;27;27;27;27;27;28;27;28;27;28;27;27;27;27;24;27;26;26;26;24;26;26;27;27;26;24;24;24;24;20;21;26;24;21;17;17;17;21;18;16;19;17;16;20;13;18;18;12;12;12;16;23;27;27;26;25;20;25;25;21;25;27;27;28;28;27;25;24;20;20;20;20;21;25
28;28;28;28;28;28;28;28;28;28;28;28;28;28;28;28;27;28;28;28;28;28;27;24;24;27;26;21;20;18;14;18;18;13;14;17;20;20;15;7;12;20;17;16;16;18;16;20;21;18;15;22;24;24;24;24;27;28;27;26;26;26;27;26;26;26;27;27;26;28;27;27;27;27;27;27;27;27;27;28;26;27;28;28;26;28;27;26;26;26;26;26;24;24;26;26;27;27;26;24;24;26;24;21;24;26;24;18;14;18;17;10;20;18;19;22;24;18;18;17;20;18;16;16;18;25;27;26;26;25;24;26;23;24;27;27;27;27;27;25;24;20;20;17;20;20;24
28;28;28;28;28;28;28;28;28;28;28;28;27;28;27;28;27;28;28;28;28;27;27;25;26;26;25;21;20;18;18;18;13;13;17;20;24;16;10;10;24;20;10;10;15;15;7;15;18;27;23;15;21;25;16;23;26;28;27;26;26;26;27;26;24;27;28;27;27;28;28;28;27;27;27;26;27;28;28;26;26;28;27;28;27;27;28;26;24;26;26;26;26;21;24;26;24;28;27;24;24;21;24;24;26;24;24;17;20;13;18;12;18;18;20;25;26;20;18;18;25;25;16;16;18;25;25;25;25;25;25;25;24;25;25;27;25;27;27;26;25;20;18;18;18;20;20
28;28;28;28;28;28;28;28;28;28;28;27;28;27;27;27;27;27;27;27;27;27;27;27;27;27;26;20;18;21;20;20;12;18;17;21;24;15;10;19;20;16;7;19;20;20;16;7;19;26;24;15;18;25;22;15;15;19;19;23;26;27;26;27;24;27;27;27;27;28;28;28;27;27;27;26;27;28;27;26;27;27;27;28;28;27;28;27;26;24;26;26;24;24;21;26;26;26;28;27;26;21;24;26;26;26;24;21;20;18;18;16;12;18;18;24;26;21;17;20;24;27;23;16;18;25;25;25;25;25;25;23;25;20;27;25;27;27;27;27;25;25;20;18;18;18;24
27;27;28;28;28;28;28;28;28;28;28;27;27;27;27;28;27;28;28;28;28;28;27;27;27;26;24;20;24;20;20;18;13;14;20;26;24;15;10;16;13;15;10;21;26;24;24;23;19;22;24;16;19;23;19;11;5;8;5;8;18;26;26;27;24;27;28;27;28;28;28;28;28;27;27;27;27;26;26;28;28;26;27;28;28;26;28;28;27;26;24;24;26;26;24;21;26;26;26;26;26;25;24;24;26;26;24;21;19;16;10;16;19;17;18;18;25;26;24;20;20;25;18;16;20;23;27;25;25;25;25;24;24;23;25;25;27;25;27;27;25;25;24;18;20;18;20
27;28;28;28;27;28;28;28;28;28;27;27;27;27;27;27;28;28;28;28;28;28;28;26;27;27;21;21;24;18;20;18;20;14;21;27;20;10;11;13;18;7;16;24;24;23;26;27;16;19;24;22;15;15;8;3;15;11;5;6;8;24;26;27;26;27;27;26;28;28;28;28;28;27;27;27;26;27;28;28;28;26;26;27;27;27;26;28;28;27;27;26;26;26;26;24;21;25;25;26;24;24;24;24;24;26;24;16;10;18;16;18;20;20;18;20;25;26;26;20;18;20;20;20;20;23;25;27;23;25;26;25;23;24;23;25;25;25;25;27;26;25;25;23;18;18;20
28;28;28;27;28;28;28;28;28;28;27;28;27;27;28;28;28;28;28;28;28;28;27;27;27;27;21;25;20;21;20;18;17;18;26;26;20;19;7;12;18;10;15;26;24;15;23;27;16;15;24;15;3;6;3;3;11;19;15;8;3;15;23;26;26;27;27;28;28;28;28;28;28;27;27;27;26;27;28;28;28;27;27;26;27;27;26;28;28;28;27;27;26;26;27;26;26;26;25;24;27;27;24;24;26;27;23;16;24;16;13;20;18;18;18;20;27;26;26;23;20;20;23;16;18;20;27;27;27;25;26;25;25;23;25;24;25;27;25;25;25;26;25;25;20;18;20
28;28;28;27;28;28;28;28;28;27;27;27;27;26;28;28;28;28;28;27;28;28;27;27;27;27;21;24;24;20;17;20;17;21;26;24;21;19;5;10;17;16;10;18;23;10;25;26;15;11;10;4;2;3;3;3;5;15;23;15;8;6;3;11;15;16;22;23;25;28;28;28;28;27;26;26;27;28;28;28;28;27;28;27;26;27;27;27;27;28;28;28;27;26;26;26;24;25;26;25;26;28;27;25;24;25;25;22;16;24;20;13;20;16;18;20;25;27;27;25;18;24;23;12;18;25;27;25;27;27;23;24;25;23;25;25;25;26;25;25;25;25;20;20;24;20;18
28;28;27;27;27;28;28;28;27;27;27;27;27;27;28;27;28;28;28;28;28;28;27;28;27;26;24;25;25;21;21;20;20;24;26;24;24;16;7;10;16;24;24;22;19;22;22;15;3;4;4;2;3;5;5;5;5;11;15;15;11;3;8;3;3;3;3;3;3;5;15;23;26;27;27;27;28;28;28;28;28;28;28;28;27;26;28;27;27;27;27;28;28;28;27;26;24;24;26;26;25;28;28;26;22;23;23;26;18;20;20;18;12;20;16;23;25;27;27;25;20;20;25;18;19;25;27;26;27;27;27;23;24;25;23;25;25;26;23;25;25;25;20;20;20;20;18
27;27;26;27;28;28;27;25;27;27;27;27;28;27;28;28;27;28;28;28;28;27;28;27;27;25;25;26;25;24;20;24;24;25;25;24;21;18;10;11;5;15;19;19;10;11;3;4;2;3;3;3;7;10;8;5;5;5;5;11;5;5;5;5;3;3;3;3;3;3;3;4;3;10;23;26;28;28;28;28;28;28;28;28;28;26;27;28;28;27;28;28;28;28;28;27;27;27;27;26;24;25;28;26;23;25;25;25;26;26;25;21;18;18;18;23;23;25;26;26;24;14;25;23;16;23;25;25;27;27;27;25;24;25;25;25;26;23;23;25;25;24;23;18;20;20;18
27;27;27;27;27;27;26;28;27;27;27;27;28;27;28;28;28;28;28;28;28;27;27;27;27;26;26;26;24;21;24;27;26;26;24;24;24;18;16;8;4;4;3;3;4;4;2;3;3;5;3;7;10;19;11;5;5;7;5;10;7;7;5;5;5;5;5;5;3;3;3;3;3;3;3;5;11;19;25;28;28;27;23;23;22;16;23;26;27;27;26;24;22;10;7;10;23;26;28;28;26;25;16;26;25;23;25;27;24;26;26;24;20;18;18;23;25;23;26;26;26;18;20;24;18;25;23;25;27;26;25;27;25;24;23;24;25;25;23;24;25;24;20;18;20;20;18
27;28;27;26;27;27;28;27;27;27;27;27;27;27;27;28;28;28;28;28;27;28;27;28;27;26;27;27;26;24;26;27;27;26;24;26;21;18;19;5;3;3;4;3;4;3;3;3;3;5;7;11;10;16;15;11;11;7;7;5;10;7;7;5;7;7;5;5;5;5;5;5;3;3;3;3;3;3;3;11;19;8;5;3;3;5;3;5;7;15;7;5;5;5;5;5;3;10;18;18;26;23;19;23;25;27;27;28;26;26;26;26;24;20;18;16;27;23;27;26;26;24;20;20;23;25;27;25;27;27;27;25;25;24;20;22;25;25;24;23;20;23;25;20;13;17;18
28;27;27;28;27;27;28;27;27;27;27;27;28;28;27;28;27;28;28;28;27;27;27;26;26;27;27;26;24;26;27;27;28;26;24;26;22;19;11;5;7;5;3;3;3;5;5;5;5;5;5;7;10;10;10;11;5;7;7;7;10;10;10;9;7;7;9;7;7;7;7;5;5;5;5;5;5;5;5;3;3;3;5;3;3;5;3;3;3;3;3;3;5;5;5;5;7;7;5;5;7;10;18;23;23;27;27;27;27;24;25;27;27;24;24;18;23;24;25;25;25;25;24;20;23;23;25;27;27;25;26;25;25;23;22;23;23;25;25;18;20;18;20;20;20;18;18
27;27;27;27;27;27;28;27;27;27;27;28;28;28;27;27;28;28;28;27;27;27;26;26;27;27;24;26;28;27;27;27;27;26;26;23;22;15;5;7;7;5;7;7;5;5;7;11;5;5;5;5;7;7;10;10;11;5;7;7;7;10;9;10;12;9;9;9;7;7;9;7;9;7;7;7;5;7;5;5;5;5;3;5;3;3;5;3;3;5;3;3;5;5;5;7;7;5;9;7;7;9;10;16;25;27;28;27;26;21;27;26;27;25;25;25;23;23;25;23;24;25;26;20;18;20;22;25;27;27;25;25;25;23;21;25;20;20;23;18;18;23;18;18;20;18;18
28;27;27;28;27;27;28;27;27;27;28;27;28;28;27;27;28;28;28;27;27;26;27;27;27;27;26;28;27;26;26;23;25;26;25;22;22;11;7;11;5;5;7;10;10;10;19;7;7;11;5;7;7;9;10;12;20;16;11;7;7;7;10;10;10;10;10;10;7;9;12;7;7;7;7;7;7;9;7;7;5;5;5;5;5;5;5;5;3;5;5;3;5;5;5;7;7;5;9;9;7;9;9;14;21;24;27;26;24;25;27;27;26;26;24;23;25;23;25;24;23;25;26;23;23;25;23;25;27;25;27;25;23;23;20;24;25;20;23;20;16;18;18;20;18;18;18
27;25;27;28;28;27;27;27;27;27;28;27;28;28;28;27;28;27;27;27;26;26;28;27;26;27;27;27;25;25;22;5;11;15;19;22;15;11;7;5;5;5;5;10;10;19;10;10;7;7;7;7;7;7;9;10;16;18;18;16;15;10;10;7;10;7;7;10;10;10;10;7;10;10;7;10;10;10;9;9;5;5;5;5;5;5;5;5;7;7;7;5;7;5;7;5;7;7;7;7;9;9;13;9;13;17;24;24;24;26;26;27;27;27;25;24;26;23;24;25;24;23;25;25;20;25;25;23;27;27;25;25;23;24;22;18;20;23;18;16;16;16;18;18;18;18;18
25;27;27;28;28;28;27;27;28;28;28;28;28;28;28;27;28;28;28;26;27;27;28;26;27;27;28;27;19;8;7;11;8;5;11;11;5;5;5;5;5;5;5;11;10;10;10;19;10;10;7;7;7;7;10;12;12;16;23;23;18;19;10;7;10;10;10;10;10;10;10;16;10;10;15;10;16;16;10;7;7;7;5;5;5;5;7;7;7;7;7;7;7;7;7;7;7;5;10;5;12;12;12;9;9;12;14;21;21;26;25;26;26;26;27;24;25;26;23;25;24;23;23;24;23;25;25;23;25;27;23;25;25;25;23;23;18;20;20;16;13;18;16;18;18;13;13
27;26;28;28;28;27;27;28;28;28;28;28;28;28;28;27;27;28;28;27;26;28;28;27;27;27;27;27;19;11;11;5;11;11;11;8;5;8;5;5;7;11;7;7;10;16;16;10;10;10;10;7;7;10;10;16;12;16;12;16;20;18;22;18;19;16;16;16;16;16;10;16;23;16;16;16;16;16;16;10;7;7;7;5;5;5;7;7;7;7;7;10;7;10;7;7;10;5;5;7;16;12;13;13;9;9;13;18;18;21;25;25;26;24;26;26;23;26;25;20;25;24;23;23;23;25;25;25;23;25;25;25;25;25;24;23;23;18;18;16;12;13;12;12;13;16;13
28;27;28;28;27;27;28;28;28;28;28;28;28;28;28;27;28;28;27;26;27;27;27;27;28;28;27;25;10;11;7;11;15;19;19;15;11;11;7;11;7;10;10;7;10;10;10;10;10;7;10;10;12;10;10;12;16;12;16;16;18;20;23;16;18;18;23;18;16;16;16;16;10;16;19;16;10;16;16;10;10;7;10;7;7;7;7;7;9;7;10;12;7;15;7;10;10;7;7;19;16;12;16;14;12;9;9;12;12;21;20;24;25;26;25;26;25;25;25;25;24;25;20;23;23;18;25;25;25;25;25;25;27;25;23;23;20;16;16;16;10;16;9;10;12;12;12
27;26;28;28;27;27;28;28;28;28;28;28;28;28;28;27;27;27;27;27;27;27;28;28;28;28;27;23;15;10;11;15;22;25;23;19;15;11;7;11;10;7;10;10;10;10;10;7;10;10;10;10;10;18;16;12;13;16;13;18;16;18;18;20;23;23;24;23;23;18;18;23;18;22;16;18;16;10;12;10;10;10;10;10;10;9;7;7;10;10;10;18;16;10;7;7;10;10;10;16;10;12;16;13;12;12;9;12;12;20;18;20;25;26;25;25;25;24;25;25;23;25;24;18;23;22;25;23;25;25;25;25;25;25;25;23;18;16;16;18;10;9;10;9;12;10;12
27;28;28;28;28;28;28;28;28;28;28;28;28;27;28;27;27;27;27;27;27;28;28;27;28;28;27;19;11;7;15;16;23;23;25;25;22;15;19;15;7;7;7;7;10;10;10;7;10;10;10;10;16;18;18;18;16;18;18;18;18;16;23;20;24;20;23;20;24;20;23;20;23;18;16;18;16;10;10;10;10;10;12;10;10;10;10;10;10;10;10;18;23;10;7;10;10;10;16;16;10;10;12;16;12;12;12;12;12;20;23;18;25;25;26;26;25;25;23;25;24;23;23;23;24;16;22;25;27;27;25;23;25;25;23;23;16;10;10;12;16;9;10;10;7;9;10
28;28;28;28;28;28;28;28;28;28;28;28;28;28;28;28;27;26;26;28;27;27;28;28;28;27;22;11;11;10;15;23;23;25;25;25;27;23;22;15;10;19;19;15;10;12;10;10;7;10;16;10;16;18;23;23;18;16;16;18;18;18;20;23;24;24;25;24;24;24;24;20;20;20;20;16;16;10;16;10;10;10;10;10;10;10;10;12;10;16;18;19;10;10;10;10;15;7;10;10;10;10;10;12;13;12;12;10;10;18;20;20;25;26;26;25;27;26;25;25;25;25;25;25;23;23;23;23;23;27;25;25;25;25;25;23;22;10;7;7;10;12;9;9;10;9;10
28;28;28;28;28;28;28;28;28;28;28;28;28;28;28;27;26;26;27;27;27;28;28;28;28;25;15;15;16;23;16;22;23;22;22;25;27;25;25;22;22;22;15;7;19;19;10;10;10;10;19;16;23;20;23;20;20;20;21;20;20;24;21;20;20;20;24;25;25;24;24;24;24;20;16;16;10;10;10;10;10;10;7;7;12;12;10;19;16;16;19;10;7;10;10;10;10;10;15;10;19;12;10;12;16;12;10;12;10;16;23;23;24;25;25;27;25;25;26;25;25;25;25;25;25;18;23;25;23;25;27;25;25;23;25;23;20;10;7;7;10;10;10;10;10;10;10
legende 
--------- 
dimensions : (170, 147) 
                   R                    G                    B               number                count 
                 255                  255                  255                    1                 1414 
                 227                  231                  239                    2                  373 
                 214                  198                  170                   28                  163 
                 210                  208                  214                    3                  290 
                 203                  178                  139                   18                  422 
                 198                  191                  193                    4                  208 
                 190                  159                  113                   16                  842 
                 185                  176                  175                    5                  296 
                 185                  142                   73                   26                  551 
                 172                  141                   96                   19                 1156 
                 171                  157                  146                    6                  402 
                 170                  130                   68                   14                  907 
                 163                  118                   52                   23                  930 
                 158                  109                   38                   22                  931 
                 153                  136                  121                    7                  345 
                 152                  118                   75                   11                 1185 
                 145                   97                   33                   24                 1171 
                 143                  105                   53                   13                 1597 
                 142                  122                  103                   10                  308 
                 128                   91                   43                   20                 1334 
                 127                   83                   28                   15                 1780 
                 126                  107                   93                    9                  413 
                 117                   91                   65                    8                  781 
                 110                   71                   28                   17                 2300 
                  92                   66                   42                   12                 1114 
                  86                   52                   21                   25                 1584 
                  60                   39                   22                   21                 1266 
                  30                   18                   11                   27                  927 
