30;29;27;26;29;30;30;30;29;29;29;30;30;27;27;30;30;29;25;25;29;30;29;25;24;11;7;29;29;29;29;27;29;29;25;11;17;25;29;29;27;27;25;29;29;29;29;29;27;27;29;29;29;11;23;29;29;26;27;30;30;29;27;29;23;27;27;27;29;29;27;29;29;23;3;18;29;29;25;25;25;17;23;22;11;17;17;27;30;24;25;29;29;29
30;29;29;29;29;30;30;30;30;30;30;30;29;29;29;29;30;29;23;27;29;29;29;29;22;25;22;29;29;29;29;29;29;30;29;28;27;23;25;27;29;27;25;27;27;29;29;29;29;27;29;29;29;29;17;17;27;30;22;28;30;29;29;27;27;29;27;29;29;27;27;29;29;25;3;15;30;29;29;29;24;29;24;23;25;7;23;23;23;25;17;29;29;23
26;27;29;26;29;30;30;28;29;30;29;29;29;29;27;29;29;27;27;29;27;27;29;30;25;29;27;27;29;27;29;29;29;29;27;29;30;27;27;29;29;29;29;25;25;27;30;29;29;27;25;29;29;30;29;25;29;29;29;22;29;25;29;29;29;29;29;29;29;27;29;29;27;27;17;9;29;29;27;29;27;29;29;26;29;22;11;24;11;17;29;30;27;25
11;27;27;24;29;30;27;29;29;27;17;25;27;27;27;29;27;27;27;29;29;27;27;29;27;29;29;27;29;27;29;27;29;29;26;29;29;29;29;29;27;29;29;29;27;29;30;29;29;29;27;27;29;29;30;29;23;27;29;17;17;29;29;27;27;29;27;29;27;23;29;29;27;24;15;3;17;29;27;25;22;23;27;27;29;30;27;27;29;27;29;29;27;25
29;29;29;29;29;30;29;26;29;29;29;29;29;29;29;25;27;27;27;29;29;30;29;27;27;29;29;29;27;29;29;27;26;29;29;29;29;29;29;29;29;29;27;27;29;29;29;29;29;29;29;27;29;27;25;27;11;17;25;27;23;25;29;29;17;25;27;29;25;11;27;27;25;29;22;3;7;29;29;25;17;11;22;29;29;27;29;27;26;27;29;27;25;27
30;30;30;30;27;29;30;29;27;29;29;29;29;29;30;27;27;27;29;29;29;29;29;27;23;29;30;29;27;29;29;29;29;27;29;29;29;30;29;29;27;29;27;11;27;29;29;29;29;29;29;29;25;25;25;22;23;25;23;27;27;25;27;29;29;3;2;17;23;25;27;27;23;29;25;3;3;27;30;29;25;11;11;26;27;24;27;29;25;27;27;27;27;29
30;29;30;30;26;27;29;30;29;29;27;27;29;27;29;27;27;27;27;27;29;30;29;24;27;27;29;30;30;29;29;29;29;29;30;29;27;29;29;29;27;27;29;27;23;29;29;29;29;29;29;29;29;29;29;29;29;27;25;25;27;27;27;25;30;27;3;3;11;25;27;27;25;29;29;17;3;23;29;29;26;29;25;7;29;27;27;29;22;27;29;24;25;27
27;29;27;29;29;25;29;30;29;30;29;29;25;25;27;29;29;29;27;22;27;29;29;27;29;29;29;29;29;29;29;30;29;30;29;29;29;30;29;29;27;27;29;29;29;25;27;29;29;29;29;27;29;27;29;29;25;27;29;27;25;25;27;27;29;29;27;23;17;17;25;27;27;29;27;24;17;24;27;29;27;25;26;27;29;29;30;27;27;27;29;27;27;29
27;29;30;27;27;24;29;29;30;29;29;29;26;29;29;30;29;27;27;29;30;27;27;29;29;27;29;29;29;30;26;29;30;29;29;30;30;29;29;27;27;27;29;27;29;29;27;29;29;29;29;27;27;29;29;29;27;27;29;29;25;25;27;27;27;27;29;25;27;25;22;27;27;27;27;27;24;27;27;27;24;29;25;22;29;29;29;26;29;27;29;29;29;30
29;27;29;30;27;27;29;29;27;27;29;29;30;30;29;29;29;27;26;27;29;29;27;29;29;29;29;30;29;30;30;25;29;30;30;30;29;29;30;29;29;29;29;29;29;29;29;29;30;29;29;30;29;29;27;27;29;27;25;27;29;29;29;29;30;29;27;18;24;25;27;27;27;23;25;29;25;22;29;29;24;25;28;27;22;27;27;27;29;29;29;29;29;25
23;27;27;29;29;26;29;29;29;29;28;27;27;30;29;29;29;29;29;29;27;29;29;29;27;27;29;29;29;29;30;30;26;27;29;30;30;29;29;30;30;29;27;27;29;29;29;29;29;29;29;29;29;30;29;29;30;27;24;24;24;26;24;24;27;26;21;23;18;8;18;29;28;25;24;29;25;22;27;29;29;26;27;30;29;29;29;26;29;29;30;29;29;23
27;24;27;27;29;29;29;27;29;29;29;29;24;29;29;30;27;29;30;30;29;29;29;30;29;25;29;30;30;30;30;29;30;29;29;30;30;29;29;29;30;29;25;20;27;29;29;29;29;29;30;30;29;23;25;24;17;2;6;2;2;12;3;3;3;2;8;8;13;12;12;12;17;8;19;26;22;27;30;29;22;29;29;29;29;29;29;29;27;29;29;29;29;29
29;29;27;29;27;29;30;30;29;29;30;29;29;27;29;29;29;29;29;30;30;30;29;29;30;27;29;29;29;29;30;30;29;30;30;29;29;30;29;27;30;29;27;23;25;27;29;30;29;26;27;19;14;6;6;6;3;10;14;8;8;3;3;3;6;24;2;8;21;8;8;6;6;2;3;2;8;12;22;28;25;26;30;30;28;29;29;27;26;29;29;29;29;30
27;27;29;29;29;24;29;30;29;29;30;29;29;29;29;29;30;30;30;30;30;29;27;29;30;27;29;30;29;30;30;27;25;27;29;30;29;29;29;27;29;29;30;29;25;22;23;9;12;3;8;3;3;21;13;21;24;6;3;8;8;3;3;3;8;6;3;6;21;14;8;6;6;6;6;8;2;3;8;2;9;13;26;30;27;27;29;26;27;29;29;29;27;27
30;29;27;27;29;29;23;29;30;29;30;29;30;29;29;25;17;27;27;27;29;29;29;29;30;29;29;29;29;30;30;27;25;25;20;29;29;29;27;29;29;30;27;18;17;10;8;10;19;8;10;6;21;8;3;21;21;10;2;14;21;2;6;13;13;6;6;13;14;14;6;8;13;14;13;13;14;14;19;15;2;7;2;8;22;26;27;26;27;27;25;27;29;29
29;29;29;26;29;29;27;17;29;30;30;29;30;30;29;26;27;17;23;23;23;27;29;29;29;29;29;29;27;27;29;29;25;22;27;25;29;30;29;30;22;8;3;8;15;15;10;24;13;13;10;26;21;8;21;14;21;8;6;26;13;19;19;19;26;13;13;21;6;13;21;21;13;6;19;21;13;19;14;14;6;8;13;3;2;8;22;29;27;24;25;26;30;30
26;29;30;29;29;29;29;29;27;29;29;27;29;30;30;29;30;27;24;29;29;29;29;29;29;30;29;27;27;29;27;29;30;25;24;30;30;29;24;3;6;10;13;24;21;10;14;24;3;6;21;21;13;26;28;26;13;2;28;16;19;21;2;13;14;19;6;14;19;14;21;14;13;13;6;6;19;14;6;9;6;10;14;21;10;2;8;14;21;29;29;27;25;27
30;30;29;30;29;29;30;30;29;27;29;29;27;29;29;29;29;27;27;25;26;29;29;29;29;29;29;29;29;30;27;29;30;30;29;26;24;10;8;12;26;19;8;19;26;19;26;6;6;24;16;13;24;28;28;26;21;26;13;6;13;6;14;13;13;14;14;13;13;14;6;13;14;6;13;13;13;19;21;21;6;10;13;13;13;13;14;2;3;14;26;30;29;28
29;30;29;30;30;30;29;29;29;29;27;30;29;27;29;26;27;29;30;29;27;22;27;29;29;29;30;29;30;30;29;27;30;30;22;10;21;26;21;10;19;19;21;28;24;13;19;21;26;26;19;14;26;21;21;19;16;13;13;24;13;13;21;14;21;21;19;21;13;13;19;21;21;21;21;21;21;13;6;19;21;21;14;13;6;13;21;2;2;3;3;27;30;30
30;30;29;29;29;30;30;29;27;29;27;25;30;29;29;29;27;24;29;29;29;27;25;26;29;29;30;29;30;29;29;28;24;24;22;18;21;22;21;24;21;19;28;21;6;24;21;10;19;10;13;21;19;24;21;24;14;6;24;28;28;26;24;21;19;21;21;13;14;26;24;21;14;19;14;13;14;21;21;14;14;24;21;13;13;6;13;6;6;2;2;3;6;27
27;27;29;30;30;29;29;26;29;27;29;27;29;30;30;30;29;29;29;25;29;30;29;27;29;29;27;30;29;30;30;24;24;10;24;26;22;9;19;28;24;13;19;13;26;28;10;6;24;21;24;26;26;21;26;24;13;21;6;13;21;26;24;21;24;21;21;13;14;24;21;13;13;14;21;21;19;21;26;24;13;8;13;21;19;14;6;6;6;14;14;6;8;6
29;26;24;27;29;29;30;30;29;29;29;29;27;22;23;27;29;30;29;29;29;29;29;30;29;27;27;30;30;30;22;18;24;18;9;18;26;19;8;24;26;24;6;19;26;24;21;13;26;21;26;24;24;14;24;16;26;28;26;26;21;13;14;21;21;24;26;26;21;14;19;13;19;21;21;24;16;24;19;21;19;14;13;6;7;6;21;19;6;6;8;13;6;6
29;30;29;26;27;24;25;29;30;29;24;27;29;27;22;23;23;25;27;29;29;29;29;29;29;30;29;25;29;26;24;9;9;28;13;3;26;18;24;21;24;24;21;26;21;13;24;26;24;26;6;14;26;21;26;24;21;24;26;24;13;14;21;26;24;24;21;24;21;21;26;24;21;21;26;21;13;13;21;14;21;26;24;13;6;7;8;21;21;6;3;6;6;8
30;30;29;29;29;27;17;11;23;23;27;27;24;29;29;29;27;23;23;25;29;30;29;30;29;29;23;18;24;9;22;9;9;22;9;22;13;3;24;19;10;10;28;26;21;19;21;19;26;26;21;26;21;26;26;21;24;24;21;13;24;26;21;21;26;21;21;13;21;28;26;26;21;21;14;24;19;6;13;21;21;21;21;6;24;26;6;3;19;19;13;6;6;10
29;27;26;29;29;29;30;29;27;22;22;27;27;29;29;29;29;30;29;25;23;29;30;30;29;27;30;29;15;7;15;10;18;3;3;22;18;9;13;24;18;13;19;24;18;21;21;13;21;24;26;24;26;24;19;26;28;24;21;24;26;21;26;24;14;13;21;24;21;16;26;21;19;14;21;21;21;26;21;21;19;14;24;13;13;24;21;13;6;21;21;6;3;6
29;24;25;22;17;25;27;29;29;30;29;29;29;29;29;30;29;29;29;30;29;27;29;27;29;29;30;22;9;9;22;18;22;3;3;9;9;26;26;24;18;10;13;13;26;30;21;21;26;24;26;24;16;19;21;26;13;24;24;14;24;28;28;24;21;24;24;26;26;19;19;26;26;19;19;14;21;28;26;21;21;24;21;26;16;6;21;26;13;6;13;6;2;8
29;29;29;29;29;29;28;29;29;29;30;30;29;29;27;29;29;29;30;29;30;29;30;27;27;29;29;9;9;22;8;22;9;3;18;15;15;24;22;13;9;26;26;9;28;26;10;26;30;28;21;6;26;28;26;21;26;21;21;21;19;24;14;24;28;28;24;21;26;26;13;13;21;21;21;21;19;13;13;21;26;26;13;21;24;19;21;19;6;3;13;21;13;13
29;29;30;30;30;30;30;30;30;30;29;29;30;30;7;3;23;29;30;29;29;30;30;29;26;30;19;7;7;15;3;18;7;3;18;9;18;9;7;18;22;21;7;9;18;18;19;21;26;21;21;24;21;21;19;26;26;26;28;28;24;14;6;24;28;21;16;26;24;21;13;21;13;13;24;6;26;24;13;19;13;13;26;21;21;26;21;14;26;13;3;6;14;2
30;30;30;29;30;29;29;29;30;30;29;30;29;29;25;17;9;17;25;29;29;29;30;30;29;24;7;15;7;7;7;18;7;7;9;7;9;7;9;7;7;9;22;9;18;30;28;19;13;21;28;26;21;21;28;21;24;26;28;26;26;28;26;13;21;24;26;19;6;13;24;6;13;24;13;3;8;26;24;21;19;21;24;13;14;21;16;26;19;21;13;3;6;8
29;29;29;29;30;29;29;27;29;30;30;30;30;29;30;30;29;23;17;9;23;27;27;29;28;18;7;9;7;7;7;15;7;7;7;15;3;15;18;7;7;24;18;15;26;28;22;13;26;28;21;19;26;28;28;26;28;21;26;28;28;26;26;26;26;26;13;21;26;21;28;24;21;28;28;26;6;7;21;24;26;24;21;26;19;6;8;13;13;24;16;13;3;6
30;30;29;29;29;29;28;29;29;29;30;29;29;30;29;29;29;30;29;23;22;29;28;30;26;15;7;7;9;9;7;9;9;7;15;7;3;18;9;3;22;22;9;24;22;22;22;24;24;26;24;28;28;26;26;28;28;28;26;26;26;21;26;21;19;6;2;24;28;21;21;30;26;26;28;21;28;24;8;19;6;8;24;26;26;26;13;8;13;24;24;14;21;13
29;29;29;28;27;29;30;30;29;29;29;29;29;27;27;26;27;27;29;29;30;30;30;30;26;15;9;7;8;8;7;7;8;3;9;7;3;18;3;9;18;7;15;7;22;28;26;28;28;28;30;28;26;26;28;28;28;26;26;26;26;28;26;26;24;24;24;21;21;6;3;3;6;19;7;13;19;13;13;19;13;13;19;19;26;26;28;24;21;6;13;21;24;13
29;28;29;28;29;30;30;29;30;30;30;29;26;29;29;29;29;30;29;30;30;30;29;30;28;18;9;8;6;6;6;2;3;3;15;7;9;3;7;22;7;9;9;26;30;26;26;28;30;30;28;28;28;26;28;28;28;28;26;26;28;28;28;26;18;24;26;24;19;26;26;19;10;13;21;26;10;26;28;26;28;26;26;21;24;26;26;26;26;24;18;26;21;13
28;30;30;30;30;29;29;29;29;27;22;27;29;24;22;29;30;30;30;30;30;30;30;28;26;22;10;6;13;5;6;6;6;7;7;7;9;3;18;9;15;9;26;26;28;28;30;28;30;28;30;30;28;30;28;26;28;28;28;28;26;26;28;26;22;18;24;26;26;21;13;28;28;28;28;28;28;28;26;26;26;28;28;24;24;26;24;21;26;26;24;24;24;26
29;29;29;29;27;29;26;27;22;24;29;30;24;17;29;30;29;30;30;30;30;30;30;28;26;14;5;5;5;6;2;6;5;6;3;18;7;9;9;9;9;24;22;26;28;30;30;30;30;30;30;30;28;30;30;30;28;30;30;30;30;30;30;30;30;30;28;30;28;26;24;30;30;30;28;30;28;26;28;28;26;26;28;28;26;24;22;26;28;26;24;21;26;26
26;27;26;27;29;29;26;27;29;30;30;25;22;30;30;29;30;30;30;30;30;29;28;30;16;6;5;6;2;2;1;1;6;6;6;22;7;7;15;9;26;21;24;26;26;28;30;30;30;30;30;30;30;30;28;30;30;28;28;30;30;30;30;30;30;30;30;30;30;30;28;26;30;30;30;30;30;30;30;30;30;28;28;28;28;26;26;28;26;26;24;24;26;26
26;29;29;29;28;27;29;30;30;29;29;22;29;29;29;30;30;30;30;30;30;29;28;26;6;2;2;1;2;1;6;5;5;5;6;8;7;12;13;18;26;24;26;26;26;28;30;28;30;30;30;30;26;16;28;30;16;26;30;30;30;30;30;30;30;30;30;30;30;30;30;16;5;28;30;30;30;30;28;30;28;30;28;30;30;28;26;28;28;26;26;22;24;26
29;29;28;29;29;29;30;30;29;29;27;29;29;30;30;30;30;30;30;29;29;30;30;5;2;1;2;2;1;1;6;1;2;6;5;6;6;14;12;21;26;26;26;26;24;28;30;30;30;30;16;16;4;16;16;16;16;28;30;30;30;30;30;30;30;30;30;30;28;28;26;30;26;5;16;30;30;30;30;30;28;28;28;30;28;28;30;28;28;28;28;28;26;26
30;29;30;29;30;30;29;29;29;29;26;29;30;30;30;30;30;30;28;29;28;30;16;2;1;2;1;1;2;1;1;6;1;1;5;5;5;13;14;19;24;24;21;24;26;28;28;30;30;16;1;4;16;16;16;4;16;30;30;30;30;30;30;30;28;30;28;28;28;28;24;24;30;5;5;21;28;30;30;30;30;28;30;28;30;30;28;30;30;28;28;26;26;26
29;28;30;30;30;29;27;26;29;30;29;28;30;30;29;30;30;29;29;30;30;16;1;1;1;1;1;1;1;1;1;1;5;1;1;5;5;5;5;13;21;14;21;24;28;30;30;28;4;5;1;4;4;16;16;4;28;30;30;30;30;30;30;28;30;30;28;28;26;26;26;28;30;28;5;16;16;26;30;30;30;30;30;30;30;28;28;28;28;28;26;26;28;26
28;27;29;27;26;29;29;30;27;30;29;29;30;30;30;29;30;28;30;30;28;6;1;4;5;1;1;2;1;1;1;6;1;1;4;5;5;5;5;5;16;14;21;16;28;28;16;16;4;1;1;4;4;16;4;4;30;30;30;30;30;30;30;30;30;30;30;30;30;28;30;30;30;30;14;4;16;19;24;30;30;30;30;28;26;28;28;28;26;24;26;26;26;26
26;27;26;26;30;30;29;30;27;29;30;22;17;29;30;30;29;29;27;29;5;1;5;5;1;1;1;1;1;2;1;1;1;2;1;4;4;4;5;5;5;16;19;16;16;16;16;4;1;1;1;1;4;4;4;5;30;30;30;30;30;30;30;30;30;30;30;30;30;30;30;30;30;30;5;5;16;21;28;28;28;28;28;28;28;30;28;28;26;24;26;26;26;24
26;29;29;30;29;30;28;29;26;27;30;29;21;23;27;30;29;26;29;21;12;14;5;5;4;1;1;1;1;1;1;1;1;5;5;4;4;4;5;5;5;5;16;24;28;30;16;5;4;1;4;1;1;4;4;4;30;30;30;30;30;30;30;30;30;30;30;30;30;30;30;30;30;26;1;16;16;26;28;28;28;26;28;28;30;28;28;28;28;28;26;26;26;26
26;29;26;29;29;29;29;29;29;22;29;28;29;26;25;27;26;30;30;19;14;14;6;6;5;4;1;1;1;1;2;5;28;30;28;4;5;4;4;5;5;16;16;26;28;28;28;16;4;4;1;1;1;4;1;4;30;30;30;30;30;30;30;30;30;30;30;30;30;30;30;30;30;5;5;26;28;26;28;28;28;26;28;28;28;28;28;28;28;26;26;26;26;28
29;26;27;26;26;26;29;28;29;27;24;26;29;27;22;25;29;29;22;19;19;12;6;6;5;4;1;1;1;2;4;28;30;30;30;28;4;4;4;4;5;21;16;28;30;28;28;28;4;4;1;1;1;4;4;1;5;30;30;30;30;30;30;30;30;30;30;30;30;30;30;30;16;2;16;30;28;26;28;28;28;28;28;26;26;28;28;28;28;28;28;24;24;26
28;27;26;26;25;21;27;29;30;28;17;22;25;24;29;27;24;22;22;22;18;10;17;2;6;16;1;1;1;2;30;16;1;16;30;28;4;4;5;4;16;16;16;28;30;30;30;16;16;16;4;1;1;1;4;16;4;1;30;30;30;30;30;30;30;30;30;30;30;30;30;14;2;16;30;28;28;28;28;28;28;26;26;26;26;26;28;28;30;28;26;24;26;26
29;28;28;26;24;24;26;27;26;27;22;23;22;29;28;27;27;26;24;22;12;17;6;12;2;5;4;1;1;1;30;28;2;1;30;30;4;5;4;16;5;16;28;28;30;30;28;28;28;28;16;4;1;1;1;16;16;16;5;28;30;30;30;30;30;30;30;30;30;30;19;1;16;30;28;28;28;26;28;28;28;28;26;26;28;28;26;28;28;28;26;26;26;24
26;28;28;28;27;26;27;24;24;24;25;17;25;26;26;26;26;26;24;18;18;15;6;6;11;2;16;4;1;1;12;30;28;28;30;16;5;4;4;16;16;16;26;30;30;30;28;28;28;28;28;16;16;1;1;1;4;28;28;4;16;28;30;30;30;30;28;28;14;5;5;28;30;30;26;28;28;28;28;28;28;26;28;28;28;26;26;26;22;26;26;26;26;26
24;25;21;24;28;26;26;27;26;26;29;11;17;27;22;26;28;26;24;22;15;9;9;2;8;2;11;4;4;1;2;4;28;30;16;1;4;4;16;16;16;16;26;30;30;28;30;28;28;28;28;28;28;16;16;4;1;1;16;28;16;16;16;16;24;16;5;16;16;26;30;30;28;28;28;28;26;28;28;28;28;28;28;26;26;26;28;26;22;24;24;24;24;24
10;12;12;22;26;26;28;28;26;27;27;25;2;23;26;30;28;26;24;18;15;15;8;8;11;6;2;14;16;4;1;1;2;1;1;5;4;16;4;16;16;26;30;30;28;28;30;28;28;28;28;28;30;30;30;28;28;16;5;16;16;30;28;30;28;30;28;30;30;30;30;28;28;28;28;30;28;28;28;28;26;28;28;26;26;26;26;24;26;26;24;26;24;24
24;26;29;24;25;24;26;29;28;21;3;17;25;7;28;30;28;26;24;22;18;15;10;8;8;10;6;2;5;16;4;4;1;4;4;16;4;16;16;28;16;28;28;28;28;28;28;28;28;28;28;28;28;28;28;28;30;30;30;30;28;30;30;30;30;30;30;30;30;30;28;30;30;30;30;28;30;30;28;28;26;26;28;28;28;26;24;26;28;26;26;22;24;24
29;29;26;26;29;26;11;17;22;27;17;3;2;9;30;28;28;26;24;22;24;18;18;17;12;17;14;8;2;5;16;16;16;4;4;16;16;16;16;28;16;28;16;28;28;28;28;16;16;26;28;28;28;28;28;30;30;30;30;30;30;30;30;30;30;30;30;30;30;30;30;30;30;30;28;30;28;28;28;28;28;26;26;26;26;26;26;26;26;26;26;24;26;26
27;28;29;25;17;23;26;27;22;23;25;23;3;18;30;28;28;26;26;26;24;22;24;24;19;19;23;21;11;17;14;16;16;16;16;4;4;4;16;4;16;28;16;28;28;28;28;28;26;28;28;28;28;30;28;30;28;30;30;30;30;30;30;30;30;30;30;30;28;30;30;30;30;28;30;28;28;26;26;26;28;28;28;26;28;26;28;28;26;26;24;22;26;24
24;25;29;29;22;11;17;29;27;27;24;25;23;28;30;28;28;28;28;26;26;26;26;26;27;21;14;21;5;21;16;14;5;16;16;5;5;5;5;16;16;16;16;16;28;28;28;28;28;28;28;28;30;30;28;30;30;30;28;30;30;30;30;30;30;30;30;30;30;30;30;30;28;30;30;28;28;28;26;26;28;28;26;24;26;28;26;26;26;26;24;26;24;22
25;21;25;25;25;25;11;11;22;23;27;17;22;30;30;30;30;28;30;28;28;28;28;26;26;24;16;24;24;16;25;21;19;19;5;16;4;5;4;5;4;4;4;16;16;28;28;28;30;28;28;28;28;30;30;28;30;30;30;30;30;30;30;30;30;30;30;30;30;30;28;30;30;28;30;28;30;28;30;28;28;26;26;26;26;26;28;26;26;24;26;26;24;24
17;27;29;29;27;27;27;23;17;25;27;3;23;30;30;28;30;30;30;28;30;28;28;28;26;26;26;26;28;16;21;16;26;24;26;16;16;16;16;5;16;5;5;16;4;16;28;28;28;30;28;30;30;30;28;30;30;30;30;30;30;30;30;30;30;30;28;30;28;30;30;28;30;28;30;28;24;28;28;26;26;26;28;28;28;28;26;26;26;26;26;24;26;26
29;24;17;27;27;25;27;27;27;29;29;25;28;30;30;30;30;30;30;30;30;30;30;30;28;28;28;29;16;26;28;28;28;28;28;28;30;28;16;28;16;16;16;16;16;16;16;28;28;28;28;30;30;30;30;28;30;30;30;30;30;30;30;30;30;30;30;30;30;28;28;30;28;30;28;28;26;24;26;26;26;26;26;26;28;26;26;22;24;26;24;24;24;26
27;22;17;11;23;27;23;23;27;29;29;29;30;30;30;30;30;30;30;30;30;30;30;30;28;28;30;28;30;30;28;28;16;26;16;16;4;4;16;16;16;16;16;16;16;16;16;16;16;28;28;30;30;30;30;30;30;30;30;30;30;30;30;30;30;30;28;30;28;30;28;28;30;28;28;28;28;26;26;26;28;26;26;26;26;28;26;24;22;24;26;24;22;21
3;17;29;28;27;24;27;25;23;27;30;29;30;30;30;30;30;30;30;30;30;30;30;28;30;28;28;28;26;26;21;16;21;16;5;16;5;16;16;16;28;16;16;21;16;16;16;28;16;16;16;26;28;30;30;30;30;30;30;30;30;30;30;30;30;30;30;30;30;28;30;28;30;28;26;28;28;28;26;28;28;30;28;26;22;22;24;22;18;26;28;26;24;19
28;25;9;22;27;30;29;30;30;27;27;27;30;30;30;30;30;30;30;30;30;30;28;26;24;24;24;24;24;24;16;26;16;16;16;16;16;16;16;5;14;5;10;21;24;26;28;28;30;30;30;28;16;28;30;30;30;30;30;30;30;30;30;30;30;28;30;30;30;28;28;28;28;28;26;28;28;28;26;28;28;26;24;26;24;18;9;18;24;24;24;24;22;18
24;26;25;9;18;29;25;23;25;29;29;27;30;30;30;30;30;30;30;30;28;30;26;22;24;24;26;16;27;26;28;16;16;16;16;16;16;4;14;5;6;13;13;13;19;26;28;28;28;30;30;30;30;30;28;30;30;30;30;30;30;30;30;30;30;30;30;28;30;28;30;30;30;30;28;28;30;28;28;28;26;24;24;26;21;22;22;24;26;18;15;10;13;19
21;17;19;28;27;24;22;17;23;17;27;30;30;30;30;30;30;30;30;28;30;30;28;29;26;26;26;26;28;30;28;16;16;16;16;5;5;5;14;5;13;19;12;10;14;26;26;28;28;30;30;30;30;30;30;30;30;30;30;30;30;30;30;30;30;30;28;30;28;30;30;28;30;28;28;28;28;30;28;26;26;26;26;24;24;26;26;24;22;13;9;8;14;14
29;26;25;22;24;27;29;29;27;27;3;23;30;30;30;30;30;30;30;30;30;30;28;28;28;27;28;28;28;16;28;26;16;16;16;16;26;16;21;12;12;13;15;12;12;19;21;28;30;30;30;30;30;30;30;30;30;30;30;30;30;30;30;30;30;30;30;30;30;30;30;28;28;28;30;28;28;28;28;28;28;26;24;24;28;26;26;24;24;22;19;10;10;19
27;29;29;29;24;29;29;29;27;27;24;17;30;30;30;30;30;30;30;30;30;30;30;28;28;28;16;28;16;16;28;16;16;16;24;21;21;21;21;21;14;19;19;12;18;19;21;28;30;30;30;30;30;30;30;30;30;30;30;30;30;30;30;30;30;30;30;30;28;30;30;30;28;28;30;30;28;28;28;28;26;26;24;26;28;26;26;24;24;21;19;10;6;19
29;27;26;29;29;29;29;27;29;29;27;25;28;30;30;30;24;26;29;28;29;26;29;29;16;27;16;17;19;21;16;16;24;16;19;14;13;13;6;10;13;14;22;12;19;19;19;13;26;30;30;28;30;30;30;30;30;30;30;30;30;30;30;30;30;30;30;28;30;30;30;30;30;30;28;30;30;28;28;30;28;26;22;24;28;26;24;21;14;8;3;7;8;6
29;29;29;29;29;30;29;26;27;29;27;24;29;30;30;30;29;30;29;26;17;23;29;14;14;16;25;25;25;6;14;24;16;19;12;6;8;7;8;7;7;8;15;14;18;14;22;19;18;28;30;30;30;30;30;30;30;30;30;30;30;30;30;30;30;30;30;30;30;30;30;28;30;28;30;28;28;30;30;30;30;26;18;22;26;28;24;24;21;9;3;3;3;8
27;25;29;29;28;29;29;29;27;29;29;23;27;30;30;26;29;29;24;25;17;23;25;23;23;25;25;25;17;12;14;24;24;12;12;8;8;7;7;7;8;7;7;9;10;19;19;26;24;24;30;30;30;30;30;30;30;30;30;30;30;30;30;30;30;30;28;30;28;30;30;30;30;30;30;30;28;30;28;28;28;26;21;24;18;26;28;28;26;19;10;2;3;8
23;9;11;7;17;23;22;25;29;23;25;29;25;30;30;27;11;10;11;11;23;25;23;16;27;23;11;23;25;12;17;24;23;12;12;6;7;7;7;7;7;7;7;7;8;10;22;21;26;26;28;30;30;30;30;30;30;30;30;30;30;30;30;30;30;30;30;30;28;30;30;30;30;30;30;28;30;30;28;28;26;24;9;7;7;12;26;26;26;26;13;8;19;21
27;24;27;29;26;27;27;23;23;25;25;25;27;30;30;28;17;17;30;26;23;25;27;29;25;25;20;20;23;14;17;14;14;12;12;12;10;7;7;3;3;7;3;7;8;8;9;12;22;26;26;28;30;30;30;30;30;30;30;30;30;30;30;30;30;30;30;30;30;30;28;30;30;30;30;30;28;30;30;28;28;28;24;8;3;7;13;19;21;21;13;3;3;21
21;17;29;30;29;29;29;29;25;25;25;25;25;27;30;29;25;24;23;27;25;25;27;23;20;25;20;20;23;14;12;14;23;14;12;12;12;8;7;2;7;7;7;3;7;8;9;10;10;24;28;30;30;30;30;30;30;30;30;30;30;30;30;30;30;30;30;30;30;30;30;30;30;28;30;30;30;30;30;30;28;28;28;28;21;7;9;15;8;7;3;3;3;3
29;23;26;29;30;29;17;27;30;29;23;23;29;29;28;30;27;25;23;23;23;25;29;11;2;27;23;20;25;25;17;14;14;14;12;12;17;9;8;7;7;7;9;7;7;7;8;12;12;12;19;28;30;30;30;30;30;30;30;30;30;30;30;30;30;30;30;30;30;30;30;28;30;30;30;30;30;28;30;30;30;28;28;28;30;26;21;21;9;13;19;13;10;3
29;24;27;30;30;27;11;25;30;27;25;20;20;25;23;27;27;25;25;25;20;23;27;25;25;27;27;20;25;27;14;17;14;21;14;12;10;12;8;12;9;7;7;10;7;8;8;8;10;17;14;19;26;30;30;30;30;30;30;30;30;30;30;30;30;30;30;28;30;30;30;30;30;30;30;30;28;30;30;30;28;28;30;28;30;28;26;24;9;13;26;24;24;10
27;22;25;30;29;25;17;27;25;20;25;27;11;23;29;27;27;29;27;23;25;23;25;29;25;27;29;25;25;27;24;23;14;23;21;14;12;17;10;9;12;10;8;7;10;9;8;8;10;12;12;14;22;30;30;30;30;30;30;30;30;30;30;30;30;30;30;30;30;30;30;30;30;30;28;30;30;30;30;30;30;30;28;21;18;28;30;28;24;7;26;30;24;14
24;27;11;22;29;27;25;23;17;20;20;25;11;11;25;25;29;29;25;25;25;25;25;25;25;27;27;27;27;27;27;27;21;14;21;21;14;12;10;10;10;10;17;10;7;10;8;10;10;6;12;10;10;19;28;30;30;30;30;30;30;30;30;30;30;30;30;30;30;30;30;30;28;30;30;30;30;30;30;28;30;30;24;15;7;13;26;24;26;9;15;28;30;22
27;26;25;25;25;24;25;25;27;25;20;25;11;20;27;20;25;27;23;27;27;27;25;25;27;29;27;25;25;29;27;27;29;14;23;21;14;14;17;12;12;10;10;14;8;8;11;10;12;12;13;17;14;12;18;28;30;30;30;30;30;30;30;30;30;30;30;30;30;30;30;30;30;30;30;30;28;30;30;30;28;26;24;24;10;9;18;22;26;24;9;18;21;26
27;17;25;23;17;23;17;23;29;29;25;20;20;20;27;23;11;27;27;25;20;27;27;27;27;27;27;29;25;29;27;29;29;16;23;21;23;14;19;12;12;12;10;10;17;10;8;12;12;14;22;19;19;24;26;28;30;30;30;30;30;30;30;30;30;30;30;30;30;30;30;30;30;30;30;30;30;30;30;28;28;26;24;28;24;19;24;28;28;26;22;22;19;24
23;27;27;23;20;25;23;25;27;29;25;25;20;11;25;29;20;23;29;29;27;25;29;27;27;27;27;29;29;29;25;27;27;26;25;21;27;21;23;14;12;12;17;10;12;12;8;10;12;14;19;21;23;19;21;30;30;30;30;30;30;30;30;30;30;30;30;30;30;30;30;30;30;30;30;30;30;30;30;30;30;30;28;26;24;24;26;24;26;26;22;26;26;22
17;25;25;27;29;25;27;23;25;29;27;25;25;25;27;27;27;27;27;29;27;25;23;29;29;25;27;29;29;29;25;23;23;29;30;27;27;26;16;24;12;12;14;14;10;17;14;12;12;19;17;19;21;19;22;19;28;30;30;30;30;30;30;30;30;30;30;30;30;30;30;30;30;30;30;30;30;30;30;30;30;28;24;24;28;15;15;18;15;19;15;19;26;24
27;25;25;25;25;27;27;25;23;27;27;27;27;20;11;25;29;27;29;27;27;25;20;29;27;25;27;29;29;29;27;25;27;23;27;26;25;27;27;23;24;12;14;23;19;12;14;14;12;21;24;12;24;26;22;14;19;28;30;30;30;30;30;30;30;30;30;30;30;30;30;30;30;30;30;30;30;30;30;30;28;26;24;26;30;28;12;10;24;24;24;8;18;28
27;25;25;20;20;30;29;29;27;23;23;27;29;20;20;29;29;27;29;27;27;27;29;27;29;27;27;30;29;27;29;25;27;27;17;11;23;29;26;12;24;21;14;14;21;19;19;23;19;21;26;24;12;30;28;19;17;18;26;30;30;30;30;30;30;30;30;30;30;30;30;30;30;30;30;30;30;30;30;30;30;26;24;26;28;24;24;22;28;28;26;9;3;24
25;20;23;25;27;29;30;29;27;27;23;27;29;25;25;25;27;27;27;27;27;25;27;27;29;29;20;25;25;20;23;27;20;27;30;11;27;25;20;24;29;21;19;14;23;21;19;21;19;24;24;24;14;12;30;30;24;9;12;24;30;30;30;30;30;30;30;30;30;30;30;30;30;30;30;30;30;30;30;30;30;28;24;28;28;24;15;18;22;28;26;7;3;7
27;27;27;25;29;27;27;30;27;27;25;27;30;27;20;23;25;27;27;27;29;29;29;27;29;29;25;11;20;23;23;23;25;23;29;25;23;29;26;21;26;21;19;14;21;21;21;19;14;27;28;21;21;12;14;26;30;26;7;10;24;30;30;30;30;30;30;30;30;30;30;30;30;30;30;30;30;30;28;30;28;28;28;28;24;18;24;28;26;26;26;26;10;3
23;20;25;23;27;30;29;29;29;27;27;27;29;25;20;29;27;25;29;29;29;27;29;27;29;29;29;23;20;27;29;20;25;25;27;27;20;29;27;22;24;21;21;21;23;24;16;19;14;14;28;26;24;17;19;10;26;30;24;7;24;30;30;30;30;30;30;30;30;30;30;30;30;30;30;30;30;30;30;30;28;28;26;28;24;7;18;28;30;30;26;28;24;7
25;25;20;25;27;29;29;29;29;27;27;27;27;25;27;29;29;27;27;30;29;27;29;25;23;27;29;25;20;27;27;11;20;27;29;20;20;27;18;26;28;26;24;23;14;21;26;25;14;12;16;28;24;26;14;21;12;26;30;21;21;30;30;30;30;30;30;30;30;30;30;30;30;30;30;30;30;30;30;30;30;30;26;22;22;15;3;7;24;30;28;28;26;22
25;27;20;25;27;23;25;29;25;25;27;25;27;27;25;25;29;29;25;20;27;30;29;27;11;20;29;27;25;25;27;25;11;27;30;25;23;12;17;24;26;28;21;21;16;14;26;21;14;14;17;19;21;30;24;24;26;8;26;28;21;30;30;30;30;30;30;30;30;30;30;30;30;30;30;30;30;30;30;30;28;30;28;13;7;7;3;3;7;28;28;28;28;28
25;20;25;23;11;27;25;23;25;27;25;25;29;27;25;23;29;29;25;2;11;29;29;29;23;23;27;29;27;23;25;27;27;11;27;27;17;12;22;12;24;19;19;21;24;12;26;19;12;12;14;14;17;26;28;14;28;14;10;28;24;28;30;30;30;30;30;30;30;30;30;30;30;30;30;30;30;30;30;30;28;28;30;28;18;7;3;3;3;9;26;28;28;28
29;23;25;20;20;29;27;23;23;25;29;27;27;27;25;27;30;29;29;20;11;27;29;27;20;25;23;25;27;29;27;25;29;25;20;27;17;26;15;22;24;9;18;12;19;14;26;21;12;12;12;10;10;12;26;18;28;26;8;26;26;26;30;30;30;30;30;30;30;30;30;30;30;30;30;30;30;30;30;30;28;28;30;30;28;24;18;3;7;7;18;28;26;28
27;27;23;23;23;29;29;29;29;27;27;27;29;27;25;27;27;29;30;25;27;27;27;25;25;20;23;23;29;27;29;27;23;25;20;25;27;24;19;24;7;9;8;13;24;24;24;26;21;12;6;10;8;12;24;21;22;26;15;10;24;28;30;30;30;30;30;30;30;30;30;30;30;30;30;30;30;28;28;24;26;28;26;30;28;28;30;24;9;9;9;24;26;26
29;29;25;11;20;27;27;29;27;29;29;27;27;27;29;27;27;25;29;27;27;25;11;25;27;20;20;25;27;27;29;27;11;25;20;2;28;24;28;18;7;15;3;24;26;28;24;26;26;10;12;10;10;12;26;24;22;26;19;9;12;30;30;28;30;30;30;30;30;30;30;30;30;30;30;30;30;30;24;7;18;18;18;22;26;28;30;30;26;15;22;22;24;22
27;29;27;20;20;29;29;27;25;27;29;25;23;27;27;29;27;27;25;29;25;25;20;27;27;25;11;11;27;29;29;27;25;27;17;12;26;28;28;7;15;15;3;24;26;26;26;24;26;10;17;24;24;10;26;26;24;21;24;19;7;26;30;28;26;30;30;30;30;30;28;26;26;28;28;30;30;30;28;18;3;3;3;7;15;28;28;30;28;26;26;28;22;15
20;6;27;25;20;29;29;29;25;29;29;25;2;20;27;27;29;30;29;27;27;25;20;27;27;20;20;20;29;29;29;23;27;25;27;6;24;30;26;7;24;7;3;26;29;24;26;29;26;10;7;28;30;22;24;28;22;24;30;26;9;21;30;28;19;24;30;30;30;30;28;24;18;15;24;26;30;30;28;26;7;7;9;9;9;18;26;28;28;26;28;26;22;18
25;17;11;11;2;23;27;29;29;27;27;27;25;25;27;29;29;27;23;29;29;25;20;25;27;27;23;25;27;29;27;25;27;27;14;2;26;30;10;18;22;7;9;26;26;24;12;30;28;10;8;26;30;24;12;22;12;22;30;28;18;12;28;30;18;8;22;28;30;24;30;26;24;9;7;22;26;30;28;18;7;7;18;22;22;15;18;26;28;28;26;28;24;18
27;29;27;27;25;11;20;23;27;29;27;25;27;29;27;29;29;27;11;29;23;20;20;11;27;27;25;25;27;27;27;29;27;29;8;8;26;26;7;26;18;7;24;28;24;28;18;30;28;24;24;26;30;21;6;15;8;26;30;26;12;9;26;30;22;10;15;26;28;24;26;28;28;22;3;24;30;28;28;15;7;7;15;28;26;18;18;28;28;24;24;30;28;26
25;20;27;29;29;29;25;2;11;11;25;30;27;27;29;29;25;17;25;29;27;25;25;25;25;27;25;27;27;25;27;29;29;26;3;28;30;13;15;28;18;22;26;30;26;30;21;24;28;30;30;13;22;21;15;7;9;26;30;28;15;8;19;28;28;26;24;28;26;26;26;26;30;28;8;15;30;30;30;26;9;9;22;28;30;28;26;28;28;26;24;26;28;28
29;25;11;25;29;27;29;27;25;11;3;25;29;29;30;29;27;23;25;29;29;27;27;23;25;27;27;25;27;23;25;29;30;17;9;30;26;3;19;30;24;24;26;30;24;30;24;10;26;30;30;9;9;15;15;8;18;28;30;28;8;7;10;21;28;24;24;28;24;26;28;26;26;28;28;19;28;28;30;28;24;26;28;28;28;28;24;22;26;28;30;28;28;26
27;20;23;29;27;27;27;29;29;29;23;3;11;27;30;30;27;25;29;29;29;29;27;20;20;29;27;27;25;25;25;29;29;3;26;30;3;7;19;26;28;26;24;26;24;28;28;21;26;30;26;7;9;18;22;9;24;28;30;28;9;8;7;10;24;19;24;28;18;18;26;28;28;26;28;28;24;28;28;26;26;28;30;30;26;9;7;7;9;24;30;28;28;24
20;25;29;29;27;27;27;25;29;29;29;27;2;3;25;29;29;25;20;25;29;25;23;23;25;29;25;27;23;29;25;25;26;7;30;24;7;15;10;19;26;28;19;10;30;28;30;21;26;30;24;3;9;22;24;22;26;28;28;24;9;9;7;7;9;19;28;30;26;26;28;28;22;26;21;26;24;18;24;24;30;30;28;28;24;7;7;18;18;28;28;26;26;28
20;25;25;29;29;29;27;25;27;29;29;27;27;25;11;3;23;27;20;27;29;20;23;23;27;30;25;25;25;29;29;27;19;18;30;9;15;18;15;8;19;30;9;10;30;30;28;7;24;28;19;3;24;28;26;24;28;26;28;26;9;15;9;7;3;9;28;30;30;30;28;26;8;9;3;8;22;15;15;15;30;28;28;28;24;3;3;7;24;28;28;28;26;21
25;20;23;27;29;29;25;23;11;25;25;23;25;29;30;17;2;25;23;25;27;20;23;25;20;20;25;23;29;29;29;27;19;24;24;22;26;24;9;3;19;30;10;26;30;30;14;7;18;24;9;7;28;30;30;28;22;22;26;24;22;18;7;7;3;8;26;30;28;30;28;8;3;3;3;3;3;9;15;18;26;30;28;28;21;3;3;3;26;28;24;28;26;19
27;25;25;27;27;27;23;23;25;11;23;27;25;25;29;23;25;23;11;23;27;25;25;25;23;23;23;23;27;29;29;23;26;26;21;26;26;22;7;7;24;28;19;28;30;28;8;10;15;9;7;9;28;30;30;26;9;15;22;22;26;15;3;9;7;9;26;28;19;26;28;9;3;3;3;3;3;3;15;28;22;26;28;28;26;9;9;3;3;26;26;24;24;19
27;25;27;27;25;23;11;20;27;27;25;23;27;27;23;20;27;25;25;27;27;25;27;25;25;27;27;30;29;29;27;25;28;26;28;28;28;10;3;2;28;30;19;30;30;26;18;22;24;7;7;18;28;28;30;18;7;24;24;24;28;15;3;7;9;15;26;26;9;18;24;7;3;3;3;3;3;3;15;30;28;26;28;28;28;15;18;3;3;9;24;9;9;22
27;23;27;27;25;25;25;20;27;27;27;25;25;25;23;27;25;25;27;27;29;27;25;25;23;23;27;29;30;29;25;24;28;28;30;30;28;7;3;12;30;30;19;21;28;30;30;28;15;7;9;13;28;30;30;13;7;24;26;28;28;9;3;15;22;22;24;26;9;15;15;7;3;3;3;3;3;3;3;26;30;28;28;28;28;18;22;7;3;3;9;9;15;24
23;25;27;27;25;23;27;20;23;27;20;27;27;23;11;25;27;25;27;29;27;25;27;25;23;23;29;30;27;27;24;27;28;28;30;21;12;7;3;21;30;30;18;7;24;28;30;28;3;7;15;13;26;28;28;9;7;28;28;30;28;3;7;18;24;24;28;28;15;18;15;3;3;7;7;7;3;3;3;15;30;28;28;28;26;26;26;7;7;9;7;24;28;28
20;11;27;25;20;25;25;23;25;25;20;27;27;25;20;25;29;25;27;29;20;23;25;25;25;30;29;23;20;29;24;28;19;24;26;12;8;7;3;19;30;28;9;3;21;30;30;24;3;9;15;21;21;24;24;7;9;30;30;30;26;3;7;22;24;26;30;28;9;26;24;7;7;7;9;7;3;7;3;7;26;28;26;26;26;30;28;7;7;9;9;26;30;26
25;27;20;20;25;27;23;23;27;11;20;27;25;25;25;27;29;20;25;23;23;25;25;23;23;25;27;20;23;27;24;30;7;26;26;12;7;7;2;8;28;26;7;7;28;30;30;18;3;15;18;24;24;19;10;3;19;30;30;28;24;3;7;24;26;30;30;28;22;26;26;9;7;15;15;3;3;7;9;9;18;24;24;26;28;28;28;7;3;7;22;28;28;28
25;27;25;25;29;25;20;23;25;25;23;27;27;27;25;25;25;23;25;20;25;27;27;23;27;25;25;25;27;27;26;28;24;30;28;6;7;8;2;6;30;24;7;9;28;30;30;8;3;18;24;26;24;9;3;7;21;28;28;28;24;3;7;26;28;26;28;28;22;26;30;22;15;22;22;7;3;3;7;15;24;22;26;28;28;28;28;24;7;9;18;28;28;28
20;25;27;27;25;27;20;20;25;20;25;25;25;27;23;20;25;27;25;25;27;25;27;25;23;25;25;25;25;21;30;28;30;30;14;2;8;7;2;26;30;22;7;13;28;30;28;7;7;22;24;30;24;7;7;9;24;26;28;26;22;7;7;22;21;19;28;26;24;28;30;26;22;24;22;7;3;3;7;7;22;28;28;30;28;28;28;24;15;22;22;26;30;28
20;23;25;25;23;25;23;27;27;25;20;25;25;25;25;20;20;25;25;25;27;25;25;29;23;20;23;25;6;8;30;21;30;26;3;8;7;7;8;28;30;15;7;18;28;28;26;7;7;26;28;30;24;3;15;15;22;26;28;26;18;15;7;8;9;8;26;26;30;28;28;28;24;28;22;3;3;7;7;7;7;24;30;28;28;28;24;19;7;15;22;28;30;28
25;20;25;25;25;25;25;27;27;25;20;25;20;25;27;11;20;25;25;25;27;27;25;25;25;25;11;23;19;26;26;19;28;6;3;8;7;2;12;30;28;9;3;21;30;28;24;7;7;30;30;30;21;3;18;24;24;26;28;24;26;15;3;7;3;7;24;28;30;28;28;26;24;30;24;3;7;7;7;9;9;9;28;28;26;19;19;9;9;3;8;22;28;26
25;25;25;25;25;20;25;27;27;25;23;25;25;27;25;11;20;23;27;27;27;25;25;23;20;23;28;21;3;21;14;21;26;8;8;8;8;3;24;30;28;7;9;26;30;30;26;3;18;28;30;28;21;7;22;24;26;28;28;28;28;9;3;7;3;7;19;19;28;28;26;28;28;28;24;8;3;9;15;9;18;9;22;26;24;7;3;7;8;10;3;3;10;26
25;25;25;27;25;20;25;27;27;25;25;25;27;29;25;20;25;25;27;27;25;25;27;25;23;27;21;3;3;21;19;26;19;17;10;9;7;14;30;30;22;3;22;28;28;30;26;3;19;26;28;28;13;3;18;28;28;30;28;28;26;3;7;7;7;7;13;10;24;28;26;28;28;28;26;18;7;3;15;22;26;13;19;26;13;7;7;7;9;10;3;3;3;8
23;27;25;27;25;25;25;27;27;25;11;20;29;29;25;23;27;27;27;25;27;25;27;29;25;3;3;9;21;24;23;26;19;14;15;8;3;28;30;30;26;3;15;28;28;30;13;15;22;24;26;24;18;3;7;28;30;28;28;30;24;3;7;9;15;9;9;13;7;24;30;28;28;28;28;13;24;9;15;26;28;26;24;28;10;3;7;15;9;9;7;3;3;3
20;29;29;27;23;23;25;27;20;25;25;11;27;27;25;25;25;27;25;25;29;27;25;29;26;3;3;19;28;26;12;26;24;14;9;7;10;28;30;30;26;3;15;26;28;28;7;21;26;24;24;18;10;8;3;19;30;28;30;28;22;3;7;7;18;15;15;18;9;13;30;30;28;26;28;22;15;26;26;30;30;28;28;28;19;7;9;18;22;22;3;3;7;15
25;29;23;25;25;27;27;25;25;25;29;20;25;27;25;23;20;27;25;27;25;27;27;26;18;9;30;28;30;14;21;30;26;18;10;8;18;26;28;30;15;3;18;30;24;22;7;22;30;30;26;13;18;7;3;9;28;30;28;28;15;3;15;15;15;15;18;18;18;9;26;28;28;28;19;21;15;24;30;28;28;28;28;28;21;18;18;22;26;24;7;9;7;9
27;27;20;25;25;27;25;27;27;25;29;25;20;25;25;23;25;27;23;27;27;25;27;12;3;3;26;30;30;9;28;30;26;15;10;9;22;24;26;18;15;9;18;30;24;15;7;10;30;30;30;22;18;3;3;3;26;30;30;28;8;7;15;22;18;22;22;22;18;15;21;28;16;24;13;9;15;22;28;30;28;28;28;28;26;22;26;22;28;26;7;7;18;18
25;27;20;25;25;25;27;25;27;27;29;27;20;25;23;20;25;29;29;27;11;17;28;7;3;3;9;26;30;26;30;30;24;19;8;15;26;22;18;9;26;9;9;30;28;18;9;3;26;30;30;28;15;3;7;3;24;30;28;28;21;7;7;22;28;26;26;22;22;22;19;21;13;15;10;9;7;9;26;30;28;28;28;28;30;24;18;26;28;26;18;9;9;18
25;25;23;20;11;23;27;23;23;27;27;23;11;27;23;17;25;29;25;2;2;25;26;3;24;22;10;28;28;28;30;30;24;14;7;22;26;22;15;18;30;9;6;30;30;18;7;3;19;30;30;30;18;3;9;7;22;30;28;30;24;7;8;7;24;30;28;28;28;26;24;7;9;8;9;15;15;9;18;26;28;28;28;28;28;28;24;26;30;28;13;15;15;9
25;27;20;25;20;3;23;29;27;27;29;25;11;23;25;23;25;25;17;11;17;29;15;3;7;18;22;30;26;26;30;30;19;9;10;28;28;22;9;26;28;7;13;28;30;26;3;3;13;30;30;28;15;7;9;9;24;28;28;28;21;9;10;7;3;26;30;30;30;30;30;7;7;18;15;15;18;22;10;10;26;26;26;26;26;26;26;28;28;28;28;9;7;15
25;27;20;27;23;3;11;27;27;25;20;29;23;11;27;20;23;25;25;23;23;26;3;3;7;15;13;28;21;26;30;24;8;7;18;30;26;22;15;24;22;9;21;28;28;28;7;3;18;30;30;30;9;15;22;18;22;26;26;24;19;9;9;7;3;8;28;28;28;28;30;26;3;22;18;15;24;22;18;3;6;26;21;21;24;28;28;30;28;28;28;26;8;15
20;23;20;25;27;3;3;17;27;25;11;27;27;20;25;25;25;27;27;23;24;9;7;26;26;24;26;28;6;24;28;2;10;8;12;30;26;22;13;18;22;24;21;24;28;24;24;15;15;30;28;30;6;15;26;26;28;26;26;19;18;18;13;7;7;3;18;28;30;28;30;30;24;3;22;22;22;24;22;3;3;6;19;19;26;30;30;28;30;28;28;21;13;18
25;20;25;27;27;7;3;17;29;25;25;27;27;25;23;27;27;27;23;23;25;3;22;30;30;30;30;14;2;24;13;7;15;8;15;30;28;18;10;24;28;24;21;6;21;26;26;26;19;28;28;28;6;8;28;28;30;28;30;26;19;22;15;7;7;3;7;28;28;28;28;28;30;18;22;28;24;26;19;7;3;7;3;7;26;30;28;28;28;28;28;13;15;22
27;11;25;25;27;18;3;19;29;20;25;25;23;25;23;25;25;25;23;11;22;3;3;26;30;30;28;6;6;21;12;18;19;8;22;30;28;10;21;28;28;26;21;3;18;26;28;30;26;24;26;24;10;7;13;30;28;30;30;30;28;21;9;3;7;7;7;26;28;28;30;28;28;26;28;28;30;28;18;7;7;7;7;7;10;28;30;28;28;28;13;8;9;18
27;11;11;27;29;8;3;17;29;23;27;25;25;29;25;27;27;23;23;23;11;7;13;21;26;30;26;6;12;24;10;21;24;8;26;30;26;21;26;28;28;28;18;3;19;30;28;28;30;26;19;19;15;7;3;26;30;28;28;28;30;28;9;3;9;15;9;18;28;26;28;28;28;28;30;30;28;28;19;3;8;7;7;15;13;13;28;28;28;21;8;3;7;7
29;23;23;27;29;15;3;11;25;25;27;25;27;27;27;25;29;25;20;23;26;30;26;26;28;30;24;14;14;26;2;24;30;13;28;30;30;28;26;28;26;28;22;3;19;30;28;28;30;30;18;21;18;8;3;10;30;30;28;30;28;28;13;3;9;18;18;18;26;26;26;28;28;30;28;30;28;30;26;8;9;9;7;15;24;18;13;26;26;13;7;8;7;9
29;22;23;27;29;25;3;3;23;29;27;25;27;27;27;25;25;25;20;20;30;22;10;26;28;28;24;21;14;26;3;24;30;26;30;30;30;24;26;28;28;28;24;7;18;30;28;28;28;30;26;22;22;7;7;3;24;30;28;28;30;28;8;7;7;15;13;26;30;28;28;30;30;28;30;30;28;30;28;15;7;15;22;22;24;28;24;26;28;13;3;9;15;15
29;25;23;23;27;26;11;3;23;29;27;25;27;25;29;27;25;25;23;11;10;10;21;24;28;28;21;19;14;24;2;24;30;28;30;30;28;3;6;28;28;28;26;7;8;28;30;28;30;30;28;26;18;7;7;7;7;26;30;30;30;28;3;3;9;8;9;18;26;28;28;28;30;30;28;28;30;28;30;28;9;18;24;28;28;30;28;26;26;13;7;9;15;15
18;27;22;25;29;30;25;20;25;25;27;27;23;25;30;27;20;27;25;7;7;19;26;30;30;30;12;6;19;26;8;21;30;28;30;30;10;3;3;19;28;26;28;15;7;28;30;28;28;30;30;28;9;7;7;9;7;9;30;30;28;30;12;3;9;9;13;13;10;14;13;18;21;28;30;28;30;30;28;28;24;18;24;28;28;26;26;26;28;19;7;15;18;15
25;27;25;27;29;29;29;20;25;25;25;25;25;29;29;23;27;27;23;17;3;7;13;30;30;28;6;10;19;27;3;19;30;28;26;24;3;8;7;3;24;28;28;13;7;18;28;30;30;30;30;26;9;3;7;9;9;7;28;28;28;30;24;7;8;10;15;19;18;18;18;15;9;15;26;30;30;28;28;24;24;22;26;26;26;24;24;26;28;28;19;15;18;24
25;27;25;25;29;29;29;25;20;11;25;27;27;29;20;25;27;25;17;17;9;8;15;21;28;21;12;14;19;26;3;24;30;30;24;12;7;9;7;3;8;28;28;18;7;7;26;30;28;30;30;24;7;9;9;15;18;9;24;28;28;28;26;9;18;18;15;18;22;22;22;18;22;18;10;28;30;28;26;24;18;24;26;26;24;24;24;24;28;30;26;15;18;22
23;25;25;27;29;24;27;25;25;20;11;27;25;27;20;27;27;20;11;26;30;24;22;22;26;19;24;21;19;24;7;21;30;30;26;14;24;9;3;7;3;24;30;19;8;8;19;30;28;30;30;18;9;9;22;18;18;18;13;26;26;28;26;10;21;24;22;24;22;22;24;22;24;24;22;19;26;24;19;22;22;24;26;26;22;18;26;26;26;28;26;9;24;24
23;20;25;25;29;25;23;25;27;29;23;25;25;27;25;23;25;25;23;9;26;30;26;28;28;21;26;19;18;24;3;28;30;30;26;10;26;15;7;7;3;13;30;24;7;9;13;28;30;30;30;15;9;18;24;24;26;21;10;24;24;14;19;19;24;26;24;26;28;24;24;24;22;24;26;21;19;19;18;22;24;24;24;26;18;18;22;26;28;26;19;18;18;26
23;20;25;25;27;27;27;27;23;29;29;25;27;25;23;23;23;25;27;11;15;26;28;30;30;19;28;21;17;24;8;28;30;30;24;3;26;24;3;7;3;22;30;26;9;9;9;26;30;30;30;15;18;22;22;28;30;26;7;13;24;6;13;21;24;26;24;26;30;30;30;28;28;26;28;28;26;9;22;26;24;26;26;24;9;18;22;22;28;19;7;10;18;22
20;23;25;23;25;27;27;25;25;25;27;27;25;20;25;27;25;25;27;18;9;12;24;28;28;14;30;22;18;24;18;30;30;26;8;7;26;26;7;3;7;26;30;26;15;8;9;24;30;30;28;18;22;22;24;30;28;19;15;18;24;21;12;19;19;24;26;28;30;30;30;30;30;30;30;30;28;15;22;24;28;26;28;19;9;15;22;24;24;6;7;7;15;22
23;25;25;27;23;24;25;25;25;25;29;29;27;25;27;29;25;25;25;10;22;26;26;28;26;14;30;21;17;22;18;30;30;19;8;8;21;30;24;3;18;28;30;28;24;9;7;24;30;28;28;24;22;26;28;30;18;10;18;22;24;26;14;13;6;13;19;26;28;28;30;30;30;30;30;30;30;15;18;24;24;28;28;19;10;18;24;26;24;6;8;9;7;9
23;27;25;27;25;23;27;25;25;25;29;29;29;20;27;27;25;17;29;17;24;30;30;28;19;10;30;24;18;24;12;28;30;19;21;7;19;30;28;19;28;28;28;30;26;9;9;9;28;30;28;24;24;28;30;24;9;15;18;22;24;26;21;6;8;8;6;10;13;19;28;30;28;30;30;30;30;26;22;24;24;30;26;19;18;22;24;26;26;10;7;15;15;9
23;27;27;25;25;20;25;27;25;23;25;29;29;25;27;23;27;25;29;26;10;28;28;28;26;12;30;26;19;24;9;28;26;24;28;10;13;30;28;30;28;28;30;30;26;15;9;8;18;28;28;24;28;30;28;10;10;15;22;24;26;24;19;6;7;6;8;6;9;8;8;28;30;30;30;28;30;30;26;26;30;30;26;15;24;22;24;28;28;10;9;18;22;22
25;27;25;27;27;20;25;27;27;25;23;27;29;27;25;25;27;27;23;30;26;22;26;28;30;8;26;26;21;24;7;28;30;28;30;21;8;30;28;28;28;28;30;30;30;18;7;10;8;28;28;28;30;30;26;7;15;18;24;26;26;19;19;19;8;8;9;10;13;12;7;9;30;30;30;30;30;30;28;28;30;30;26;15;22;26;24;28;30;18;15;18;22;21
27;25;20;25;27;27;25;27;25;20;27;29;23;25;20;25;25;27;24;28;30;30;30;30;28;2;21;28;19;26;8;28;30;30;30;19;3;30;30;28;28;30;30;28;30;24;3;9;9;24;30;30;30;30;24;9;15;24;24;26;22;18;19;24;13;7;8;10;15;15;18;8;22;30;28;30;28;28;28;30;30;30;30;18;18;24;26;30;30;26;19;24;28;30
25;27;20;25;27;27;25;25;23;11;11;20;23;20;20;25;25;27;30;16;28;28;30;30;28;19;22;28;19;24;9;26;30;30;30;26;3;28;30;28;28;30;28;30;30;28;7;7;13;14;30;30;30;30;18;15;22;24;24;22;13;18;22;24;24;8;10;10;10;9;13;15;8;28;30;30;28;28;30;30;30;30;30;26;22;24;28;30;30;28;22;28;30;30
25;27;25;25;29;27;25;27;27;25;27;25;23;20;25;25;25;27;26;21;21;19;26;28;24;26;23;28;24;22;10;24;30;30;30;30;8;21;30;28;30;30;28;30;30;26;7;3;9;13;28;30;30;30;19;18;24;26;22;18;18;18;22;24;28;19;10;10;8;10;9;15;10;15;24;28;28;30;30;28;30;28;30;30;28;24;30;30;28;28;26;30;30;30
25;27;25;23;25;25;25;25;27;27;23;25;25;20;25;20;25;27;25;16;19;24;24;26;26;28;21;26;26;26;19;19;30;30;30;30;24;13;30;28;28;30;28;30;30;21;8;8;7;9;28;30;28;30;24;22;26;18;18;12;18;22;24;24;26;26;6;6;10;12;19;18;21;18;13;14;26;30;30;28;30;30;28;28;28;26;30;30;28;24;28;30;30;30
25;25;25;25;25;25;25;25;27;27;20;23;20;20;25;25;27;27;25;26;30;30;30;30;30;30;26;28;26;26;22;13;30;30;30;30;30;6;28;30;30;30;30;30;28;6;9;9;9;7;24;30;28;30;26;24;26;15;18;18;22;24;24;26;28;28;6;10;14;19;24;19;22;24;22;18;10;24;30;30;28;28;28;26;26;30;28;26;28;28;28;30;30;30
25;25;27;25;25;27;25;25;25;25;25;1;20;23;25;25;29;25;12;26;30;30;30;30;30;30;26;26;28;24;21;19;30;30;30;30;30;6;21;30;30;28;30;30;12;8;15;18;18;10;21;28;28;28;28;28;24;15;15;22;22;26;26;26;30;28;21;19;22;24;22;21;22;26;24;22;22;19;26;30;28;26;24;26;21;24;26;10;19;30;30;30;30;30
25;23;27;27;25;27;25;25;27;25;20;20;29;25;20;27;27;23;17;26;30;30;30;30;30;30;26;24;30;28;26;10;28;30;30;28;30;24;19;30;28;30;28;5;7;15;18;22;15;13;13;24;28;28;28;30;13;15;18;18;26;26;26;28;30;28;21;19;24;26;26;24;24;24;26;24;24;24;24;28;30;28;28;28;26;14;6;10;8;21;30;30;30;28
25;23;29;27;27;27;25;27;27;25;25;25;27;27;20;27;29;27;23;21;26;30;30;30;30;30;28;21;28;30;28;8;28;30;28;30;30;28;14;30;30;30;19;3;10;18;18;22;24;22;15;24;30;30;30;28;9;15;22;22;26;26;28;30;30;28;21;18;24;24;28;28;28;28;28;26;24;26;26;26;28;30;30;28;24;12;15;13;10;10;26;30;30;30
20;17;30;29;27;27;27;27;25;25;25;23;27;29;20;25;29;27;27;24;28;30;30;30;30;30;30;26;30;30;26;10;28;30;30;30;30;21;8;28;30;28;2;9;18;18;24;24;26;24;22;24;30;30;30;30;10;18;26;26;26;28;30;28;30;28;19;13;24;26;26;30;28;30;30;30;30;30;30;30;30;30;30;24;12;15;18;15;15;24;18;26;28;28
11;20;29;29;25;27;27;25;25;27;25;25;27;29;23;20;27;27;27;30;30;30;30;30;30;30;30;28;30;21;12;14;28;30;30;30;21;7;6;28;30;24;7;18;22;22;26;28;26;26;22;21;28;30;30;30;24;22;24;26;28;30;30;28;28;24;12;18;22;26;28;30;30;30;30;30;30;30;30;30;30;30;30;26;9;15;15;18;18;24;26;26;28;21
25;23;29;29;27;27;27;25;27;29;27;25;27;29;25;20;27;25;27;24;26;30;30;30;28;28;30;30;30;21;6;12;28;30;30;21;8;24;12;21;30;24;13;22;24;24;28;30;26;24;26;24;26;30;28;30;26;24;26;28;30;30;30;30;28;5;8;6;13;18;26;28;30;30;30;28;30;30;30;30;30;30;30;26;13;22;22;22;24;30;30;30;26;6
27;25;27;29;27;27;27;27;20;27;27;25;27;27;20;20;27;25;25;23;21;28;28;26;28;28;28;30;30;26;12;10;19;30;28;19;14;28;26;6;30;26;22;26;24;28;30;30;28;24;21;26;28;28;28;30;26;26;30;30;30;28;30;28;19;7;7;9;13;13;13;19;21;30;30;30;28;30;30;30;30;30;30;21;22;24;24;24;28;30;30;30;24;10
27;25;25;27;27;27;27;27;23;27;27;27;27;25;25;20;25;25;25;24;21;24;26;29;28;28;28;28;30;28;21;14;8;28;28;21;26;30;30;19;21;28;21;24;28;30;30;30;30;26;8;12;28;28;28;28;28;30;30;30;30;30;30;16;14;13;13;19;18;24;14;6;6;14;26;30;30;30;30;30;30;30;30;21;22;26;24;26;28;30;30;28;12;10
27;27;27;25;27;27;25;27;27;23;27;29;27;25;27;25;25;23;23;30;28;28;30;30;24;21;24;30;30;28;26;22;10;21;28;28;30;28;30;28;8;28;28;30;30;30;30;28;30;28;10;2;14;30;30;30;30;30;30;30;30;30;26;22;21;18;24;26;22;24;24;19;13;6;6;24;30;30;30;30;30;30;30;26;22;26;26;28;30;30;30;26;10;9
27;27;27;27;29;27;27;29;25;25;29;27;27;27;25;25;20;25;20;27;30;30;30;30;28;26;27;30;30;30;30;24;12;10;28;30;30;26;30;30;13;26;30;30;30;30;30;28;30;28;13;9;8;19;30;30;30;30;30;30;30;26;18;10;24;24;24;26;28;26;24;24;14;13;15;8;21;30;30;30;30;30;30;30;24;26;30;30;30;30;30;26;19;22
legende 
--------- 
dimensions : (152, 94) 
                   R                    G                    B               number                count 
                 253                  204                   91                    1                  111 
                 231                  220                  177                    2                   87 
                 228                  231                  239                    3                  322 
                 224                  148                   42                    4                   93 
                 214                  159                   93                    5                   95 
                 203                  180                  169                    6                  180 
                 200                  205                  219                    7                  385 
                 198                  192                  194                    8                  198 
                 178                  183                  199                    9                  286 
                 178                  174                  176                   10                  181 
                 172                  220                  148                   11                  102 
                 170                  168                  156                   12                  140 
                 170                  155                  160                   13                  236 
                 164                  150                  139                   14                  182 
                 159                  166                  181                   15                  213 
                 149                  105                   47                   16                  234 
                 147                  181                  137                   17                  117 
                 147                  150                  165                   18                  282 
                 146                  139                  139                   19                  286 
                 140                  196                  103                   20                  195 
                 134                  123                  123                   21                  410 
                 125                  133                  142                   22                  354 
                 120                  168                   96                   23                  327 
                 113                  111                  115                   24                  790 
                  94                  146                   65                   25                  798 
                  89                   86                   89                   26                 1161 
                  65                  113                   44                   27                 1088 
                  59                   52                   54                   28                 1551 
                  32                   76                   23                   29                 1330 
                  17                   21                   17                   30                 2554 
