32;31;31;31;31;32;31;31;31;31;31;31;31;31;31;31;31;31;31;31;31;31;31;31;31;31;31;32;31;31;31;31;31;31;31;31;31;32;32;32;31;32;32;32;32;31;31;31;32;31;31;31;31;31;31;31;31;31;31;31;31;31;31;31;31;31;31;31;31;30;31;31;31;31;31;32;31;31;31;31;31;31;31;31;32;31;31;31;31;31;31;31;31;32;31;29;32;31;32;31
31;32;32;31;32;31;31;31;31;31;31;32;31;31;31;31;31;31;31;31;31;31;31;32;31;31;31;32;31;31;31;32;31;31;31;31;32;31;31;31;31;31;31;31;31;31;31;31;31;31;31;31;31;31;31;31;31;31;31;31;29;31;31;31;31;31;31;31;31;30;31;31;31;31;31;31;31;31;31;31;32;31;31;31;31;31;31;31;31;30;31;30;29;32;31;31;31;32;31;31
31;32;31;31;32;31;32;31;31;31;31;31;31;31;31;31;31;32;31;31;31;31;31;31;31;32;32;31;31;31;31;31;32;31;31;31;31;31;32;31;31;31;31;31;32;31;32;31;31;32;31;31;31;30;31;31;31;31;29;31;31;31;31;31;31;31;31;31;31;31;31;31;31;32;31;31;31;31;31;30;31;31;31;31;31;31;32;31;31;31;29;31;31;32;31;29;31;31;31;31
31;31;31;31;31;31;32;31;31;31;31;31;31;31;31;31;32;31;32;31;32;31;31;31;31;32;31;32;31;31;31;31;31;32;31;31;31;31;31;31;31;31;31;31;31;32;30;30;30;30;31;31;31;31;31;32;31;31;31;29;31;30;31;31;30;29;31;31;31;31;31;31;32;31;31;31;31;31;31;31;32;31;30;31;31;31;31;31;31;31;29;29;31;31;31;29;31;31;31;31
31;31;32;31;32;31;31;32;31;31;31;31;31;31;31;31;31;32;31;32;31;31;31;31;31;31;32;31;31;31;31;31;31;31;31;31;31;31;31;31;31;31;31;31;30;27;30;30;31;32;31;31;32;32;30;31;31;32;32;32;32;32;32;32;31;30;29;29;31;31;31;31;31;31;31;31;31;31;31;31;31;31;31;30;31;31;31;30;31;31;31;31;29;31;31;31;31;31;32;32
32;31;31;32;31;32;31;31;31;31;31;31;32;31;31;31;31;32;31;31;32;31;31;31;31;31;32;31;31;31;31;32;31;31;31;31;31;31;30;31;31;31;31;27;27;30;31;32;32;31;30;31;31;31;31;30;31;32;32;32;32;32;32;32;32;32;31;30;31;31;31;31;31;31;31;31;31;31;31;31;31;30;31;31;31;31;31;31;31;31;31;31;31;31;31;29;31;31;31;31
31;31;31;31;31;32;31;31;31;31;31;31;31;31;32;32;31;31;31;31;31;31;31;32;31;32;31;31;31;31;31;31;31;31;31;29;31;31;31;31;31;30;27;27;32;32;31;27;30;30;30;30;32;32;32;31;31;32;32;32;32;32;32;32;32;32;32;32;32;31;27;29;31;31;31;31;32;31;31;31;31;29;30;30;29;31;29;29;31;29;29;31;31;31;31;31;32;31;31;31
31;31;32;31;31;32;31;31;31;31;31;31;31;31;32;31;32;31;31;32;31;31;31;31;31;31;31;31;31;31;31;31;31;31;31;31;30;29;31;30;30;30;30;32;31;30;30;31;30;32;32;32;30;32;30;32;32;32;32;32;32;32;32;32;32;32;32;32;32;32;32;32;29;30;31;31;31;31;30;31;31;31;30;31;31;29;31;29;31;31;31;31;31;31;31;31;31;31;31;31
32;32;31;31;32;32;31;31;31;31;31;31;31;31;32;31;31;31;31;31;31;31;32;32;31;31;31;31;31;31;32;31;31;30;31;31;30;30;30;30;30;30;31;32;30;27;30;32;32;32;32;31;32;32;32;32;32;32;31;30;31;32;32;32;32;32;32;32;32;32;31;32;32;32;31;31;31;31;31;31;31;31;29;31;29;29;30;29;31;31;31;31;31;31;31;31;31;31;31;31
31;31;32;31;32;31;31;31;31;31;31;31;31;31;31;32;31;31;31;31;31;32;31;31;31;31;31;31;31;32;32;32;32;31;31;32;30;30;30;27;27;31;30;27;27;30;32;32;32;32;32;32;32;32;32;32;32;32;31;29;31;32;32;32;32;32;32;32;32;32;32;31;32;32;32;32;31;31;31;30;31;31;30;31;31;30;30;29;31;31;31;31;31;31;31;31;31;31;31;31
31;32;31;31;32;32;31;32;31;31;31;31;31;31;31;32;31;31;31;31;31;31;31;31;31;31;31;31;32;32;31;31;31;31;31;31;31;30;27;27;32;31;27;27;29;31;32;32;32;32;32;32;32;32;32;32;32;32;32;32;31;27;31;32;32;31;32;32;32;32;32;32;32;32;32;32;32;31;32;30;31;30;29;31;29;29;31;29;30;31;31;31;29;31;29;31;29;29;31;31
32;31;31;31;31;31;31;31;31;31;31;31;31;31;31;32;31;31;31;31;31;31;31;31;31;31;31;31;32;31;31;31;31;31;31;31;27;31;27;29;32;27;29;30;31;30;32;32;32;32;32;32;32;32;32;32;32;30;32;32;32;32;32;32;31;32;29;32;32;32;31;31;27;32;32;31;32;32;32;32;31;27;32;30;28;29;29;29;30;29;29;29;30;29;31;31;29;31;29;29
31;31;31;32;31;32;32;31;30;31;31;31;30;31;31;31;31;31;32;31;31;32;31;31;31;31;31;31;31;31;32;31;31;31;31;31;31;25;30;32;29;29;30;29;30;31;32;32;32;32;32;32;32;29;27;25;21;11;21;25;25;32;32;32;32;27;32;31;32;32;29;29;30;27;32;32;30;32;32;31;32;32;27;32;29;29;29;30;30;29;31;29;29;29;31;31;31;31;31;31
31;31;31;32;31;31;32;31;31;31;31;30;31;31;31;31;31;32;31;31;31;31;31;31;31;31;31;31;30;31;32;32;31;32;31;32;32;27;31;31;31;26;29;31;32;32;32;32;32;32;32;32;26;21;8;8;8;13;11;18;11;13;20;28;32;32;32;25;32;32;31;31;27;27;27;32;29;30;32;32;32;32;32;30;29;31;29;29;30;30;29;30;29;29;31;31;29;31;31;31
31;31;31;32;32;31;31;31;31;31;31;31;31;31;31;31;31;31;31;31;31;31;31;31;31;31;31;31;31;31;31;31;30;30;32;32;25;32;32;31;31;31;31;32;32;32;32;32;32;28;20;13;8;8;6;4;4;3;4;4;4;10;10;14;21;31;32;32;27;32;30;29;30;27;27;25;31;32;27;31;32;32;32;32;32;29;29;30;29;29;29;30;29;31;31;31;31;31;29;29
31;31;32;32;31;32;31;31;31;31;31;31;31;31;31;31;31;31;31;31;31;31;31;30;30;31;30;31;30;31;30;30;31;31;32;27;31;31;31;30;29;31;32;32;32;32;32;20;8;4;4;4;3;3;2;2;2;2;5;2;2;2;3;3;4;13;31;32;32;31;32;29;27;29;32;27;29;32;25;29;21;32;31;32;32;32;32;31;27;31;30;31;29;31;31;29;31;29;29;30
31;32;31;32;32;32;32;31;31;31;32;31;31;31;31;31;31;31;31;31;31;32;31;31;31;30;30;30;31;30;30;30;31;30;27;30;32;31;29;30;29;32;32;32;32;32;10;4;8;5;5;2;2;2;2;2;2;2;2;2;2;2;5;1;3;4;13;32;27;32;29;30;25;25;29;27;25;29;26;27;27;27;32;30;32;32;32;32;29;27;29;29;29;30;29;31;31;30;30;29
31;31;31;31;31;31;32;32;31;32;31;31;31;30;31;31;31;31;31;32;31;31;31;31;30;31;30;31;30;30;27;30;31;30;30;32;32;31;30;30;31;32;32;32;25;4;4;4;5;3;3;2;2;1;1;2;2;3;3;2;2;2;2;2;2;2;4;27;32;29;25;26;27;27;29;31;25;25;29;26;25;30;29;31;31;32;32;32;32;25;27;27;31;29;30;29;31;29;29;29
31;31;31;31;31;32;31;31;31;31;31;31;31;31;31;31;31;32;31;31;31;30;31;30;31;31;30;30;30;30;30;30;30;30;31;32;31;29;31;32;32;32;32;13;3;4;3;4;2;2;2;2;2;2;1;2;3;3;3;2;2;2;2;2;2;2;2;4;27;32;30;26;22;25;25;32;32;27;27;29;26;27;29;29;31;31;32;32;32;28;27;29;28;26;26;30;29;27;26;26
32;31;31;31;31;32;32;31;32;31;31;31;31;31;31;32;32;31;31;32;31;31;30;31;30;30;31;30;30;30;30;30;30;31;32;32;31;30;32;32;32;27;4;10;4;3;3;2;2;2;2;2;1;1;1;2;3;3;3;3;2;2;3;2;2;2;2;4;13;31;32;25;22;29;22;21;29;31;22;25;32;29;29;30;28;32;31;32;32;32;32;31;30;31;32;29;29;29;29;29
31;31;31;31;31;31;31;31;32;32;32;31;31;31;31;31;32;31;32;32;31;31;31;30;30;30;30;30;30;31;30;25;31;32;32;31;27;32;32;32;25;10;6;3;3;3;3;3;2;2;1;1;1;1;2;5;5;2;5;5;2;2;2;3;2;2;2;3;4;8;32;26;22;26;27;26;31;32;31;25;25;32;32;32;29;32;32;31;32;32;32;32;32;31;29;31;32;31;30;29
31;31;31;32;32;32;31;32;31;32;31;31;31;31;31;31;31;32;31;31;31;31;30;30;30;30;31;27;31;30;30;25;31;32;31;27;30;32;32;30;4;4;4;3;3;3;3;3;2;2;1;1;1;1;2;2;2;2;3;3;3;3;3;3;5;3;2;2;5;10;20;32;27;25;30;27;27;31;32;27;25;31;32;32;32;32;32;32;32;32;32;32;32;32;32;29;31;28;31;29
31;32;32;31;31;31;31;32;31;31;32;31;31;31;32;31;31;31;31;31;31;31;31;30;31;31;31;30;31;30;27;32;32;32;30;30;32;32;32;4;8;4;5;3;2;3;3;2;2;1;2;2;2;2;2;4;4;5;2;2;2;3;3;3;3;3;3;2;3;4;11;27;25;25;27;27;21;25;31;28;22;25;32;32;32;31;32;31;32;32;32;32;32;32;32;32;32;29;31;31
32;31;31;31;31;31;32;32;31;31;31;31;31;31;31;31;31;31;31;31;31;31;31;30;31;32;30;32;30;25;25;32;32;31;30;29;32;32;10;8;12;5;3;3;3;3;3;2;3;2;2;2;2;2;2;3;3;3;2;3;2;2;3;5;3;3;3;3;2;4;8;19;25;25;25;29;27;20;27;32;29;21;32;32;32;32;29;32;32;32;32;32;32;32;32;32;32;32;31;30
31;31;32;31;31;31;31;32;31;31;31;31;32;31;31;31;30;31;31;31;31;31;31;31;32;31;32;32;30;25;31;32;31;29;31;31;32;27;4;10;12;3;3;3;5;5;3;2;3;2;2;2;2;2;3;2;2;3;2;3;2;3;3;5;3;2;3;3;3;3;10;13;29;25;27;26;25;21;21;28;32;32;27;32;32;32;32;32;32;32;32;32;32;32;32;32;32;32;32;32
31;32;31;31;32;32;31;31;32;31;31;31;31;31;31;31;31;31;31;31;31;31;31;31;31;31;32;32;27;25;32;32;31;32;29;31;32;8;8;4;4;3;3;3;7;3;3;3;3;3;2;2;3;3;2;2;2;3;3;2;3;5;3;3;3;3;3;3;3;3;5;12;25;27;27;27;25;27;25;30;32;31;30;32;31;32;32;32;32;32;32;32;32;32;32;32;32;32;32;32
31;31;31;31;31;31;31;31;31;31;31;31;32;31;31;31;31;31;31;31;31;31;32;31;31;32;32;32;25;21;32;32;30;32;29;32;32;12;8;4;4;3;4;3;5;3;3;3;3;3;2;2;2;2;3;2;2;2;2;2;3;5;3;3;3;10;7;4;7;3;5;10;14;28;25;27;26;25;20;25;32;31;32;32;32;32;32;32;32;32;32;32;32;32;32;32;32;32;32;32
32;31;31;31;31;32;31;31;32;32;31;31;31;31;31;30;31;31;31;31;31;32;32;32;32;32;32;32;25;30;32;29;32;31;32;32;25;8;8;4;4;5;3;4;3;5;3;3;3;2;2;2;3;3;2;2;3;2;5;3;3;3;4;19;21;25;27;27;26;22;25;19;13;27;27;25;27;27;27;25;32;32;32;29;32;32;32;32;32;32;32;32;32;32;32;32;32;32;32;32
31;31;31;31;32;31;31;31;31;31;31;31;32;31;31;31;31;31;30;31;31;32;32;31;32;32;32;32;25;32;32;31;32;31;32;29;19;12;8;10;10;5;5;10;3;5;3;3;5;2;2;2;3;3;2;7;4;4;4;8;12;21;25;29;29;27;25;6;8;8;14;21;31;26;31;32;29;27;25;25;27;32;32;32;32;32;32;32;32;32;32;32;32;32;32;32;32;32;32;32
31;31;32;32;31;31;31;31;31;31;32;31;31;31;31;31;31;31;30;31;32;32;32;32;32;32;31;31;30;32;31;32;29;31;32;25;11;10;10;4;10;4;5;5;4;4;7;3;3;3;2;2;3;5;10;12;8;13;11;21;32;32;32;28;25;8;8;10;10;10;7;5;13;22;32;26;29;31;25;22;27;32;32;32;32;32;32;32;32;32;32;32;32;32;32;32;32;32;32;32
31;31;31;31;32;31;31;32;31;31;31;31;31;32;31;31;31;31;31;32;32;32;31;32;32;32;32;31;32;32;32;32;30;32;29;14;11;4;4;10;10;6;4;10;5;4;10;4;4;5;5;3;4;4;13;13;11;8;20;32;32;32;32;22;21;19;13;8;12;4;6;10;10;11;26;29;30;31;27;27;27;27;32;32;32;32;32;32;32;32;32;32;32;32;32;32;32;32;32;32
31;31;31;31;31;31;31;31;31;31;31;31;31;31;31;31;31;31;31;32;32;31;32;32;32;32;32;30;32;32;32;31;31;32;22;18;13;4;3;4;4;8;10;8;10;10;8;13;8;10;5;3;8;11;11;8;14;20;29;32;32;32;25;20;19;19;19;11;18;19;11;13;13;21;25;31;32;31;31;27;25;31;32;32;32;32;32;32;32;32;32;32;32;32;32;32;32;32;32;32
31;31;31;31;31;31;31;31;32;31;31;31;31;30;30;31;30;31;32;32;31;31;32;32;32;32;32;31;32;32;32;31;32;31;21;8;4;3;2;2;4;8;8;10;8;12;11;14;11;8;10;3;6;19;11;8;19;27;32;32;32;20;20;20;25;27;31;27;29;29;29;29;30;26;26;31;28;31;32;27;25;29;29;32;32;32;32;32;32;32;32;32;32;32;32;32;32;32;32;32
31;31;31;31;31;31;31;31;32;31;31;31;30;31;30;31;31;31;32;32;31;32;32;32;32;32;32;30;32;32;32;31;32;27;13;3;10;21;25;25;21;21;21;18;13;11;14;21;14;8;4;2;5;8;8;19;21;25;29;26;22;27;29;32;31;31;32;27;31;32;32;32;32;31;32;31;31;28;32;27;29;26;31;32;32;32;32;32;32;32;32;32;32;32;32;32;32;32;32;32
32;31;31;31;31;31;32;31;32;31;31;31;31;30;31;30;31;32;32;32;31;32;32;32;32;32;32;30;32;32;31;32;32;21;18;27;29;32;32;32;32;32;32;31;26;21;14;21;11;8;4;2;5;8;8;14;22;26;29;27;29;28;32;32;31;32;32;29;29;27;31;32;32;32;32;29;31;28;31;31;29;26;32;31;32;32;32;32;32;32;32;32;32;32;32;32;32;32;32;32
32;31;32;31;31;32;32;31;31;31;31;31;31;30;31;30;32;32;32;32;32;32;32;32;32;32;32;31;32;32;32;32;29;19;31;29;27;26;30;28;32;32;32;32;32;32;21;20;21;11;5;2;3;8;21;22;31;31;31;32;31;32;32;32;32;32;32;32;32;32;29;29;32;32;32;29;32;32;31;31;32;29;28;29;32;32;32;32;32;32;32;32;32;32;32;32;32;32;32;32
31;31;31;31;31;32;31;32;31;31;31;32;30;30;31;31;32;32;32;32;32;32;32;32;32;32;32;31;32;32;32;32;30;31;19;4;10;21;21;27;31;32;32;32;32;32;22;20;22;6;3;2;5;8;29;32;32;32;32;32;32;32;32;32;32;31;32;31;32;32;32;32;31;32;31;29;32;32;32;32;32;31;28;32;29;32;32;32;32;32;32;32;32;32;32;32;32;32;32;32
31;31;31;31;32;31;32;31;31;31;31;31;31;31;31;32;32;32;32;31;32;32;32;32;32;32;32;31;32;32;32;32;32;21;12;12;13;11;21;21;21;25;29;32;32;32;31;29;21;3;2;2;2;3;4;21;32;32;32;32;32;32;32;32;32;32;32;29;31;32;32;32;31;31;31;31;28;32;32;32;31;31;29;32;31;32;32;32;32;32;32;32;32;32;32;32;32;32;32;32
31;30;31;31;32;31;31;31;31;31;31;31;31;31;31;32;32;32;32;32;32;32;32;32;32;32;32;32;32;32;32;32;29;18;18;19;21;25;25;29;29;31;31;32;32;32;32;12;3;2;1;1;2;2;4;6;10;13;21;26;28;31;29;26;20;21;14;19;19;19;20;25;25;14;14;20;22;29;32;32;28;32;32;32;32;26;32;32;32;32;32;32;32;32;32;32;32;32;32;32
31;31;31;31;31;32;32;31;31;31;31;31;31;31;32;32;32;32;32;32;32;32;32;32;32;32;31;32;32;32;32;32;25;21;20;27;31;31;32;32;32;32;32;32;32;32;32;4;5;2;1;2;2;2;5;9;4;6;6;8;11;14;21;20;21;14;11;11;13;8;8;4;8;6;8;11;14;26;32;32;32;32;31;32;32;29;32;32;32;32;32;32;32;32;32;32;32;32;32;32
31;31;31;31;31;32;31;31;31;31;31;32;32;31;32;32;32;32;32;32;32;32;32;32;32;32;32;31;32;32;32;31;25;27;31;31;32;31;31;27;30;30;30;31;32;32;18;5;3;3;1;1;2;2;4;3;5;4;2;3;3;3;4;4;4;4;3;3;3;2;3;3;3;3;4;12;11;20;29;32;32;32;32;29;32;28;27;32;32;32;32;32;32;32;32;32;32;32;32;32
31;31;31;31;32;31;32;31;31;32;31;31;31;32;32;32;32;32;32;32;32;32;32;32;32;32;31;30;32;32;32;32;31;31;32;32;31;32;32;32;31;31;32;32;32;32;12;3;2;1;2;2;2;2;10;3;4;4;3;2;2;2;3;3;3;3;2;2;2;2;2;2;3;3;3;4;8;21;27;32;32;32;32;32;28;32;32;27;32;32;32;32;32;32;32;32;32;32;32;32
31;31;31;31;31;31;31;31;32;31;31;32;31;32;31;32;32;32;32;32;32;32;32;32;32;32;31;27;32;32;32;32;32;32;32;32;32;32;32;32;31;29;27;29;26;14;4;3;3;1;2;2;3;3;3;4;4;8;3;3;2;3;2;2;2;3;2;3;2;2;2;2;2;3;3;3;4;8;22;28;32;32;32;32;32;32;27;31;32;32;32;32;32;32;32;32;32;32;32;32
31;31;31;31;32;31;31;30;31;31;32;31;32;32;32;32;32;32;32;32;32;32;32;32;32;32;32;29;32;32;32;32;32;32;32;32;32;31;32;31;27;25;25;11;13;8;4;3;2;2;2;5;4;4;4;4;3;10;13;3;2;2;2;2;3;1;1;1;1;1;1;1;3;2;2;2;3;10;11;29;32;32;32;32;32;32;26;32;29;32;32;32;32;32;32;32;32;32;32;32
31;31;32;32;31;32;31;31;31;32;31;31;32;32;32;32;32;32;32;32;32;32;32;32;32;32;32;31;32;32;32;32;32;32;32;32;31;32;31;26;27;25;19;4;4;13;13;10;8;4;8;13;13;8;4;4;3;3;7;8;3;2;2;2;2;1;1;1;1;1;1;1;2;3;3;2;3;4;13;25;32;32;32;32;32;28;32;31;31;32;32;32;32;32;32;32;32;32;32;32
30;31;31;31;31;31;31;31;31;31;31;31;32;32;32;32;32;32;32;32;32;32;32;32;32;32;32;27;32;32;32;32;32;32;32;32;32;28;29;22;21;8;3;4;10;8;19;14;14;11;13;19;14;14;19;8;4;4;4;21;11;4;3;2;2;1;1;1;1;1;2;2;2;2;3;2;2;2;8;19;32;32;32;32;32;28;32;27;28;32;32;32;32;32;32;32;32;32;32;32
31;31;31;31;31;31;31;31;31;32;31;31;32;32;32;32;32;32;32;32;32;32;32;32;32;32;32;32;30;32;32;32;32;32;32;32;32;30;25;21;8;3;2;3;10;18;27;22;20;25;19;11;19;21;25;22;21;14;19;8;20;11;6;5;2;2;3;3;2;2;2;2;3;3;3;5;2;2;3;19;28;32;32;32;32;32;32;31;32;32;32;32;32;32;32;32;32;32;32;32
31;31;30;31;31;31;31;31;31;31;31;31;32;31;32;32;32;32;32;32;32;32;32;32;32;32;32;32;29;31;32;32;32;32;32;29;22;14;8;3;3;2;2;5;4;26;29;29;26;27;22;20;25;32;32;32;32;31;22;11;8;25;11;12;4;3;2;3;3;3;3;3;3;3;3;3;2;2;5;8;27;32;32;32;32;32;28;32;26;28;32;32;32;32;32;32;32;32;32;32
31;30;31;31;31;31;31;31;31;31;31;31;32;31;32;32;32;32;32;32;32;32;32;32;32;32;32;32;32;29;32;32;29;31;31;20;19;4;2;2;2;2;2;5;10;29;32;32;32;27;26;27;14;32;32;32;32;32;26;14;4;14;21;11;10;4;5;3;3;3;3;3;5;3;5;3;2;2;3;5;25;28;32;32;32;32;32;32;29;32;32;32;32;32;32;32;32;32;32;32
31;31;31;31;30;31;31;31;31;30;30;31;32;32;32;32;32;32;32;32;32;32;32;32;32;32;32;32;32;32;31;32;30;20;14;8;2;5;2;2;2;2;2;2;4;28;32;32;32;31;26;26;20;14;25;27;27;27;22;10;5;4;22;14;11;8;4;5;4;5;3;3;5;5;3;5;5;3;3;5;11;26;32;32;32;32;32;32;31;32;32;32;32;32;32;32;32;32;32;32
31;31;30;31;31;31;31;31;30;30;31;31;32;31;32;32;32;32;32;32;32;32;32;32;32;31;32;32;32;32;32;28;27;21;12;3;3;3;3;3;2;2;3;5;4;22;32;32;32;32;29;28;26;20;11;13;11;8;8;12;4;3;4;21;19;8;8;4;4;4;4;5;7;5;4;5;5;3;3;5;8;20;32;32;32;32;32;31;32;28;31;32;32;32;32;32;32;32;32;32
31;31;31;31;31;31;30;31;31;30;31;32;31;31;32;32;32;32;32;32;32;32;32;32;32;31;32;32;32;32;32;31;25;21;12;3;5;3;3;2;2;2;3;4;11;25;28;28;32;32;31;29;26;22;11;8;10;4;3;4;3;2;3;8;20;19;8;12;8;4;10;4;4;4;7;4;4;3;3;5;5;8;29;32;32;32;32;32;32;29;28;28;32;32;32;32;32;32;32;32
31;31;31;31;31;31;31;31;30;30;31;32;31;31;32;32;32;32;32;32;32;32;32;32;32;32;32;32;32;32;32;29;21;19;12;10;7;3;5;3;2;3;5;4;13;22;28;32;28;31;32;31;26;23;11;4;2;2;2;3;3;3;2;5;21;14;11;8;8;10;4;4;4;4;4;10;4;3;4;5;3;13;25;32;32;32;32;32;31;28;31;28;28;32;32;32;32;32;32;32
31;31;32;31;31;31;31;31;30;30;31;31;32;31;32;32;32;32;32;32;32;32;32;32;32;32;32;32;32;32;32;29;14;19;13;10;10;5;5;3;3;3;5;6;11;22;28;32;31;32;32;31;22;20;11;6;4;3;3;3;3;3;2;2;3;25;11;13;8;8;10;4;6;6;6;6;4;4;4;3;5;4;11;32;32;32;32;32;31;32;32;26;24;26;32;32;32;32;32;32
31;30;31;30;32;31;31;30;30;29;31;32;32;31;32;32;32;32;32;32;32;32;32;32;32;32;32;32;32;32;32;27;19;19;13;13;13;10;5;4;4;5;4;8;14;20;29;28;28;28;28;20;8;11;14;11;8;4;4;4;4;5;3;5;3;4;21;11;8;4;8;4;10;8;12;8;4;4;7;3;3;5;8;30;32;32;32;32;32;32;28;22;23;27;32;32;32;32;32;32
31;30;31;31;31;31;31;30;31;30;31;31;31;31;32;31;32;32;32;32;32;32;32;32;32;32;32;32;32;32;32;27;21;19;19;13;13;10;4;4;7;4;4;13;14;19;22;22;22;22;23;23;17;17;17;15;14;17;17;20;14;11;8;7;2;5;18;19;13;13;8;10;10;10;8;4;4;10;10;7;3;2;4;21;32;32;32;32;32;32;31;23;23;23;22;32;32;32;32;32
31;31;31;30;31;31;31;31;30;30;31;31;32;31;32;31;32;32;32;32;32;32;32;32;32;32;32;32;32;32;32;29;21;19;11;18;11;13;8;8;4;7;4;11;21;13;21;20;23;24;16;23;23;24;28;24;28;28;28;28;28;17;14;8;4;3;3;14;13;8;12;8;10;6;10;4;10;10;4;4;3;3;4;21;28;32;32;32;32;31;32;23;23;28;23;23;32;32;32;32
31;31;31;30;31;31;31;30;31;30;31;31;32;31;31;31;31;31;32;32;32;32;32;32;32;32;32;32;32;32;32;29;21;19;19;19;19;13;8;8;8;6;10;11;19;13;14;20;24;28;26;28;32;28;28;32;32;32;32;32;32;28;23;17;11;8;5;21;11;13;12;10;10;4;10;8;10;6;7;7;5;4;4;11;26;32;32;32;32;29;32;26;22;28;28;26;25;32;32;32
31;31;30;31;31;31;31;31;29;31;29;30;32;31;30;31;31;32;32;32;32;32;32;32;32;32;32;32;32;32;32;31;21;19;21;19;19;18;18;12;12;10;8;11;11;13;14;28;24;28;28;32;32;32;28;28;28;28;28;28;28;32;28;17;17;8;4;4;11;13;8;8;8;8;10;10;10;10;4;4;5;5;4;4;25;32;32;32;32;32;32;31;26;32;28;23;20;28;32;32
31;31;30;30;31;31;31;31;30;31;30;31;30;31;31;32;32;31;32;32;32;32;32;32;32;32;32;32;32;32;32;32;20;21;19;21;21;11;11;12;8;12;12;13;13;8;23;28;28;32;32;32;32;28;17;14;8;11;11;11;14;8;28;28;15;23;21;4;19;11;13;8;10;10;10;10;8;8;7;7;5;5;8;8;21;32;32;32;32;32;32;32;26;28;28;26;14;11;32;32
31;31;31;31;31;31;31;30;29;29;30;31;30;32;30;31;31;31;31;32;32;32;32;32;32;32;32;32;32;32;32;32;25;21;21;21;21;14;19;8;13;12;8;14;11;20;24;28;28;32;28;15;14;11;17;8;4;14;14;8;14;17;8;28;28;24;17;8;4;19;8;8;8;10;10;8;10;10;10;10;10;10;8;12;18;32;32;32;32;32;32;32;23;23;23;23;14;6;32;32
30;30;31;31;31;31;31;31;29;29;30;31;29;31;31;31;31;31;31;31;32;32;32;32;32;32;32;32;32;32;32;32;25;21;14;21;21;21;19;11;11;13;14;20;14;23;24;28;28;28;15;17;11;8;14;8;9;4;15;6;11;17;11;14;28;28;17;14;8;21;13;8;10;10;12;8;10;4;10;4;10;8;13;8;11;32;32;32;32;32;32;32;20;22;22;15;11;5;32;32
31;31;31;31;31;31;29;31;30;31;29;31;31;30;32;31;32;32;32;32;32;32;32;32;32;32;32;32;32;32;32;32;22;21;21;21;21;25;21;11;11;13;14;14;17;28;28;28;28;15;17;14;6;4;14;8;4;4;19;11;8;17;11;11;28;28;23;20;8;10;13;8;10;10;8;10;6;4;10;10;8;13;13;11;11;32;32;32;32;32;32;32;14;8;14;20;11;3;31;32
30;30;31;31;31;31;31;31;29;31;30;31;29;30;31;30;30;32;31;32;32;32;32;32;32;32;32;32;32;32;32;28;25;20;21;21;20;20;19;14;14;14;20;17;23;28;28;28;24;22;17;20;4;3;6;8;14;22;29;32;32;32;28;26;32;28;24;23;20;8;11;11;10;8;8;8;4;10;6;8;8;13;11;11;19;28;32;32;32;32;32;32;4;4;3;2;2;5;27;32
31;31;31;31;31;31;30;31;30;30;30;31;31;30;30;31;31;30;31;32;32;32;32;32;32;32;32;32;32;32;32;32;22;25;20;21;21;20;22;20;25;23;15;17;26;28;28;28;20;23;11;11;22;28;32;32;32;32;32;32;32;32;32;32;32;32;28;23;22;17;14;11;11;4;4;10;12;10;12;8;13;11;19;14;19;31;32;32;32;32;32;32;11;2;2;6;27;23;20;32
30;31;31;31;30;31;30;30;31;31;30;31;30;30;30;30;30;31;31;32;32;32;32;32;32;32;32;32;32;32;32;32;22;22;20;20;21;22;22;28;26;24;24;23;28;32;28;28;14;14;20;26;32;32;32;32;32;32;32;32;32;32;32;32;32;32;28;24;17;17;14;14;14;8;4;10;10;8;10;12;13;19;11;21;19;31;32;32;32;28;32;32;19;5;3;3;14;13;11;32
29;31;30;30;31;31;30;31;31;29;29;31;30;30;30;30;29;30;31;32;32;32;32;32;32;32;32;32;32;32;32;32;27;27;21;21;20;20;32;28;28;28;24;23;28;32;28;28;14;14;28;32;32;32;32;32;32;32;32;32;32;32;32;32;32;32;28;24;15;23;20;14;14;14;10;4;12;10;10;12;11;19;14;21;14;29;32;32;32;27;32;32;11;2;5;2;3;4;21;32
31;31;31;30;31;30;31;30;30;30;30;30;31;30;30;29;27;30;30;31;32;32;32;32;32;32;32;32;32;32;32;32;29;25;22;20;21;21;32;28;28;28;28;28;28;28;28;28;20;23;28;32;32;32;32;32;32;32;32;32;32;32;32;32;32;32;32;24;23;17;22;17;20;14;8;6;10;10;10;8;13;19;19;14;21;27;32;32;32;25;32;32;13;7;2;5;4;6;26;32
31;31;31;30;31;29;31;31;30;31;31;30;30;30;29;30;29;30;29;32;32;32;32;32;32;32;32;32;32;32;32;32;28;27;22;20;20;20;26;32;28;28;28;28;28;28;28;32;28;32;28;32;32;32;32;32;32;32;32;32;32;32;32;32;32;32;32;28;24;23;17;22;15;17;17;20;10;12;12;12;11;14;14;21;20;25;32;32;32;27;32;32;22;11;14;20;26;28;32;32
31;29;30;31;31;30;30;30;31;30;30;30;30;30;30;30;30;30;31;31;31;32;32;32;32;32;32;32;32;32;32;32;32;29;26;22;20;21;21;28;32;32;28;28;24;28;28;28;32;32;32;32;32;32;32;32;32;32;32;32;32;32;32;32;32;32;32;32;24;16;24;17;24;15;15;17;4;10;8;13;18;19;14;14;22;26;32;32;32;32;32;32;32;32;32;32;32;32;32;32
31;30;30;31;29;30;30;30;31;30;30;30;30;30;30;30;30;30;31;31;31;32;32;32;32;32;32;32;32;32;32;32;32;31;23;22;22;20;25;28;28;32;32;28;28;28;28;28;32;32;32;32;32;32;32;32;32;32;32;32;32;32;32;32;32;32;32;32;28;24;15;24;24;24;17;17;11;10;8;12;11;19;21;20;20;27;32;32;32;32;32;32;32;32;32;32;32;32;32;32
31;31;31;30;30;29;30;30;30;30;30;30;30;29;30;30;30;30;30;31;29;32;32;31;32;32;32;32;32;32;32;32;32;29;26;27;27;20;25;28;32;28;32;28;28;32;28;24;32;32;32;32;32;32;32;32;32;32;32;32;32;32;32;32;32;32;32;32;32;24;23;24;23;15;16;24;17;11;8;8;11;19;14;21;25;26;32;32;32;32;32;32;32;32;32;32;32;32;32;32
31;30;30;31;31;30;30;30;30;29;30;29;30;27;30;29;30;31;31;30;31;29;32;32;32;32;32;32;32;32;32;32;32;31;26;26;27;20;21;32;28;28;28;28;28;32;28;26;32;32;32;32;32;32;32;32;32;32;32;32;32;32;32;32;32;32;32;32;32;15;15;28;24;24;24;24;24;17;14;11;11;19;14;20;25;26;32;32;32;32;32;32;32;32;32;32;32;32;32;32
31;29;31;31;29;29;30;29;30;29;30;30;29;29;30;30;31;31;31;32;29;32;32;32;32;32;32;32;32;32;32;32;32;32;29;26;23;22;25;26;28;28;28;28;28;28;32;23;28;32;32;32;32;32;32;32;32;32;32;32;32;32;32;32;32;32;32;32;32;15;15;14;24;28;24;24;24;24;15;22;11;19;14;14;22;26;28;32;32;32;32;32;32;32;32;32;32;32;32;32
31;31;30;31;30;30;30;29;31;29;29;30;30;30;30;27;30;31;31;32;32;32;32;32;32;32;32;32;32;32;32;32;32;32;29;26;23;22;20;20;26;28;28;28;28;28;32;24;28;32;32;32;32;32;32;32;32;32;32;32;32;32;32;32;32;32;32;32;32;17;15;15;24;28;15;15;28;28;15;15;11;19;21;14;20;23;32;32;32;28;32;32;32;32;32;32;32;32;32;32
31;31;30;31;29;30;30;30;29;31;29;27;30;30;30;30;27;30;31;31;32;32;32;32;32;32;32;32;32;32;32;32;32;32;29;26;26;23;22;20;20;23;28;24;24;28;32;28;28;32;32;32;32;32;32;32;32;32;32;32;32;32;32;32;32;32;32;32;28;15;15;23;24;24;24;23;24;24;16;15;22;19;14;20;20;23;28;32;32;28;28;32;32;32;32;32;32;32;32;32
31;31;31;31;31;31;31;31;29;30;30;27;29;30;29;27;30;27;29;32;32;32;32;32;32;32;32;32;32;32;32;32;32;32;28;28;26;27;22;25;21;21;14;28;28;28;28;28;23;32;32;32;32;32;32;32;32;32;32;32;32;32;32;32;28;28;14;27;28;17;24;14;17;23;28;17;24;28;20;24;22;11;19;19;20;27;32;32;32;26;28;32;32;32;32;32;32;32;32;32
31;29;31;31;30;29;31;31;31;29;29;30;30;30;30;30;30;30;30;29;32;32;32;32;32;32;32;32;32;32;32;32;32;32;32;26;26;26;22;20;20;21;21;13;28;23;28;23;23;28;32;32;32;32;32;32;32;32;32;32;32;28;32;28;28;28;26;23;22;17;17;17;17;14;14;14;20;14;17;17;20;11;14;19;20;23;28;32;28;26;28;32;32;32;32;32;32;32;32;32
31;31;31;29;30;30;30;31;31;31;30;27;27;30;30;29;31;31;31;32;32;32;32;32;32;31;32;32;32;32;32;32;32;32;32;32;26;23;23;22;25;20;20;11;13;26;28;26;24;17;32;32;32;32;32;32;32;32;32;28;28;24;23;23;24;24;24;17;14;17;14;15;20;14;11;4;8;11;8;14;14;11;11;14;14;23;28;28;28;26;28;32;32;32;32;32;32;32;32;32
32;31;29;29;30;30;30;31;30;30;30;30;30;27;30;31;31;31;31;32;32;32;32;32;32;32;32;32;32;32;32;32;32;32;32;32;26;23;23;22;20;21;20;14;13;8;28;28;28;17;32;32;32;32;32;32;32;32;32;28;28;23;23;23;22;17;22;20;11;17;15;14;14;20;4;4;4;10;4;19;11;11;19;19;14;27;28;28;26;26;28;32;32;32;32;32;32;32;32;32
31;32;31;30;30;30;29;30;30;30;31;27;30;30;30;30;30;30;29;32;32;32;32;32;32;32;32;32;32;32;32;32;32;32;32;32;32;26;27;22;22;14;20;21;11;13;21;29;28;15;32;32;32;32;32;32;28;32;28;28;24;15;17;23;23;20;14;22;14;24;17;23;17;11;4;3;4;6;6;4;13;13;11;11;11;23;26;28;28;26;28;32;32;32;32;32;32;32;32;32
31;31;30;30;29;30;31;31;31;29;30;30;27;30;27;27;30;29;27;32;32;32;32;32;32;32;32;32;32;32;32;32;32;32;32;32;28;26;23;23;22;21;14;14;19;13;8;32;28;24;14;32;32;32;28;28;28;28;28;24;24;15;15;22;17;23;15;8;17;24;23;14;17;8;3;5;7;10;4;8;13;8;11;19;14;27;26;28;26;26;28;32;32;32;32;32;32;32;32;32
31;31;29;30;29;29;31;30;31;30;30;30;30;27;27;27;30;30;32;32;32;32;32;32;32;32;32;32;32;32;32;32;32;32;32;32;32;28;23;23;22;22;20;21;14;11;13;31;32;28;24;11;32;28;28;28;24;28;24;24;24;16;24;24;23;15;20;11;24;23;14;14;20;4;5;3;7;10;12;10;13;11;11;11;14;22;26;26;26;26;28;32;32;32;32;32;31;32;32;32
32;32;29;30;29;31;30;31;31;30;30;30;27;30;27;27;30;32;31;32;32;32;32;32;32;32;32;32;32;32;32;32;32;32;32;32;32;32;27;23;23;22;20;20;21;11;8;13;32;28;28;20;28;32;28;28;24;24;24;24;24;24;24;16;24;17;11;24;28;14;11;20;8;3;5;3;10;12;8;8;8;13;13;19;19;22;28;28;26;26;28;32;32;32;32;32;32;32;32;32
30;30;30;31;31;31;29;29;31;30;30;27;30;30;27;30;31;32;31;32;32;32;32;32;32;32;32;32;32;32;32;32;32;32;32;32;32;32;29;23;23;22;20;21;20;14;8;8;32;28;28;24;11;28;28;24;24;28;28;24;24;24;16;17;20;14;23;28;28;20;14;22;4;3;3;3;10;12;8;12;8;13;11;11;14;22;26;26;23;23;26;32;32;32;32;32;31;32;32;32
30;30;30;29;31;31;31;29;29;30;30;30;27;30;30;31;31;32;32;32;32;32;32;32;32;32;32;32;32;32;32;32;32;32;32;32;32;32;32;27;23;22;25;21;21;14;8;18;29;28;28;32;16;15;28;28;28;28;24;15;17;17;20;14;11;17;28;28;24;14;14;17;7;3;5;3;12;8;13;8;13;13;11;11;21;23;28;26;23;26;28;32;32;32;32;32;31;32;32;32
31;31;30;30;29;31;31;30;27;30;30;30;27;30;30;31;31;32;32;32;32;32;32;32;32;32;32;32;32;32;32;32;32;32;32;32;32;32;32;26;23;23;22;20;21;14;8;8;11;32;28;28;28;24;15;16;16;17;15;17;17;17;15;23;24;24;28;17;17;14;17;14;3;2;4;3;10;13;8;12;8;11;13;14;20;26;28;24;23;26;31;32;32;32;32;32;32;32;32;32
31;30;30;30;30;30;30;30;30;27;27;30;30;29;31;31;32;31;32;32;32;32;32;32;32;32;32;32;32;32;32;32;32;32;32;32;32;32;32;32;26;23;22;14;20;20;11;8;19;28;28;32;28;28;24;24;24;24;24;24;24;24;24;28;28;24;24;22;15;17;14;3;3;2;5;3;13;18;11;12;11;11;19;20;22;26;28;23;23;26;28;32;32;32;32;32;32;32;32;32
30;31;30;30;27;27;31;30;30;27;30;30;27;29;29;31;29;31;32;32;32;31;32;32;32;32;32;32;32;32;32;32;32;32;32;32;32;32;32;32;26;26;22;20;20;20;14;13;13;20;32;28;28;28;28;28;24;28;24;28;28;28;32;32;28;28;24;23;23;22;8;3;2;2;5;5;8;19;11;13;19;14;14;22;23;28;26;26;23;26;32;32;32;32;32;32;32;32;32;32
30;31;30;29;29;30;31;30;29;29;30;30;30;29;29;29;31;31;32;32;32;32;32;32;32;32;32;32;32;32;32;32;32;32;32;32;32;32;32;32;28;23;26;20;14;25;20;8;11;13;28;32;28;28;28;28;28;28;28;32;32;32;28;28;28;32;28;24;24;14;5;5;3;3;5;4;13;19;11;13;19;11;20;22;26;26;23;23;26;26;28;32;32;32;32;32;32;32;32;32
29;31;31;30;30;30;31;30;31;30;30;30;30;29;30;31;29;31;32;32;32;32;32;32;32;32;32;32;32;32;32;32;32;32;32;32;32;32;32;32;32;23;28;20;21;21;20;11;13;13;28;28;28;28;28;28;28;28;28;32;32;32;32;32;32;32;28;17;11;4;5;2;2;3;5;7;19;19;11;11;21;20;22;23;28;26;27;23;22;26;32;32;31;32;32;32;32;27;32;32
31;31;30;31;30;30;30;31;31;31;30;31;29;30;27;30;29;32;32;32;30;32;32;32;32;32;32;32;32;32;32;32;32;32;32;32;32;32;32;32;32;22;23;22;20;14;20;14;8;11;23;28;32;28;28;28;28;32;28;32;32;32;32;28;28;23;14;11;6;3;3;2;3;5;5;13;21;19;19;14;20;22;26;26;26;26;23;23;27;26;32;32;32;32;32;32;32;32;32;32
31;30;31;30;30;29;29;31;31;29;30;29;30;30;29;30;32;32;32;32;27;32;32;32;32;32;32;32;32;32;32;32;32;32;32;32;32;32;32;32;28;27;20;23;20;20;20;20;8;11;8;28;14;28;32;28;28;28;28;28;24;28;28;22;20;11;8;4;3;5;3;2;2;3;4;18;20;14;21;20;22;26;24;28;26;26;23;23;23;26;32;32;32;32;32;32;32;32;32;32
30;29;30;31;31;31;29;29;31;29;29;29;30;30;30;29;32;32;32;32;25;32;32;32;32;32;32;32;32;32;32;32;32;32;32;32;32;32;32;32;28;26;22;23;20;14;14;20;14;11;13;26;11;21;32;28;28;22;22;23;23;22;14;8;8;8;4;3;3;5;2;2;3;4;8;14;20;21;14;22;23;23;28;26;28;27;22;27;23;29;32;32;32;32;32;32;32;32;32;32
30;30;30;29;30;30;29;30;31;31;29;30;30;27;27;32;32;32;32;32;32;32;32;32;32;32;32;32;32;32;32;32;32;32;32;32;32;32;32;32;26;23;22;22;22;20;14;20;20;11;13;14;19;18;20;20;14;14;14;11;11;8;8;4;5;3;2;2;2;2;3;2;4;8;11;20;20;14;22;23;23;24;26;26;26;26;23;23;23;28;32;32;32;32;32;32;32;32;32;32
29;30;30;30;30;30;30;29;29;30;27;26;29;30;31;32;32;32;32;32;32;32;32;32;32;32;32;32;25;7;2;5;5;4;3;5;5;5;3;5;6;14;22;17;22;20;14;14;22;21;19;11;28;3;4;13;13;8;10;4;3;3;5;3;3;3;2;2;3;2;3;7;13;11;20;22;20;22;23;23;24;28;26;26;26;23;23;23;26;28;31;32;32;32;32;32;32;32;32;32
30;30;29;27;30;29;30;29;30;30;30;29;27;29;31;29;32;32;32;32;32;32;32;32;32;25;12;2;4;3;5;2;3;5;5;3;2;7;13;11;22;20;14;11;25;22;20;14;22;20;11;19;14;3;3;4;4;6;4;3;3;3;5;3;3;3;3;5;2;3;10;13;19;14;22;22;22;22;26;26;26;28;24;26;26;23;23;27;26;28;32;32;32;32;32;32;32;32;32;32
29;29;27;30;30;30;30;29;30;30;30;30;29;31;28;31;32;32;32;32;32;32;32;32;6;4;3;3;2;3;2;3;3;5;5;5;2;3;4;20;23;14;20;23;20;20;17;20;20;20;14;14;14;13;3;3;5;5;3;3;3;3;7;4;4;4;4;4;5;6;19;14;21;20;27;22;23;23;23;26;26;28;28;26;26;22;23;23;26;28;31;32;32;32;32;32;32;32;32;32
31;31;30;27;30;30;29;30;30;30;26;29;29;29;28;30;32;32;32;32;32;32;11;4;4;5;5;3;2;2;2;3;3;5;5;3;2;2;3;11;20;23;8;14;26;26;20;17;20;20;20;14;19;11;4;2;7;5;3;3;3;4;4;6;10;8;13;12;13;14;21;21;22;22;23;23;22;26;24;26;24;28;26;26;26;23;23;23;26;28;32;32;32;32;32;32;32;32;32;32
31;29;30;30;30;27;30;30;30;30;30;30;30;31;31;32;32;32;32;32;26;6;6;4;4;3;3;2;3;2;2;2;3;4;3;5;5;3;2;8;14;22;8;8;14;28;28;17;20;20;22;20;14;14;13;12;4;10;10;4;4;8;8;13;19;19;11;14;20;22;22;22;23;27;23;22;26;24;26;24;28;26;24;26;26;23;23;23;26;32;32;32;32;32;32;32;32;32;32;32
29;30;27;30;30;27;27;30;29;29;26;27;29;28;32;29;31;32;32;11;8;8;6;5;5;2;3;3;3;2;2;2;3;3;3;3;3;2;3;3;4;11;11;8;8;11;24;28;22;22;22;20;20;20;21;14;14;11;11;19;19;19;11;11;11;19;25;26;26;26;23;23;23;27;22;28;26;26;28;26;28;28;24;23;23;22;23;26;26;32;32;32;32;32;32;32;32;32;32;32
29;30;30;30;27;27;30;29;29;29;29;30;30;29;32;32;32;29;11;8;8;6;4;5;5;5;3;2;2;3;3;3;2;2;3;3;3;2;3;2;3;8;14;11;8;8;11;24;28;17;22;22;22;17;20;20;22;20;21;21;21;11;13;14;21;22;27;26;26;26;23;23;23;23;28;28;28;28;26;26;28;28;26;23;23;27;23;26;26;32;32;32;32;32;32;32;32;32;32;32
30;30;27;30;30;30;29;31;31;31;30;27;30;29;31;32;26;11;11;8;8;4;4;5;5;5;3;3;2;3;2;3;3;2;2;3;3;1;1;3;3;10;11;11;8;4;4;24;24;24;17;23;17;22;22;22;22;22;22;14;21;14;14;20;22;26;23;26;26;23;23;23;26;28;24;28;28;28;26;28;28;26;23;26;22;23;23;28;28;32;32;32;32;32;32;32;32;32;32;32
27;27;27;30;30;30;31;31;31;26;30;30;29;30;29;22;11;11;8;8;6;4;4;5;5;5;3;3;5;3;3;3;3;3;2;3;2;2;2;2;3;3;8;11;8;4;5;11;23;16;11;22;24;23;22;23;22;23;23;23;23;26;26;23;26;23;26;26;26;26;26;26;28;28;28;28;28;28;26;28;28;24;26;27;22;23;26;28;32;32;32;32;32;32;32;32;32;32;32;32
30;30;30;29;30;30;27;29;30;26;30;29;27;29;22;11;11;11;8;8;4;3;4;3;3;3;3;5;5;3;3;3;3;3;2;2;2;2;2;2;2;3;4;8;8;6;5;3;4;14;15;12;26;28;26;23;22;23;23;26;26;26;26;23;26;23;23;26;28;28;28;28;28;24;28;28;28;28;28;28;28;26;23;22;22;22;23;28;32;32;32;32;32;32;32;32;32;32;32;32
30;30;30;29;30;30;30;26;29;29;26;30;27;27;11;11;11;8;8;4;4;5;4;3;3;5;3;5;2;4;3;3;3;3;3;2;2;2;2;2;2;3;4;11;8;4;3;2;3;3;21;8;11;32;28;28;28;26;26;26;23;26;23;23;26;26;28;28;28;32;28;28;28;28;28;26;28;28;28;26;26;24;23;23;22;22;24;28;32;32;32;32;32;32;32;32;32;32;32;32
30;30;30;30;29;29;27;26;27;29;29;27;27;19;11;8;11;11;8;6;4;4;4;3;3;5;5;5;3;4;4;5;5;3;3;3;5;2;2;2;2;3;4;8;8;4;2;3;3;2;10;14;11;20;28;28;32;28;28;28;28;28;28;28;28;28;28;28;32;28;28;28;28;28;28;28;28;28;26;28;28;24;26;22;22;23;26;28;32;32;32;32;32;32;32;32;32;32;32;31
29;29;30;30;27;30;29;31;32;29;29;26;14;11;11;8;8;8;12;4;4;5;7;4;3;4;5;3;4;4;4;4;6;3;3;3;5;5;2;3;2;2;4;8;11;4;3;5;3;2;3;8;11;11;32;32;28;32;28;28;28;32;28;28;32;32;28;28;32;32;28;28;24;28;28;28;28;28;28;26;26;26;26;23;22;23;26;31;32;32;32;32;32;32;32;32;32;32;32;32
26;30;30;30;30;30;29;31;31;31;30;20;11;11;11;11;11;8;8;6;10;7;6;4;4;7;6;4;4;4;6;4;4;5;3;3;5;5;2;5;5;3;4;8;8;4;2;5;3;2;3;5;11;14;28;32;28;28;32;28;32;32;28;32;28;32;32;28;32;28;28;28;28;28;28;28;28;28;28;24;24;24;26;27;22;23;28;28;32;32;32;32;32;32;32;32;32;32;32;32
26;26;29;30;29;30;30;26;30;31;22;14;11;11;19;11;8;8;8;8;8;6;10;4;4;4;6;4;10;10;6;10;6;7;5;3;3;3;3;3;3;3;4;11;8;6;3;5;5;3;3;4;11;20;22;28;28;28;32;32;32;32;32;32;28;28;28;28;32;28;28;28;28;28;24;28;28;28;24;26;26;26;23;22;22;23;26;32;32;32;32;32;32;32;32;32;32;31;31;32
29;30;29;29;29;29;30;30;26;31;14;11;14;14;11;11;11;8;8;8;6;6;10;6;10;6;6;10;6;10;6;6;7;10;4;3;4;3;3;3;3;4;4;11;11;10;5;4;5;4;5;3;11;23;17;32;32;28;28;32;32;28;32;32;32;32;28;28;28;28;28;28;28;26;28;28;28;26;28;26;23;23;23;22;23;26;28;32;32;32;32;32;32;32;32;32;32;27;29;27
29;30;29;31;30;30;29;30;29;22;14;11;11;11;14;11;11;8;8;8;6;6;6;10;8;10;10;8;10;6;8;6;6;7;5;5;5;5;2;3;5;4;4;14;11;10;5;10;7;4;5;13;26;23;17;28;28;32;32;32;32;32;32;32;32;32;28;28;28;32;28;24;28;28;26;28;28;28;26;26;26;26;23;26;23;26;28;32;32;32;32;32;32;32;32;32;27;29;27;31
26;30;29;29;30;29;26;26;27;14;11;11;14;14;14;14;11;11;8;8;8;10;10;10;12;10;8;8;8;10;10;8;6;10;3;4;4;5;5;5;3;4;8;14;11;6;4;10;7;4;4;4;17;23;22;11;28;28;32;32;32;32;32;32;32;28;28;28;28;28;32;26;28;26;26;28;28;26;24;26;23;23;22;26;23;28;28;32;32;32;32;32;32;32;32;20;29;20;25;25
29;27;30;29;29;30;29;26;14;11;14;14;14;14;14;14;11;11;13;8;8;8;10;8;8;8;12;8;8;10;6;8;8;10;4;5;4;7;5;5;4;4;8;14;11;8;6;6;10;6;10;8;22;26;22;11;23;32;32;28;32;28;32;32;32;32;28;32;28;28;28;26;28;26;26;26;24;26;24;26;22;22;22;23;28;28;32;32;32;32;32;32;32;31;22;21;25;25;14;21
30;30;29;29;29;27;30;20;14;19;11;14;20;14;20;14;11;11;11;11;8;8;8;12;8;6;8;8;12;8;8;10;10;10;10;7;7;10;4;7;5;4;11;14;11;8;10;8;8;8;8;19;23;28;23;14;23;32;32;32;28;32;32;28;32;32;28;28;28;28;28;28;28;24;23;26;26;24;26;26;22;23;22;26;26;28;32;32;32;26;28;31;31;25;25;25;21;14;21;14
29;29;29;31;29;30;22;20;14;14;14;14;20;20;20;14;11;11;11;13;11;13;13;8;8;13;8;8;8;8;13;12;4;10;6;4;7;10;4;7;7;6;14;20;11;8;10;8;13;13;8;22;26;28;14;11;14;32;28;32;32;32;28;32;28;32;32;32;32;28;28;28;26;26;26;23;26;24;24;26;23;22;22;23;24;28;32;32;32;32;32;31;29;22;25;21;19;21;19;14
31;29;30;30;30;30;14;14;14;14;14;20;20;14;20;14;14;11;11;11;13;11;13;13;8;8;8;11;8;13;13;12;6;8;12;10;10;10;10;7;7;8;14;14;11;13;12;13;13;13;13;20;28;28;11;11;22;28;32;28;28;28;28;28;28;32;32;32;28;28;28;28;26;26;26;24;26;26;24;24;23;22;22;23;28;32;32;32;32;32;32;32;32;32;28;32;32;32;32;32
29;29;30;29;30;23;14;14;14;14;14;20;20;20;14;14;14;11;11;11;13;18;8;11;8;11;11;11;13;13;8;8;10;10;10;12;4;10;8;4;10;8;14;14;11;8;13;13;11;18;11;20;28;28;14;14;23;28;32;28;32;28;32;28;28;28;28;32;28;28;28;28;24;26;26;26;26;23;26;23;23;22;23;28;24;32;32;32;32;32;32;32;32;32;32;32;32;32;32;32
30;29;29;30;26;22;14;14;14;14;14;14;20;20;20;21;14;14;19;14;14;11;13;13;11;19;11;13;13;8;8;13;6;6;12;8;10;10;12;10;10;8;20;14;14;11;13;22;8;11;14;23;28;28;20;20;15;28;32;32;28;32;28;32;28;28;28;32;32;28;28;28;26;26;26;26;26;26;23;23;24;22;23;28;28;32;32;32;32;32;32;32;32;32;32;32;32;32;32;32
29;30;29;30;22;20;20;14;14;14;14;20;14;20;20;21;20;14;14;11;14;11;11;11;19;14;11;11;11;8;13;8;6;8;8;12;12;8;8;8;12;8;20;20;14;11;11;20;17;11;22;24;26;22;20;20;23;28;32;32;32;28;32;28;28;28;28;28;32;32;28;28;28;26;26;23;26;24;23;23;26;23;23;26;26;32;32;32;32;32;32;32;32;32;32;32;32;32;32;32
29;30;30;29;22;20;14;14;21;14;21;20;20;20;20;20;20;14;21;14;14;11;11;18;11;11;19;11;11;13;8;12;13;8;12;10;8;8;12;8;12;13;20;20;14;14;11;20;22;20;23;24;23;20;21;22;23;28;28;28;28;28;28;28;28;28;28;28;28;32;28;28;28;26;23;23;26;26;26;23;26;26;23;26;26;32;32;32;32;32;32;32;32;32;32;32;32;32;32;32
27;26;30;26;22;20;20;14;21;14;14;14;20;25;25;20;14;14;14;21;11;11;11;11;11;8;11;19;11;11;13;8;12;13;12;8;12;8;8;8;12;8;20;14;14;14;19;14;20;20;26;26;26;14;21;22;23;17;28;28;28;28;28;26;28;28;28;28;28;32;32;28;28;24;26;26;26;26;26;26;23;26;23;28;28;32;32;32;32;32;32;32;32;32;32;32;32;28;28;28
30;30;30;22;22;22;20;20;21;14;14;20;20;20;20;20;20;20;20;14;11;19;11;11;19;11;13;13;19;13;13;13;8;8;12;12;13;13;13;12;12;8;14;14;14;11;11;11;19;17;26;26;22;20;20;17;24;23;24;28;28;28;28;26;28;28;32;32;32;32;32;32;26;28;26;26;28;26;24;26;24;26;28;28;32;28;32;32;32;32;32;32;32;32;32;32;32;28;28;32
27;30;27;22;17;20;20;21;20;14;20;20;20;20;25;21;20;20;20;19;11;11;11;18;18;18;11;8;11;8;13;11;13;13;8;8;13;8;8;13;8;13;14;14;14;11;19;19;14;23;24;23;22;20;20;15;24;17;17;28;28;28;28;28;28;28;28;32;28;32;32;28;28;28;26;23;28;26;24;26;26;26;28;28;28;32;32;32;32;32;32;32;32;32;32;32;28;28;28;28
27;30;23;22;22;22;20;20;14;20;20;20;20;20;20;20;20;20;20;14;19;14;11;13;11;11;13;13;8;11;13;11;13;8;13;13;13;13;11;13;13;13;14;14;21;19;11;11;14;23;26;23;22;20;20;23;24;22;17;28;28;32;32;28;28;28;32;32;32;32;32;32;28;28;26;23;28;24;28;24;24;28;28;28;28;32;28;32;32;32;32;32;32;32;32;32;32;28;28;28
30;26;22;22;22;17;20;20;20;14;20;20;20;20;20;20;20;20;14;14;14;14;11;13;13;18;11;13;13;13;13;11;13;8;8;8;13;13;13;13;11;11;21;14;14;11;18;19;20;26;23;22;22;20;20;23;26;15;22;23;28;28;32;28;28;28;32;32;32;32;32;28;28;28;26;26;28;28;24;26;28;28;26;28;28;28;28;28;28;32;32;32;32;32;32;32;32;28;28;26
26;26;22;22;22;22;22;20;20;20;20;21;20;20;20;20;20;14;19;19;11;19;19;13;13;11;11;11;18;11;11;18;11;8;13;13;13;11;11;13;13;11;14;14;14;14;19;19;22;23;26;22;20;20;17;23;23;23;17;23;28;28;28;28;28;28;28;32;32;32;32;32;28;28;28;26;28;28;28;28;28;26;28;28;28;28;32;32;28;32;32;32;32;32;32;32;28;26;26;23
29;23;17;22;23;23;17;20;20;20;20;21;20;20;20;20;14;19;14;11;19;19;11;11;13;13;13;13;13;11;19;19;11;13;13;13;13;11;13;11;13;11;14;20;14;19;11;19;22;23;23;21;14;20;23;23;22;28;14;17;22;28;28;28;28;28;28;32;32;32;32;32;28;32;28;23;28;26;26;26;28;26;28;28;28;28;28;28;26;26;32;32;32;32;32;32;32;29;26;26
26;22;22;23;23;22;22;22;20;20;20;20;20;20;22;21;14;19;19;14;19;19;19;11;13;13;13;13;11;11;11;11;13;11;8;11;13;19;11;11;13;11;14;20;19;19;14;14;22;23;17;19;14;20;23;17;22;32;20;26;14;28;28;28;28;28;32;32;32;32;32;32;28;28;28;26;28;26;23;28;28;26;28;28;28;28;28;28;28;26;32;32;32;32;32;32;28;26;26;26
22;22;22;23;23;23;22;22;20;20;25;20;20;20;20;14;14;19;14;19;11;14;18;11;11;13;13;11;18;18;11;11;13;13;13;13;13;13;19;11;13;11;14;14;14;11;19;20;22;23;20;19;14;20;23;17;21;32;28;23;11;14;32;28;32;28;28;32;32;32;32;32;28;28;28;26;28;23;24;28;28;26;26;28;28;28;32;28;26;26;32;32;32;32;32;32;28;26;23;27
22;22;22;22;23;23;23;22;17;20;20;20;20;20;21;19;11;11;14;19;11;19;19;13;8;13;11;11;11;11;11;11;11;13;11;18;11;11;11;13;11;11;14;14;11;11;11;20;22;23;14;14;20;14;24;20;20;32;32;20;14;20;28;28;28;28;32;32;32;32;32;32;28;28;28;26;26;23;26;26;24;23;28;28;28;32;28;23;26;26;32;32;32;32;32;32;28;26;23;22
22;22;23;22;27;26;23;23;22;22;20;20;20;20;14;19;11;19;11;19;11;19;18;18;11;13;11;19;13;19;14;11;13;13;13;18;11;18;13;18;13;11;19;14;19;19;11;20;22;17;14;21;21;20;23;20;14;32;32;28;17;20;14;28;28;28;28;32;32;32;32;32;32;28;26;23;26;23;23;28;28;26;24;28;28;28;28;26;32;29;32;32;32;32;28;28;28;26;23;22
23;23;22;23;23;26;26;22;22;22;22;20;22;20;14;19;19;14;19;19;14;11;18;13;18;19;19;19;14;11;14;11;11;13;11;11;11;11;13;11;11;11;11;19;14;11;11;14;22;22;14;14;14;22;15;22;20;32;32;28;26;14;20;26;28;28;28;32;32;32;32;32;28;28;24;26;23;24;26;24;28;28;26;28;28;32;28;28;28;32;32;32;32;32;28;28;28;23;22;22
22;23;22;23;23;26;23;22;22;22;22;22;20;14;20;14;19;19;19;19;11;19;11;13;13;11;11;19;11;19;11;11;13;13;8;13;13;13;13;13;18;11;14;20;14;19;14;14;22;20;14;14;14;22;17;26;14;32;32;28;28;14;22;11;28;28;28;32;32;32;32;32;28;28;26;23;22;23;23;28;28;32;28;28;32;28;26;23;28;32;32;32;32;32;32;28;28;23;22;20
23;23;23;23;23;26;27;26;23;23;17;22;20;14;14;21;14;19;14;19;14;19;11;18;8;8;18;14;11;11;18;13;13;13;13;13;13;13;13;11;11;14;17;17;20;14;14;20;22;22;19;14;20;22;17;24;14;32;32;32;28;17;20;21;22;28;28;32;32;32;32;28;28;28;26;23;23;23;23;28;28;32;28;28;32;32;32;32;26;32;32;32;32;32;32;32;28;22;22;22
22;23;23;26;26;26;26;23;23;23;23;22;20;20;14;14;21;14;19;19;11;18;11;13;11;11;19;19;19;14;11;11;13;13;13;8;11;13;13;18;11;23;17;17;23;17;14;20;22;14;14;20;20;23;23;24;20;32;32;32;32;17;20;14;11;26;23;28;32;32;28;28;28;28;26;23;22;22;23;32;28;26;28;26;26;22;32;32;32;32;32;32;32;32;32;32;24;22;20;17
22;23;23;26;26;26;26;26;23;23;17;22;20;20;20;21;21;14;19;19;11;11;8;8;8;11;14;19;11;11;11;11;11;13;13;13;11;13;13;13;11;15;15;15;16;15;14;20;17;14;20;20;20;22;26;24;17;32;32;32;32;22;20;22;11;11;23;28;32;32;32;28;28;26;26;23;17;22;23;28;23;26;23;23;20;19;22;32;32;32;32;28;32;32;32;28;24;23;15;17
23;27;23;26;26;28;28;26;23;23;22;22;20;20;20;20;14;14;14;11;11;13;13;13;8;13;19;11;19;11;11;11;11;13;13;11;11;11;13;13;11;15;23;23;16;16;20;20;20;20;20;22;20;15;26;26;15;32;32;32;32;29;22;22;11;8;20;28;28;32;32;28;26;26;23;23;22;22;26;28;23;26;20;21;19;14;14;32;32;28;32;28;32;32;32;32;22;17;17;17
22;23;26;26;26;29;26;26;26;23;22;17;20;20;20;21;21;14;19;19;11;11;13;13;8;11;11;11;11;13;11;11;11;11;11;11;13;13;13;13;11;15;15;23;16;24;17;20;20;14;20;23;17;22;17;24;23;32;32;32;32;32;23;20;14;8;13;23;28;32;28;24;26;23;22;22;17;23;28;26;23;20;21;21;19;11;21;32;32;32;32;32;32;32;32;28;24;23;17;20
23;23;26;28;26;28;26;26;23;23;23;22;20;20;21;14;21;14;19;19;11;13;18;11;11;19;11;11;11;11;13;11;11;13;11;11;11;11;13;13;14;15;16;16;16;16;17;20;20;20;20;23;15;22;17;24;17;28;32;32;32;32;26;22;22;11;19;13;28;28;26;26;26;22;22;22;17;26;28;26;20;14;14;11;18;19;19;32;32;32;32;32;28;28;32;28;26;17;20;14
22;23;26;26;26;26;28;26;23;23;23;22;20;20;20;14;21;14;19;19;11;13;11;11;11;19;19;14;19;19;11;11;11;13;11;11;19;11;14;15;15;16;16;16;16;24;15;20;21;14;20;16;17;22;20;24;14;28;32;32;32;32;26;23;14;11;8;19;8;23;26;23;26;23;17;22;22;26;28;22;14;19;19;11;11;13;29;28;32;32;32;32;26;32;32;28;26;20;14;14
22;23;23;28;28;26;26;26;26;23;22;22;20;20;21;21;14;14;21;19;11;18;13;11;11;14;11;19;11;11;19;11;19;19;13;11;11;14;15;16;16;16;16;16;24;16;23;17;20;20;17;23;17;23;20;23;20;28;32;32;32;32;23;22;17;20;13;11;12;20;23;23;23;22;23;22;22;23;23;22;14;19;11;11;13;14;28;32;30;31;32;28;28;29;32;32;20;14;14;14
22;22;23;26;26;26;26;23;26;23;23;22;20;20;20;21;14;14;19;19;19;13;13;13;13;11;19;14;11;11;13;11;11;11;19;14;11;17;16;16;24;16;24;16;24;16;16;15;20;20;17;15;17;23;17;23;17;28;32;32;32;32;29;14;17;20;11;21;11;6;23;22;17;23;23;23;17;23;23;22;11;11;11;13;11;14;26;28;28;32;32;32;26;28;28;28;20;20;14;20
22;22;23;26;26;26;28;26;23;23;23;20;20;20;20;14;14;19;14;11;14;13;13;13;13;11;11;11;11;18;13;11;18;11;19;14;14;17;16;16;24;24;16;16;24;24;16;23;20;22;22;23;17;22;22;23;17;26;32;28;29;32;32;22;17;17;11;20;27;8;22;22;22;23;23;23;17;22;22;14;19;11;11;13;13;20;26;29;26;32;32;32;32;28;28;28;28;23;14;14
22;23;23;26;26;28;26;26;23;23;22;20;20;20;20;19;14;14;19;19;19;18;11;18;11;11;19;11;11;13;11;11;11;19;19;19;20;15;23;16;24;24;24;24;24;24;16;24;17;22;23;23;17;22;22;23;17;23;24;28;32;32;32;20;20;20;21;20;22;13;11;23;23;23;22;17;22;22;20;14;11;13;11;19;20;26;28;28;31;28;32;28;28;28;28;32;28;23;20;20
22;22;23;26;26;28;26;23;23;22;22;22;20;20;20;14;21;14;14;14;14;14;19;19;11;14;19;11;14;11;11;11;19;19;14;14;17;16;16;24;24;24;24;24;16;16;24;16;15;17;15;23;22;20;22;23;17;23;24;32;32;32;32;22;20;20;20;20;20;14;11;20;23;23;22;17;22;22;14;11;8;13;11;20;22;28;28;31;28;28;32;32;28;32;28;22;15;23;20;20
22;22;23;26;28;28;26;23;22;17;22;20;25;20;14;21;14;19;21;21;19;14;19;19;11;14;19;14;19;14;14;19;14;14;20;15;23;16;24;24;24;24;24;24;16;24;24;24;16;17;15;23;22;20;23;23;17;15;28;32;32;32;32;23;14;20;20;20;17;20;14;20;22;22;20;17;20;22;14;13;13;11;14;26;22;28;26;28;28;32;32;28;32;32;28;23;22;22;20;20
22;23;23;26;29;28;26;23;23;20;22;20;21;20;20;14;14;20;14;21;21;21;19;14;19;14;14;14;19;14;19;19;14;20;23;15;16;16;16;24;24;24;24;24;24;24;24;24;24;17;15;16;22;20;23;22;17;22;28;28;28;32;32;29;14;20;21;17;22;20;11;14;17;20;20;20;20;21;20;11;13;11;26;29;28;32;32;31;28;28;32;29;28;32;23;22;15;20;22;20
22;23;26;26;32;28;26;23;22;22;20;20;20;21;20;14;21;14;20;20;21;14;14;14;14;14;14;14;19;14;19;19;20;15;23;23;24;16;16;24;24;24;24;24;24;24;24;24;16;17;23;23;17;22;23;22;20;17;26;24;28;32;32;32;20;20;20;20;17;20;19;14;28;23;22;20;14;19;14;20;8;14;29;26;28;31;32;29;32;32;28;26;28;28;17;17;22;17;17;23
22;23;26;31;32;32;26;23;22;22;20;20;21;21;20;14;14;14;21;21;21;19;14;19;19;19;19;19;11;19;19;21;15;16;16;23;24;24;24;24;24;24;24;24;24;24;16;28;23;22;23;15;17;20;23;22;20;22;14;28;24;28;32;32;26;14;27;20;22;17;14;14;23;17;17;22;20;14;14;25;21;32;31;28;31;32;31;28;32;28;26;23;26;22;22;23;22;23;23;23
22;23;26;28;32;32;23;23;22;20;20;20;20;14;14;21;19;19;14;14;19;19;19;19;19;11;14;19;19;14;19;20;15;16;23;16;24;24;24;24;24;24;24;28;24;24;24;24;17;17;23;23;17;20;22;23;17;22;20;28;26;26;32;32;28;20;23;17;22;22;14;14;22;23;17;20;22;20;14;20;28;32;31;32;29;28;28;28;28;32;23;23;23;23;22;23;15;24;23;14
23;26;26;26;28;32;26;23;17;20;20;20;21;14;14;14;19;21;14;21;14;14;19;19;21;26;14;14;11;14;21;20;23;16;24;24;16;24;24;24;24;24;24;24;24;24;24;24;17;22;15;23;17;17;22;23;20;17;20;26;28;28;29;32;32;26;23;20;17;17;14;14;22;26;22;22;11;14;14;27;28;28;32;28;28;28;28;28;28;28;26;23;22;22;23;23;23;24;24;6
22;23;23;26;32;32;26;23;22;22;20;20;21;14;14;19;19;11;19;14;14;14;19;11;20;23;15;11;19;14;22;15;23;16;16;16;24;24;24;24;24;24;24;28;24;23;24;23;22;22;15;23;20;22;22;22;14;20;17;26;22;28;28;29;32;26;26;22;22;20;21;14;22;28;20;22;20;14;20;26;28;28;32;32;28;28;32;32;32;28;23;23;23;23;24;26;24;24;22;8
23;23;26;28;28;32;26;23;22;22;22;14;14;14;14;11;11;14;19;19;11;14;19;14;20;23;16;24;14;22;24;24;23;24;16;24;24;24;24;28;24;28;24;24;28;24;24;23;22;17;15;23;17;22;17;22;14;20;17;23;17;28;28;26;32;28;28;23;17;20;21;14;22;29;22;23;22;23;28;28;31;32;32;32;32;32;32;32;32;23;23;22;23;23;23;23;23;23;11;13
27;26;26;26;31;32;26;23;22;20;20;20;21;14;19;19;14;19;11;11;19;11;14;14;20;16;15;24;17;24;24;24;24;24;24;24;24;24;24;24;28;24;28;28;28;24;23;23;20;22;22;22;20;22;22;17;14;20;22;17;17;23;20;28;32;32;29;23;17;20;20;14;23;27;15;23;23;32;28;29;28;32;28;32;32;32;32;32;28;23;22;17;22;23;23;23;15;23;11;13
26;26;26;26;28;28;26;23;17;22;20;14;21;14;14;19;19;19;19;14;19;14;14;14;17;22;16;24;24;24;24;24;24;16;24;24;24;24;24;28;24;24;24;28;24;24;23;22;22;22;15;22;20;22;23;17;20;20;23;20;23;24;23;28;32;32;26;26;17;20;14;11;22;25;23;23;26;28;28;26;28;32;32;32;32;32;32;32;24;23;23;20;22;22;17;17;22;17;11;13
26;26;26;29;28;32;26;23;22;22;20;20;14;14;19;11;19;11;11;19;14;14;14;21;22;15;23;16;24;24;24;24;24;23;24;24;24;24;24;28;28;24;24;28;24;23;23;23;20;22;23;22;22;23;22;17;14;20;23;17;24;24;24;28;31;32;28;24;15;20;17;11;22;20;23;23;26;28;28;29;32;32;32;32;32;32;32;28;26;23;23;20;17;20;20;20;20;14;11;13
26;26;26;28;28;32;28;23;22;22;20;21;20;14;14;19;19;11;11;14;14;21;14;14;17;15;23;15;24;24;24;24;24;24;24;24;24;24;24;28;28;24;28;28;24;24;23;22;20;17;23;22;22;23;23;23;20;22;22;23;24;23;26;28;26;32;32;28;26;14;23;14;20;26;27;23;28;28;32;28;32;32;32;32;32;32;32;28;22;23;20;20;20;20;14;20;14;14;14;11
26;28;28;26;28;32;28;23;22;20;22;20;14;21;14;14;11;14;11;19;19;14;14;14;20;17;15;15;24;24;24;24;24;24;24;24;24;24;24;28;28;28;28;28;24;24;22;20;20;22;23;17;22;23;23;22;22;22;17;23;24;16;23;24;28;32;32;28;22;22;26;23;27;27;29;23;28;32;28;31;32;32;32;32;32;32;32;24;23;23;20;20;14;20;14;21;14;14;14;11
29;28;28;28;32;32;28;23;22;17;20;21;20;20;14;11;19;14;14;14;14;14;14;14;20;22;23;16;24;24;24;24;24;24;24;24;28;28;28;28;28;24;28;24;24;23;22;20;22;22;15;17;22;23;23;22;22;22;17;24;16;23;24;28;26;32;32;28;23;23;26;22;22;26;28;26;28;32;32;28;32;32;32;32;32;28;24;23;23;23;20;20;20;20;20;14;14;14;14;11
legende 
--------- 
dimensions : (160, 100) 
                   R                    G                    B               number                count 
                 255                  255                  255                    1                   44 
                 254                  254                  254                    2                  343 
                 253                  248                  249                    3                  464 
                 249                  237                  236                    4                  321 
                 247                  247                  246                    5                  198 
                 246                  232                  214                    6                   84 
                 239                  239                  239                    7                   46 
                 238                  217                  206                    8                  375 
                 236                  249                  240                    9                    2 
                 234                  234                  234                   10                  181 
                 224                  198                  180                   11                  594 
                 221                  225                  221                   12                   79 
                 215                  212                  205                   13                  315 
                 212                  172                  149                   14                  620 
                 212                   75                   52                   15                   96 
                 205                   40                   23                   16                   77 
                 201                  114                   89                   17                  228 
                 195                  204                  198                   18                   53 
                 187                  188                  179                   19                  306 
                 186                  139                  117                   20                  598 
                 160                  159                  151                   21                  225 
                 156                  106                   86                   22                  517 
                 147                   76                   55                   23                  609 
                 143                   25                   18                   24                  397 
                 128                  128                  123                   25                  132 
                 107                   63                   50                   26                  580 
                  99                   94                   93                   27                  255 
                  83                   26                   19                   28                 1091 
                  72                   60                   59                   29                  450 
                  66                   71                   75                   30                  669 
                  47                   47                   52                   31                 2027 
                  21                   16                   17                   32                 4024 
