4;4;4;4;2;2;2;2;2;2;2;2;2;2;2;2;2;2;2;2;2;2;2;2;4;2;2;4;2;4;4;4;4;4;4;4;4;4;7;7;4;7;7;7;7;7;7;7;4;4;4;2;2;4;4;4;7;7;7;7;7;7;9;7;7;4;4;2;2;2;2;4;7;4;4;4;7;4;4;4;4;4;2;4;2;4;2;2;2;2;2;2;2;2;2;2;2;2;2;2;2;1;2;2;1;2;2;1;2;1;2;2;2;2;2;2;2;2;4;2;4;4
4;4;4;4;4;4;4;2;2;2;4;2;2;2;2;2;2;2;2;4;2;2;2;4;2;2;4;2;4;4;4;4;4;7;4;4;4;4;7;4;4;7;7;4;7;7;4;7;4;4;2;2;2;2;4;4;7;7;4;7;7;7;7;7;4;4;4;2;2;2;2;4;4;4;4;7;4;4;4;4;4;4;4;2;4;2;2;4;2;2;2;2;2;2;2;2;2;2;2;2;1;2;2;1;2;2;2;2;1;2;2;1;2;2;2;2;2;4;2;4;4;2
4;4;4;4;4;4;2;2;2;2;2;2;2;2;2;2;2;2;2;2;2;2;2;2;2;4;2;4;2;4;4;4;4;7;4;4;4;4;4;4;4;7;4;7;4;4;4;4;4;2;2;2;2;2;2;4;4;7;7;4;4;7;7;7;4;4;2;2;2;2;2;2;4;4;4;4;4;4;4;4;4;4;4;2;4;2;2;2;2;2;2;2;2;2;2;2;1;2;1;2;2;1;2;1;2;2;1;1;2;2;2;1;2;2;2;2;2;2;4;2;4;4
4;4;4;2;2;2;2;4;2;2;4;2;2;2;2;2;2;2;2;2;2;2;2;2;4;2;2;4;4;2;2;4;4;4;4;4;4;4;4;4;4;4;4;7;4;7;4;4;4;2;1;2;1;2;2;4;4;4;4;4;4;7;7;7;4;4;2;2;2;2;2;2;4;4;4;4;4;4;4;4;4;2;2;2;2;4;2;2;2;2;2;2;2;1;2;2;2;1;2;2;2;2;2;2;2;1;2;2;2;2;1;2;2;2;2;2;2;4;2;2;2;4
4;4;4;4;2;4;2;4;2;2;2;2;2;2;2;2;2;2;2;2;2;2;2;2;2;2;4;2;4;2;2;4;4;4;4;4;4;4;4;4;4;4;7;4;4;4;4;4;2;2;1;2;2;2;2;4;2;4;2;2;4;4;4;7;4;2;2;2;2;1;2;2;2;2;4;4;4;4;4;2;4;4;4;2;2;2;2;2;2;2;2;2;2;2;2;2;2;2;2;2;2;1;2;2;2;2;1;2;2;1;2;2;2;2;2;2;4;2;2;2;2;4
4;4;4;4;2;4;2;4;2;2;2;2;2;2;4;2;2;2;2;2;2;2;4;2;2;4;2;2;4;2;2;4;4;4;4;4;4;4;4;4;7;4;4;4;4;4;4;4;2;1;1;1;2;2;2;2;2;2;2;2;4;4;4;4;2;2;2;1;1;1;2;2;4;2;2;4;4;4;2;2;2;4;2;2;2;2;2;2;2;2;2;2;2;1;2;2;2;2;2;2;2;2;2;2;2;2;2;2;1;2;2;2;2;2;2;2;4;4;2;2;4;4
4;4;4;4;2;4;2;4;2;4;2;2;2;2;2;2;2;2;2;2;2;2;4;2;2;2;4;2;2;2;4;4;4;4;4;4;4;4;4;4;4;4;4;4;4;4;4;2;2;1;1;1;1;1;2;2;2;2;2;2;2;4;4;4;2;2;2;2;1;1;1;2;2;2;4;2;2;4;4;2;2;2;4;2;2;2;2;4;2;2;2;2;2;2;1;2;2;1;2;2;2;1;2;1;2;2;1;2;2;2;2;2;2;2;2;2;4;2;2;2;4;4
4;4;7;4;4;2;2;2;4;2;2;2;2;2;2;2;2;2;2;2;2;2;2;2;2;2;4;2;2;4;4;4;2;4;4;4;4;4;4;4;4;4;4;4;4;2;2;2;2;1;1;1;1;2;1;2;2;2;4;2;2;2;4;2;2;2;2;1;1;1;1;2;2;2;2;2;4;2;2;2;2;2;2;2;2;4;2;2;4;2;2;2;2;1;2;2;2;1;2;2;2;2;1;2;2;2;2;2;2;2;2;2;2;2;2;2;2;2;2;4;4;4
4;4;2;4;4;2;4;4;2;4;2;4;2;2;2;2;2;2;2;2;2;2;2;2;4;2;2;4;2;2;4;4;4;2;4;4;4;4;4;4;4;4;4;4;4;2;2;2;2;1;1;1;1;2;1;2;1;2;1;2;2;2;2;2;2;2;1;1;1;1;1;1;2;2;2;2;2;4;2;2;2;2;2;2;2;2;2;2;2;2;2;1;2;2;2;2;2;1;2;2;1;2;2;2;2;2;2;2;2;2;2;2;2;2;2;4;2;2;4;2;4;4
4;4;2;4;4;2;4;4;4;4;2;4;2;2;4;4;2;2;2;2;2;2;2;2;2;4;2;4;2;2;4;4;4;4;2;4;4;4;4;4;4;4;4;4;4;2;2;1;1;1;1;1;2;2;2;2;2;2;2;1;2;2;2;2;2;2;1;1;1;1;1;1;1;2;2;4;2;2;2;2;2;2;2;2;2;2;2;2;2;2;2;2;2;2;1;2;2;1;2;1;2;2;1;2;1;2;2;2;2;2;1;2;2;2;2;2;4;4;2;4;4;4
4;4;4;4;4;4;2;4;2;4;4;4;2;4;2;2;2;2;2;2;2;2;4;2;2;2;4;2;4;2;4;2;4;4;4;4;4;4;4;4;4;2;4;4;2;2;1;1;1;1;1;1;1;2;2;1;2;2;2;2;1;2;2;2;2;2;1;1;1;1;1;1;1;1;2;1;2;2;2;2;2;2;4;2;2;2;2;2;2;2;2;2;2;2;2;1;2;1;2;2;1;2;2;1;2;2;2;2;2;2;2;4;2;2;2;2;2;4;2;4;4;4
4;4;4;4;4;4;4;2;4;4;4;2;4;2;2;2;2;2;2;2;2;2;2;2;4;4;2;2;4;4;4;4;4;2;4;4;4;4;2;2;2;2;1;1;2;1;1;1;1;1;1;1;1;1;2;2;2;1;1;1;2;2;4;2;2;1;1;1;1;1;1;1;1;1;1;1;1;1;1;2;1;2;2;2;2;2;2;2;2;2;2;2;2;2;2;2;2;2;2;2;2;2;2;2;2;2;2;2;2;2;2;2;4;2;4;2;4;2;4;4;4;4
4;4;4;4;4;4;4;4;4;4;4;2;2;4;2;2;2;2;4;2;4;2;2;2;2;4;4;2;2;4;4;4;4;4;4;2;4;2;2;2;1;1;1;1;2;1;1;1;1;1;1;1;1;1;1;1;2;2;1;2;2;4;2;2;1;1;1;1;1;1;1;1;4;7;4;2;2;1;1;1;1;2;1;2;2;2;2;2;2;2;2;2;2;2;2;1;2;2;2;2;2;2;2;1;2;2;2;2;4;2;2;2;2;2;2;2;2;4;4;4;4;4
4;4;4;4;4;4;4;4;2;4;4;4;4;2;2;2;4;2;2;2;4;2;4;2;4;4;2;4;4;4;4;4;4;2;2;2;2;1;2;2;4;4;2;7;7;7;5;4;3;4;3;1;1;1;1;1;1;1;2;2;2;1;1;1;1;1;1;1;3;4;5;6;6;8;8;6;6;5;7;2;1;1;1;2;1;2;2;2;2;2;2;2;2;1;2;2;2;1;2;2;1;2;2;2;2;2;2;2;2;2;4;2;2;2;4;2;4;2;2;4;4;4
4;4;4;4;4;4;4;4;4;4;2;4;4;2;4;2;4;4;2;2;4;2;4;4;2;2;4;4;4;4;4;4;2;2;2;1;1;2;7;9;5;9;6;6;8;8;6;6;6;6;6;5;4;1;1;1;1;1;1;1;1;1;1;1;1;1;4;5;6;8;8;10;8;8;10;8;10;8;8;5;7;2;1;1;1;2;1;2;2;2;2;2;2;2;2;1;2;2;2;2;2;2;2;2;2;2;2;2;2;2;2;4;4;2;2;4;2;4;4;4;4;4
4;4;4;4;4;4;4;4;4;4;4;4;4;4;2;2;4;4;4;2;4;2;4;2;4;4;4;4;4;4;4;2;2;1;1;2;4;5;6;6;8;8;10;8;8;8;8;8;8;6;8;8;6;5;3;1;1;1;1;1;1;1;2;1;1;3;8;8;10;8;10;8;10;8;8;8;8;8;8;8;6;9;7;3;2;1;2;2;1;2;2;2;2;2;2;2;2;2;2;1;2;2;2;2;2;2;2;2;2;2;2;4;4;4;4;2;4;4;4;4;4;4
4;4;4;4;7;4;7;4;4;4;4;4;4;4;4;2;2;4;4;2;4;4;4;4;4;4;2;4;4;4;2;2;1;2;4;9;6;6;8;8;8;8;8;8;10;8;10;8;8;8;8;8;8;8;5;7;1;1;1;1;1;2;3;3;5;6;8;8;8;8;8;8;8;8;8;8;8;8;8;8;8;8;6;5;7;4;1;2;1;2;1;2;2;2;2;2;2;2;2;2;2;2;2;2;2;2;2;2;2;2;4;4;2;2;4;4;4;4;4;4;4;4
7;4;4;4;7;4;7;4;4;4;4;4;4;4;4;4;4;4;4;4;4;4;4;4;4;4;4;4;4;2;1;2;4;5;6;8;8;8;8;6;6;6;6;6;6;8;8;8;8;8;8;8;8;8;8;6;6;7;4;1;1;3;5;6;8;8;8;8;8;8;8;8;8;8;8;8;8;10;8;8;6;8;8;8;8;9;7;2;1;1;2;1;2;2;2;2;2;2;2;2;2;2;2;4;2;2;2;2;2;4;4;4;2;2;4;4;4;4;4;7;4;4
4;7;4;7;4;7;4;7;4;4;4;4;4;4;4;4;4;4;4;4;4;4;4;4;4;4;4;4;2;2;1;7;6;8;8;8;8;8;8;6;5;7;5;3;4;6;6;6;8;8;8;8;8;8;8;8;8;8;5;3;3;7;8;8;8;8;8;6;8;6;8;8;8;10;10;8;6;5;8;8;6;8;8;8;8;6;6;5;4;1;1;2;2;2;2;2;4;4;2;2;2;4;2;4;2;4;2;4;4;4;4;4;4;4;4;4;4;4;4;4;4;7
4;7;7;4;7;7;7;4;7;7;4;4;4;4;4;4;4;4;4;4;4;4;4;4;4;4;4;2;2;2;7;6;8;8;8;8;8;8;8;8;5;5;3;7;3;5;5;5;8;10;8;8;8;8;6;6;8;8;6;6;6;6;8;8;8;6;5;5;6;8;10;8;8;10;8;6;7;5;6;8;8;8;8;8;8;8;8;6;9;4;1;1;2;2;2;2;4;2;2;4;2;2;4;2;4;2;4;4;4;2;4;4;4;4;4;4;4;4;7;4;7;4
4;7;4;4;4;7;7;7;4;4;4;7;4;4;7;4;4;4;7;4;4;4;4;4;4;4;2;2;2;9;6;10;10;8;8;8;8;6;6;8;8;6;5;5;5;7;3;5;8;10;8;8;6;6;6;8;8;8;8;6;6;6;8;6;5;5;7;5;6;8;10;8;6;10;6;5;3;6;8;6;8;8;10;10;8;10;8;8;8;6;4;1;1;1;2;2;2;2;2;2;4;2;4;4;4;2;2;2;4;4;4;4;4;4;4;4;7;4;4;4;4;7
7;4;4;7;7;7;7;4;7;7;4;7;4;7;4;7;4;4;4;4;4;4;4;4;4;4;2;2;9;8;10;8;8;10;8;10;8;8;8;8;8;8;8;6;5;5;5;5;5;6;8;10;8;6;8;8;8;8;8;6;6;8;8;6;5;5;6;5;5;8;8;8;6;8;6;7;6;8;8;8;8;8;8;10;8;10;10;10;8;8;9;7;1;1;2;2;2;2;4;2;4;2;4;4;4;2;4;4;4;4;4;4;4;4;7;4;4;4;7;4;7;4
4;4;7;7;7;7;7;4;7;7;7;4;7;7;4;7;7;4;4;7;4;4;4;4;4;2;4;9;8;10;10;10;8;10;10;10;10;8;8;8;8;8;8;8;8;6;8;6;5;5;8;8;10;8;6;8;8;8;8;8;8;10;8;8;8;8;8;6;6;6;8;8;6;8;6;6;8;8;8;8;8;10;8;8;10;8;10;10;10;10;8;6;7;2;1;2;2;2;4;2;4;2;4;4;4;2;4;4;4;4;4;4;7;4;4;4;4;4;4;7;4;7
7;7;7;7;7;7;7;7;7;7;7;4;4;7;4;7;4;4;7;4;4;4;4;4;4;4;9;8;10;10;10;10;10;10;10;8;10;8;8;8;8;8;8;8;8;10;10;8;6;6;6;8;10;10;8;8;8;8;8;8;10;8;8;10;10;8;8;8;8;8;8;6;8;8;8;8;10;8;8;8;10;8;10;10;10;10;10;8;10;8;8;11;6;7;2;1;2;2;4;2;4;4;4;4;4;4;4;4;4;4;4;4;7;4;7;4;4;7;7;7;7;7
7;7;7;7;7;7;7;7;7;7;7;7;7;4;7;7;7;4;4;4;4;4;4;4;4;9;11;10;10;10;10;10;10;10;10;10;8;10;10;10;8;10;10;8;8;8;8;8;10;8;8;8;8;8;8;8;8;8;10;10;10;8;8;8;8;8;8;8;10;10;8;8;10;8;10;8;10;8;8;10;8;8;10;10;10;10;10;8;10;10;10;10;8;8;7;2;2;2;4;2;4;4;4;4;4;4;4;4;4;7;4;4;7;4;7;4;7;7;4;7;4;7
7;7;7;7;7;7;7;7;7;7;7;7;7;7;7;7;7;4;7;4;4;4;4;4;7;8;10;12;10;8;10;10;10;10;10;8;10;10;10;10;10;8;10;10;8;8;8;8;8;10;8;8;10;10;8;8;10;10;10;10;8;10;10;8;10;8;8;8;10;10;10;10;8;10;10;8;8;10;10;8;8;10;10;10;10;10;10;10;10;10;10;10;10;11;8;9;2;2;2;4;4;4;4;4;4;4;4;4;4;7;4;7;4;7;7;4;7;7;7;7;7;7
7;9;7;7;7;7;7;7;7;7;7;7;7;7;7;7;7;7;7;4;4;4;4;7;11;10;10;10;10;10;10;12;10;10;10;10;10;10;10;10;10;10;8;10;10;10;10;8;8;10;8;8;10;8;8;10;10;8;10;10;10;10;10;8;10;10;10;10;10;10;10;10;10;8;8;10;10;10;10;8;10;10;12;10;10;10;10;10;10;10;12;10;10;10;10;8;7;1;1;2;4;4;4;4;4;4;7;4;7;7;4;7;4;4;7;4;7;7;4;7;7;7
9;7;9;7;9;7;7;7;7;7;7;7;7;7;7;4;4;7;4;4;4;4;7;11;10;12;10;12;12;10;10;12;10;10;10;12;10;10;10;10;10;10;10;10;10;10;10;8;8;10;8;10;10;10;10;10;10;10;10;10;10;10;10;10;10;10;12;10;10;10;10;10;10;8;10;10;10;10;10;10;10;12;10;10;10;10;12;10;10;12;10;12;10;10;10;13;8;7;2;2;4;4;4;4;4;7;4;7;4;7;7;7;4;7;7;7;7;7;7;7;7;7
9;9;7;9;7;7;9;7;7;7;9;7;7;7;7;7;7;7;4;4;7;7;6;13;10;10;12;10;10;12;10;10;12;12;10;12;10;10;10;10;10;10;10;10;10;10;10;10;10;10;10;10;10;10;10;10;10;10;10;10;10;12;10;10;10;12;10;12;12;10;10;10;10;10;10;10;10;10;10;10;10;12;12;10;12;10;12;10;12;10;12;12;12;10;12;10;13;8;7;4;2;4;4;4;7;7;4;7;7;7;4;7;7;7;7;7;7;7;7;7;7;7
9;7;9;7;9;9;7;9;9;7;7;7;7;7;7;7;7;4;7;7;7;11;13;10;12;12;12;12;10;10;10;10;12;10;10;12;12;12;10;12;10;12;10;10;12;10;12;10;10;10;10;10;10;10;10;10;10;12;12;10;12;10;12;12;10;10;12;10;10;10;12;10;12;10;10;10;10;12;10;12;12;12;10;10;12;12;12;10;12;10;12;12;10;12;12;10;12;10;11;7;4;2;4;7;7;4;7;7;7;7;7;7;7;7;7;7;7;7;7;9;7;7
7;9;7;9;9;7;9;7;9;9;9;7;7;9;7;7;7;7;7;7;9;13;10;12;12;10;12;12;12;10;12;10;12;12;12;12;12;12;12;12;10;12;10;12;12;12;10;12;10;10;12;12;10;12;10;12;12;10;12;12;10;12;10;12;12;10;10;12;10;12;10;10;10;10;12;10;12;12;10;12;12;12;12;12;12;12;12;12;10;12;12;12;12;12;12;10;12;10;10;9;7;2;4;4;7;7;7;7;4;7;7;7;7;7;7;7;7;7;7;7;7;7
9;9;9;9;9;7;9;9;7;9;9;7;9;9;7;7;7;7;9;9;11;10;12;12;12;12;12;12;12;12;12;10;12;12;12;12;12;12;12;12;12;12;12;12;12;10;12;12;12;12;12;12;12;12;12;12;12;12;12;12;12;12;12;12;12;12;12;12;10;12;10;12;12;10;12;12;12;10;12;12;12;12;10;12;12;12;10;12;12;12;12;12;12;12;10;12;12;12;10;13;9;2;2;4;7;7;7;7;7;7;7;7;7;7;9;7;7;7;7;7;9;7
9;9;9;9;9;9;9;9;9;9;9;9;9;7;9;7;9;7;9;11;10;12;12;12;12;12;12;12;12;15;12;12;12;12;12;12;12;12;12;12;12;12;12;12;12;12;12;12;12;12;12;12;12;12;12;12;12;15;12;12;12;12;12;12;12;12;12;12;12;10;12;12;12;12;12;12;12;12;12;12;12;12;12;12;12;12;12;12;12;12;12;12;12;12;12;12;12;12;12;10;11;7;2;4;4;7;7;7;7;7;7;7;7;7;7;7;9;9;7;7;9;7
9;9;7;7;9;9;9;9;9;9;9;9;9;9;9;9;9;9;11;10;14;12;12;12;12;12;12;12;12;12;15;15;12;12;12;12;15;12;15;12;12;12;12;15;12;12;12;12;15;12;12;15;12;12;12;15;15;12;15;12;15;12;12;12;12;12;12;12;12;12;12;12;12;12;12;12;12;12;15;15;12;12;15;15;15;12;15;12;15;15;12;12;15;12;15;12;12;12;12;12;10;9;4;4;7;7;9;9;7;9;7;7;9;9;7;9;7;7;9;9;7;9
9;9;9;9;9;9;9;9;9;9;9;9;9;9;9;9;9;9;13;12;12;12;12;12;12;12;12;12;12;12;12;15;15;15;15;15;12;12;12;15;12;15;12;12;15;12;15;15;12;15;12;12;15;12;15;12;15;15;12;15;12;15;15;12;12;12;12;15;12;12;12;12;12;15;12;15;15;15;15;15;12;15;12;15;12;15;12;15;15;12;12;12;15;15;12;15;12;12;12;12;14;10;9;7;9;7;7;9;9;7;9;7;9;7;9;9;7;9;9;7;9;9
9;9;9;11;9;9;9;11;9;11;9;11;9;9;9;9;9;13;12;12;12;12;15;12;12;15;12;15;15;15;15;15;15;15;12;15;12;12;15;15;15;15;12;15;12;15;12;15;15;15;15;15;12;15;12;15;15;12;15;12;12;15;12;15;15;12;15;15;12;15;15;15;15;15;15;15;15;15;15;12;15;15;15;15;15;15;15;15;12;12;15;15;12;12;15;12;12;15;12;12;12;10;11;9;9;9;9;7;7;9;9;7;7;9;9;7;9;9;7;9;9;7
9;9;9;9;11;9;9;9;11;9;11;9;11;11;9;9;11;12;12;15;12;15;12;12;12;12;15;15;15;12;15;12;15;15;12;15;15;15;12;12;15;15;15;12;15;12;15;15;12;15;15;15;12;15;12;15;12;15;12;15;12;12;15;12;15;15;12;15;15;12;15;12;15;12;15;15;15;15;15;15;15;15;15;15;15;15;15;15;15;12;15;12;12;12;15;15;15;12;12;12;12;14;10;9;11;9;9;9;9;7;9;7;9;9;9;9;7;9;9;9;9;9
11;11;9;11;9;11;9;11;9;11;11;11;11;9;11;11;10;14;15;12;15;12;12;15;12;15;12;15;15;15;15;15;15;15;15;15;15;15;15;15;15;15;15;15;15;15;15;15;15;15;12;15;15;15;15;15;15;15;15;15;15;15;15;15;15;15;15;15;15;15;15;15;15;15;15;15;15;15;15;15;15;15;15;15;15;15;15;15;15;15;15;12;15;15;15;15;12;12;15;12;12;12;10;11;11;11;9;9;9;9;9;9;9;9;7;9;9;9;9;9;9;9
9;11;11;11;11;9;11;11;11;11;11;11;11;11;11;14;12;15;12;15;12;15;12;12;15;15;15;12;15;15;15;15;15;15;15;15;15;15;15;15;12;15;15;15;15;15;15;12;15;15;15;15;15;16;15;15;15;16;16;16;16;16;15;15;15;16;16;15;15;15;15;15;16;15;15;16;15;12;15;15;15;15;15;15;15;15;15;15;15;15;12;15;15;15;12;15;15;15;12;15;12;12;12;10;11;11;11;11;9;9;9;9;9;9;9;9;9;9;9;9;9;9
9;11;11;9;11;11;11;11;11;11;13;11;13;13;14;12;15;15;15;15;15;12;15;12;15;15;12;15;15;15;15;15;15;15;15;15;15;15;15;15;15;15;15;16;15;16;15;15;15;15;15;16;16;16;15;16;16;16;16;16;16;16;16;16;16;16;15;16;15;16;16;16;16;16;16;15;15;15;15;15;15;15;15;15;16;15;15;15;15;15;15;15;15;15;15;15;15;15;15;12;12;15;12;12;14;11;11;11;9;9;9;9;9;9;9;9;9;9;9;9;9;9
11;9;11;11;11;11;11;11;13;13;13;13;14;14;15;12;15;15;15;15;12;15;15;15;15;12;15;15;12;15;15;15;15;15;15;15;15;16;15;16;16;16;15;16;15;15;15;16;15;16;15;15;15;15;15;15;16;15;16;15;16;15;15;15;15;15;15;15;15;15;15;15;15;15;16;16;16;15;16;16;15;16;15;15;15;15;15;15;15;15;15;15;15;15;15;15;12;15;12;15;15;15;15;12;12;14;13;13;11;11;9;11;9;11;9;9;9;9;9;9;9;9
11;11;11;11;11;11;11;11;13;13;14;14;14;14;15;15;15;15;15;15;15;15;15;15;15;15;12;15;15;15;12;15;15;15;16;15;16;15;16;15;15;15;15;15;12;12;15;15;12;12;12;12;12;12;12;15;12;15;15;15;12;15;12;12;12;12;12;12;12;12;10;12;12;12;15;15;15;15;15;15;16;16;15;15;15;15;15;15;15;15;15;15;15;15;12;15;15;12;15;12;15;15;12;15;15;12;14;13;13;11;11;11;11;9;9;9;9;9;9;9;9;9
11;11;11;11;11;11;11;11;13;13;14;14;14;15;15;15;15;15;15;15;15;15;12;15;15;15;15;15;15;15;15;15;15;15;15;15;12;15;15;12;12;12;12;10;10;10;10;8;10;8;10;10;10;10;10;10;10;10;10;12;12;10;10;10;10;10;8;8;8;8;8;8;8;8;8;10;10;10;10;10;12;12;12;12;12;12;15;15;16;15;15;15;15;15;15;15;15;12;15;15;12;15;15;15;12;15;12;13;13;13;11;11;9;11;9;9;11;9;11;9;9;9
11;11;11;11;13;11;13;13;13;14;14;14;15;15;15;15;15;15;15;15;15;15;15;15;15;15;16;15;15;15;15;15;15;12;12;10;10;10;10;10;10;8;8;8;8;8;6;6;6;8;6;8;6;8;8;8;8;8;8;8;8;8;8;8;6;8;8;8;6;6;6;6;6;6;8;6;8;8;6;6;5;6;6;8;8;8;8;12;12;10;12;15;15;16;16;16;15;15;15;15;15;15;15;15;15;12;15;14;13;13;13;11;11;11;9;11;9;9;11;9;9;9
13;11;11;13;13;13;13;13;14;13;14;14;15;15;15;15;15;15;15;15;15;15;16;15;15;15;15;15;15;12;15;12;10;8;8;8;8;8;8;6;8;8;8;6;6;6;6;6;6;6;6;6;5;6;6;6;6;6;6;6;6;6;6;6;6;6;6;6;6;6;6;6;6;6;6;6;6;6;5;6;5;5;5;5;6;6;6;6;6;8;8;10;15;16;16;16;16;16;15;15;15;15;15;15;15;15;15;12;14;13;13;13;11;11;11;9;11;11;9;9;11;9
11;11;11;13;11;13;13;13;13;13;14;15;15;15;15;15;15;15;15;16;16;16;16;16;15;15;15;12;12;8;8;10;8;6;6;6;8;6;5;6;5;6;6;6;6;5;5;5;5;3;5;5;5;5;5;5;5;6;6;6;5;6;5;5;5;5;5;5;5;3;5;3;5;6;6;5;5;5;6;5;6;6;6;5;5;6;6;6;6;6;6;6;10;12;15;16;16;16;15;16;15;15;15;15;15;12;15;15;14;13;13;13;11;11;11;11;9;9;9;9;9;11
11;11;13;11;11;13;13;13;13;13;14;15;16;15;16;15;16;16;16;16;16;16;15;15;12;12;12;8;5;5;6;8;5;6;6;6;6;5;5;5;6;5;5;5;5;3;3;3;3;3;3;3;5;3;5;3;3;3;3;5;3;3;3;3;3;3;3;3;3;3;3;3;3;3;5;3;3;5;5;5;5;5;6;6;6;5;6;6;6;6;8;6;8;10;12;15;15;16;16;16;16;16;16;15;16;15;15;15;14;13;13;11;13;11;9;11;11;11;11;11;11;9
11;11;11;11;11;13;11;11;13;13;14;15;15;16;16;16;16;16;16;16;16;15;15;12;12;10;8;6;3;5;6;6;5;6;5;5;6;5;5;5;5;5;5;5;3;3;3;1;3;3;3;3;3;3;3;3;3;3;3;3;1;3;3;1;1;1;1;3;3;3;3;3;3;3;3;3;3;3;3;5;6;6;6;6;5;6;6;6;6;8;8;8;8;8;10;10;12;15;16;16;16;16;16;16;16;16;16;15;12;13;13;11;11;11;11;11;11;9;9;11;9;9
11;13;11;13;11;13;11;11;13;13;13;15;15;16;15;15;15;16;15;15;15;12;12;10;10;8;8;5;5;6;8;6;6;5;5;5;6;5;5;5;3;5;3;3;3;3;3;3;3;3;3;1;3;3;3;3;3;3;1;3;1;3;1;3;3;3;3;1;1;3;1;3;3;3;3;3;3;3;3;5;5;6;6;6;6;5;6;6;6;6;8;8;8;10;12;10;12;12;15;15;16;15;15;15;15;15;15;15;14;13;13;11;11;11;11;11;11;11;11;11;11;11
13;13;13;13;13;13;13;13;11;11;11;14;12;12;12;12;12;12;12;15;12;12;10;8;5;3;6;6;6;8;8;6;5;6;6;6;5;6;5;3;3;3;3;3;3;3;3;1;3;1;3;3;1;3;3;3;1;3;1;3;1;3;1;3;1;1;3;1;3;3;3;3;3;3;3;3;5;3;5;5;6;6;6;6;5;6;6;6;8;8;8;8;8;8;10;10;10;12;12;12;12;15;12;12;12;12;12;12;13;13;13;11;11;11;11;11;9;11;11;9;11;9
11;13;13;11;13;13;11;13;11;11;11;13;10;6;8;12;12;12;12;12;10;8;8;6;5;5;6;6;6;8;5;5;6;6;6;6;6;5;5;5;3;5;3;3;3;3;3;3;3;3;1;1;3;1;3;3;3;3;3;1;3;1;3;3;3;1;3;1;3;1;1;3;3;3;3;3;3;3;5;5;6;6;6;6;6;6;6;6;8;8;8;8;8;10;10;10;8;10;12;12;12;12;12;12;8;10;12;13;11;11;13;11;11;11;11;11;11;11;11;11;11;11
11;13;11;13;13;11;11;13;11;11;11;11;11;11;10;10;10;10;8;10;8;8;8;10;8;6;8;6;6;5;3;5;6;5;6;6;5;6;6;5;5;5;3;5;3;3;3;3;3;1;3;3;1;3;3;3;3;3;1;3;3;3;3;3;3;3;3;1;3;1;3;3;3;3;3;5;3;5;5;6;6;6;6;6;6;6;6;8;8;8;8;10;10;10;8;8;10;8;10;10;12;10;12;12;10;11;13;11;11;11;13;11;11;11;11;9;11;11;11;11;9;11
13;13;13;13;13;13;13;13;11;11;11;11;8;11;10;10;10;10;8;8;8;8;8;8;8;8;6;6;6;5;3;6;6;6;6;6;5;6;6;6;6;5;5;3;3;3;3;3;3;3;1;1;3;3;3;3;3;3;3;3;1;3;3;1;3;3;1;3;3;3;3;3;3;3;5;3;5;5;5;6;6;8;6;6;8;6;8;8;10;8;10;8;10;10;10;10;10;10;10;10;10;10;10;10;10;10;11;11;11;11;11;13;11;11;11;11;11;11;11;11;11;11
13;13;13;13;13;13;11;11;13;11;11;11;11;11;8;10;10;8;8;8;8;10;10;6;5;8;8;6;6;5;5;5;8;6;6;6;6;6;6;6;6;6;5;5;3;3;3;3;3;3;1;3;1;3;3;3;3;3;3;3;3;3;3;3;3;3;3;1;3;3;3;3;3;3;5;5;5;6;6;8;8;8;6;8;6;8;8;8;10;10;8;10;10;10;10;8;10;10;8;8;10;10;10;14;10;13;11;11;11;11;11;11;13;11;11;11;9;11;11;9;11;11
13;14;13;13;13;13;13;13;13;13;11;11;11;11;11;10;10;10;10;8;8;8;8;6;8;8;6;6;8;8;5;5;8;6;6;6;6;6;6;6;6;6;5;5;5;3;3;3;3;3;3;3;3;3;3;3;3;3;3;5;5;3;3;3;3;3;3;3;3;3;3;3;5;5;5;6;6;6;6;6;8;8;8;6;8;8;8;8;8;10;10;10;10;10;8;10;10;10;10;10;10;14;10;10;13;11;11;11;11;13;11;11;13;11;11;11;11;11;11;11;11;11
13;13;14;13;13;13;13;13;11;11;11;11;11;11;11;10;8;10;10;10;10;10;8;6;8;8;6;6;8;6;8;6;8;6;8;6;6;6;6;5;6;5;6;6;5;3;3;3;3;5;6;6;5;3;3;5;5;5;5;6;6;5;3;3;3;3;5;6;6;5;5;5;6;6;6;6;6;8;8;8;8;8;8;8;8;8;8;8;10;10;10;10;10;8;10;10;10;10;10;10;10;10;10;13;11;11;11;11;11;13;11;13;11;11;11;11;13;11;11;11;11;11
14;13;13;13;13;13;13;13;11;11;11;11;13;11;11;13;11;10;10;10;10;10;8;6;8;8;8;6;6;6;8;6;8;8;8;8;6;6;6;6;6;6;6;6;6;5;5;5;5;6;6;6;6;6;5;5;5;6;6;6;6;6;3;3;5;6;6;6;5;5;6;6;8;6;8;6;6;6;8;8;8;8;8;8;8;8;8;10;10;10;10;10;10;10;10;10;10;10;10;12;13;10;11;11;11;11;11;11;11;11;11;11;11;11;13;11;13;11;11;11;11;11
13;13;13;13;13;13;13;13;13;13;11;11;13;13;11;11;11;10;8;10;10;10;10;8;8;8;8;8;6;8;8;8;8;6;8;8;8;8;6;6;6;6;6;6;6;6;6;5;6;6;6;6;6;6;6;6;8;6;8;6;6;6;5;5;6;6;6;5;6;6;8;6;6;6;6;8;6;6;6;8;8;8;8;8;10;10;8;10;10;10;10;10;10;10;10;10;10;13;12;13;10;13;11;11;11;13;11;11;11;13;11;11;11;13;11;11;11;11;11;11;11;11
13;13;13;13;14;13;11;13;13;13;11;13;13;11;11;11;11;11;13;10;8;8;10;10;10;8;10;8;8;8;8;8;8;8;8;8;8;8;8;6;8;6;6;6;6;6;6;8;6;6;6;6;6;6;8;6;8;6;8;6;8;6;6;6;6;6;6;6;6;8;6;8;6;8;8;8;8;6;6;8;8;8;10;8;10;10;10;10;10;10;10;10;10;10;10;10;10;13;10;10;11;11;11;11;11;11;11;11;11;11;11;11;11;11;11;11;11;11;11;11;11;11
13;13;13;13;13;13;14;13;13;13;13;13;11;11;13;11;11;11;11;11;10;10;10;10;10;10;10;10;10;10;8;8;8;8;10;8;8;8;8;8;6;8;6;8;6;8;8;8;8;6;8;6;8;8;6;8;6;8;8;6;6;6;8;6;6;8;6;8;8;8;8;8;6;8;6;8;6;8;6;8;8;8;8;10;10;10;10;10;10;10;10;10;10;12;10;14;10;10;13;13;11;11;11;13;11;13;11;11;11;11;11;11;11;11;11;11;11;13;11;11;11;11
13;13;14;13;13;13;13;13;13;13;13;11;13;13;13;13;11;11;13;11;13;13;10;10;10;10;10;10;10;10;10;8;10;8;8;10;8;10;8;8;8;6;8;8;8;6;6;8;8;8;8;8;6;6;8;8;8;8;8;8;8;8;8;8;8;8;8;8;8;8;8;8;8;8;8;8;8;6;6;8;8;10;8;10;10;10;10;12;10;10;12;10;12;12;10;14;12;13;13;13;13;11;11;11;11;11;11;11;11;11;11;11;11;11;11;11;11;11;11;13;11;11
13;13;13;13;13;13;13;13;13;13;13;11;13;13;13;13;13;13;13;13;13;13;14;10;12;10;10;10;10;10;10;10;10;8;10;8;10;8;10;8;8;8;8;6;8;8;8;8;8;8;8;8;8;8;6;8;8;8;8;8;8;8;8;8;8;8;8;10;10;8;8;8;8;8;8;8;8;8;8;8;10;8;8;10;10;10;12;10;10;12;10;12;10;14;12;14;13;14;13;11;13;13;11;11;13;11;11;11;13;11;11;11;13;11;11;13;11;11;11;11;13;11
13;14;13;13;13;13;13;13;13;13;13;13;13;13;13;13;14;13;13;13;13;13;13;14;14;12;12;10;10;10;10;10;10;10;10;10;8;10;10;8;8;8;8;8;8;8;8;8;8;6;8;8;6;8;6;8;8;8;8;8;10;8;10;8;8;8;10;8;8;8;8;10;10;8;10;10;8;8;10;10;10;8;10;10;10;10;12;12;10;12;10;12;14;12;14;14;13;13;13;13;13;13;13;13;11;11;11;11;11;13;11;11;11;13;11;11;13;11;13;11;11;11
13;14;13;13;13;14;13;13;14;13;13;13;14;13;13;14;14;14;13;14;13;13;14;13;12;14;12;12;10;10;10;10;10;10;10;10;10;10;10;10;8;8;8;8;8;8;8;8;8;8;8;8;8;8;8;8;8;8;8;10;8;8;8;8;8;8;8;8;8;8;10;10;8;8;10;8;8;10;10;10;10;10;10;12;10;10;12;10;12;12;14;12;14;14;14;13;13;13;13;13;13;13;11;13;11;11;13;11;11;13;11;13;11;13;11;11;11;11;11;13;11;13
13;13;14;13;13;13;14;13;13;13;13;13;13;13;13;13;14;13;14;13;14;13;14;14;13;14;14;14;12;12;10;10;10;10;10;10;8;8;10;10;10;10;10;10;10;10;10;8;10;8;10;8;8;10;8;10;8;10;8;8;10;8;8;10;8;8;10;8;8;8;10;8;10;10;10;10;10;10;10;10;12;10;12;10;12;10;12;10;14;12;15;14;14;14;14;14;13;14;13;13;13;13;13;13;11;11;11;13;11;11;11;11;13;11;11;13;11;11;11;11;13;13
14;13;13;13;13;13;14;13;14;13;14;13;13;13;14;13;13;14;13;14;14;13;14;14;14;14;14;12;14;10;10;12;10;12;10;10;10;10;10;10;10;10;10;10;10;10;10;10;10;10;10;10;8;10;10;10;8;10;8;10;8;10;10;10;10;10;10;10;10;10;10;10;10;10;10;10;10;12;12;12;10;10;12;10;12;12;12;12;14;15;14;14;14;14;13;13;14;13;13;13;13;13;11;11;11;13;11;13;11;11;13;11;11;11;13;13;13;13;11;11;13;13
14;14;13;13;14;13;14;14;13;13;14;14;14;14;13;13;13;14;14;14;14;14;14;14;14;14;14;14;14;14;14;10;12;10;12;12;12;10;12;10;10;10;12;10;10;10;10;10;10;10;10;10;10;10;10;10;10;10;10;8;10;8;10;10;10;10;10;10;10;10;12;10;12;12;10;12;10;12;12;10;12;12;12;12;12;12;14;15;14;14;14;14;14;14;14;14;14;14;13;13;13;13;13;13;11;13;13;11;11;13;11;13;11;11;11;11;13;13;11;13;11;11
14;13;14;14;13;14;13;14;13;14;13;14;13;14;14;14;14;14;14;14;14;14;14;14;14;14;14;14;15;14;14;12;12;12;12;10;12;10;12;10;12;12;10;12;12;10;10;10;10;10;10;10;10;12;10;10;10;10;10;10;10;10;10;10;12;10;12;10;12;12;10;12;12;10;12;12;12;12;12;12;12;12;12;15;15;14;15;14;14;14;14;14;14;14;14;14;14;13;14;13;13;13;13;11;13;13;11;11;13;13;13;11;11;13;13;11;13;11;13;11;13;11
14;14;13;13;14;13;14;14;13;14;13;14;13;14;13;14;13;14;14;14;14;14;14;14;14;14;15;14;15;14;15;14;14;14;12;12;12;12;12;12;12;12;12;12;12;12;12;12;10;12;10;12;10;12;10;10;12;10;12;12;10;12;12;12;12;12;12;12;12;12;12;12;12;12;12;12;12;12;12;12;12;15;12;15;14;15;14;15;14;14;14;14;14;14;14;14;14;14;13;14;13;13;13;13;13;13;13;11;13;11;13;11;11;11;13;13;13;11;11;13;13;13
14;13;14;14;13;14;14;13;14;14;13;14;13;14;13;14;14;14;14;14;14;14;14;14;15;15;14;15;14;14;15;14;15;15;14;14;12;12;12;12;12;12;12;12;12;12;12;12;12;12;10;12;12;10;12;12;12;12;12;12;12;12;12;12;12;12;12;12;12;12;12;12;12;15;12;15;12;15;12;15;15;14;15;14;15;14;15;14;14;14;15;14;14;14;14;13;14;14;13;13;14;13;13;13;13;13;13;11;13;13;11;13;13;13;11;13;13;13;13;13;13;13
14;14;13;14;14;14;14;13;14;14;13;14;14;13;14;13;13;14;14;14;14;14;14;14;14;14;14;16;14;16;14;16;14;15;15;15;15;15;15;15;12;15;12;12;12;12;12;12;12;12;12;12;12;12;12;12;12;12;12;12;12;12;12;15;12;12;15;12;15;12;15;12;15;12;15;12;15;15;15;15;15;15;15;14;16;14;16;14;15;14;14;14;14;14;14;14;13;14;14;13;13;14;13;13;13;13;13;13;11;13;13;13;13;11;13;13;13;13;13;11;13;13
14;14;14;13;14;14;13;14;14;13;14;14;13;14;14;14;14;14;14;14;14;14;15;14;15;14;15;14;15;14;16;14;16;14;16;14;16;16;14;16;15;15;15;15;15;15;12;15;12;15;12;15;12;15;15;15;15;15;15;15;15;15;15;15;15;15;15;15;15;15;15;15;15;15;16;15;16;15;16;15;16;16;14;16;14;16;14;14;16;14;15;14;14;14;14;14;14;14;13;14;14;13;13;13;13;13;13;11;13;13;13;13;13;13;13;13;11;13;13;13;13;13
14;13;14;14;14;13;14;13;14;14;14;14;14;13;14;14;14;14;14;14;14;14;14;15;14;14;14;14;16;14;14;16;14;16;14;16;14;16;16;16;16;16;16;16;16;16;16;15;16;15;16;16;16;16;16;16;16;16;16;16;16;16;16;16;16;16;16;16;16;16;16;16;16;16;16;16;16;16;16;16;14;16;16;16;16;14;16;15;14;15;14;15;14;14;14;13;14;13;14;13;14;13;14;13;13;13;13;13;13;13;13;13;13;13;11;13;13;13;13;13;13;13
13;14;14;13;13;14;13;14;13;13;14;13;14;14;14;14;14;14;14;14;14;14;14;14;14;16;14;16;14;14;16;14;16;14;16;16;16;16;14;16;16;16;16;16;16;16;16;16;16;16;16;16;16;16;16;16;16;16;16;16;16;16;16;16;16;16;16;16;16;16;16;16;16;16;16;16;16;16;16;16;16;16;14;16;14;16;14;14;16;14;14;14;14;14;14;14;14;14;13;13;13;13;13;13;13;13;13;11;13;13;13;13;13;13;13;13;13;13;13;13;13;13
14;13;14;14;13;14;14;13;14;14;13;14;14;13;14;14;14;14;14;14;14;15;14;14;14;14;14;14;14;16;14;16;14;16;16;14;16;16;16;16;16;16;16;16;16;16;16;16;16;16;16;16;16;16;16;16;16;16;16;16;16;16;16;16;16;16;16;16;16;16;16;16;16;16;16;16;16;16;16;16;14;16;16;15;16;14;16;14;14;14;15;14;14;14;14;14;14;13;14;14;13;14;13;13;13;13;13;13;13;13;11;11;13;13;13;13;13;13;13;13;13;13
13;14;14;13;14;14;13;14;13;14;14;13;14;13;14;14;14;14;14;14;14;14;14;15;14;14;14;15;14;15;14;16;14;16;14;16;16;14;16;16;16;16;16;16;16;16;16;16;16;16;16;16;16;16;16;16;16;16;16;16;16;16;16;16;16;16;16;16;16;16;16;16;16;16;16;16;16;16;14;16;16;16;14;16;14;16;14;14;16;14;14;14;14;14;14;14;14;14;14;13;14;13;13;13;13;13;13;13;13;13;11;13;13;13;13;11;13;13;11;13;13;13
14;14;13;14;13;14;14;14;13;13;13;14;14;14;13;14;14;14;14;14;14;14;14;14;14;14;14;14;14;14;14;14;16;14;16;14;16;16;16;16;16;16;16;16;16;16;16;16;16;16;16;16;16;16;16;16;16;16;16;16;16;16;16;16;16;16;16;16;16;16;16;16;16;16;16;16;14;16;16;16;14;16;14;16;14;14;15;14;14;14;14;14;14;14;14;14;14;13;14;13;14;13;13;13;13;13;13;13;13;11;13;13;13;13;13;13;13;13;13;13;14;13
14;13;13;14;13;14;13;14;13;13;13;14;13;14;14;14;13;14;14;14;14;14;14;14;14;14;14;15;14;15;14;16;14;15;14;16;14;16;14;16;14;16;16;16;16;16;16;16;16;16;16;16;16;16;16;16;16;16;16;16;16;16;16;16;16;16;16;16;16;16;16;16;16;16;16;14;16;14;16;14;14;16;14;14;14;14;14;14;14;14;14;14;14;14;14;14;14;13;14;14;13;13;13;13;13;13;13;13;11;13;13;13;13;13;13;13;13;13;13;13;13;13
14;13;13;14;13;14;13;13;14;13;13;13;14;13;14;14;14;13;14;14;14;14;14;14;14;14;14;14;14;14;14;14;14;16;14;16;14;16;14;16;16;16;14;16;16;16;16;16;16;16;16;16;16;16;16;16;16;16;16;16;16;16;14;16;14;16;14;16;14;16;14;16;14;14;16;14;16;14;14;16;14;14;15;14;14;14;14;14;14;14;14;14;14;14;14;14;14;13;13;13;13;13;13;13;13;13;13;13;13;11;13;13;13;13;13;13;13;13;13;13;13;13
13;13;13;13;13;13;13;13;13;13;13;13;14;13;14;13;14;14;14;14;14;14;14;14;14;14;15;14;14;14;14;16;14;14;14;14;16;14;15;14;14;16;14;16;14;16;14;16;14;16;14;16;14;16;14;14;16;14;15;14;14;14;16;14;14;14;14;14;14;14;14;14;14;15;14;14;14;14;14;14;14;14;14;14;14;14;14;14;14;14;14;14;14;13;13;13;13;13;13;13;13;13;13;13;13;11;13;11;11;13;11;11;13;13;13;11;13;13;13;13;13;14
13;13;13;13;13;13;13;14;13;13;14;13;13;14;13;13;13;14;14;14;14;14;14;14;14;14;14;14;14;14;14;14;14;14;15;14;14;14;14;16;14;14;16;14;16;14;14;14;14;16;14;15;14;14;16;14;14;14;16;14;15;14;14;14;14;14;14;14;14;15;14;14;14;14;14;14;14;14;14;14;14;14;14;14;14;14;14;14;14;13;14;13;14;13;13;13;13;14;13;13;13;11;11;11;11;13;11;13;11;13;11;11;13;11;13;11;13;11;13;13;13;13
13;13;13;13;13;13;13;13;13;13;14;13;13;13;13;14;13;14;13;14;13;14;14;14;14;14;14;14;14;14;14;14;14;14;14;14;14;15;14;14;14;14;14;14;14;14;15;14;14;14;14;14;14;14;14;14;14;14;14;14;14;14;14;14;14;14;14;14;14;14;14;14;14;13;14;14;14;13;13;14;14;14;14;14;13;13;13;13;13;13;13;13;13;13;13;13;13;13;13;13;11;11;11;11;13;11;11;11;13;11;11;13;13;11;11;13;13;13;13;13;13;14
legende 
--------- 
dimensions : (82, 122) 
                   R                    G                    B               number                count 
                 251                  237                  229                    1                  306 
                 249                  228                  211                    2                 1134 
                 246                  219                  229                    3                  286 
                 245                  219                  197                    4                  963 
                 240                  183                  201                    5                  211 
                 238                  160                  185                    6                  470 
                 237                  205                  185                    7                  431 
                 231                  142                  173                    8                  820 
                 222                  187                  166                    9                  289 
                 216                  126                  155                   10                  872 
                 200                  163                  138                   11                  573 
                 194                  103                  135                   12                  780 
                 187                  149                  122                   13                  829 
                 167                  125                  102                   14                  823 
                 157                   80                  100                   15                  744 
                 102                   48                   47                   16                  473 
