4;4;6;9;12;11;10;10;12;14;18;21;23;24;25;25;26;26;26;25;23;22;20;20;21;22;23;24;25;26;28;28;30;30;31;31;31;30;29;28;27;27;25;24;23;22;21;20;19;18;18;17;17;17;16;17;16;15;15;14;14;14;14;13;12;12;12;11;11;11;11;10;10;10;11;12;18;24;27;29;31;31;29;27;26;25;24;23;22;20;19;18;18;17;15;15;14;13;13;13;12;12;11;10;10;9;9;8;8;7;6;6;5;5;5;5;5;4;4;4;3;3;3;3;2;2;2;2;1;2;2;3;4;4;4;4;3;3;2;1;1;1;1;2;2;2;2;3;4;6;7;17;38;39;39;39;39;40;39;40;39;40;40;39;40;40;40;40;40;40
12;4;5;9;10;10;9;11;12;14;18;22;24;24;25;25;25;25;25;24;22;20;18;18;20;21;23;24;25;27;27;29;30;30;31;31;31;30;29;28;27;26;25;23;22;21;19;18;18;17;16;15;15;15;15;15;14;14;13;12;12;12;12;11;11;11;10;10;10;11;10;10;9;10;10;11;15;22;26;28;31;31;29;27;26;25;24;23;22;21;20;19;18;18;16;15;14;14;13;13;12;12;11;11;10;10;9;8;8;6;6;6;5;5;5;5;5;4;4;4;3;3;3;2;2;2;2;2;1;2;2;3;5;5;5;5;4;4;3;2;1;1;2;2;2;3;3;4;4;6;7;19;38;39;39;40;39;40;39;40;40;39;40;40;40;39;40;39;40;40
18;10;5;8;9;9;8;10;12;15;19;21;24;25;25;25;24;24;23;22;20;17;16;16;18;21;23;24;26;26;28;29;30;31;31;31;30;30;29;28;27;25;24;23;21;20;18;17;16;15;15;14;14;14;14;14;13;12;12;11;11;11;10;10;10;9;9;9;10;9;10;10;9;9;9;10;14;19;25;28;30;30;29;27;26;24;24;23;22;22;20;19;19;17;17;15;14;14;13;13;12;12;12;11;11;10;9;8;7;7;6;6;5;5;5;5;5;4;4;3;3;3;2;2;2;2;2;1;2;1;2;3;5;6;7;6;6;5;4;3;2;2;2;2;3;3;3;3;4;6;7;20;39;39;39;39;39;40;39;40;39;40;40;39;40;40;40;40;40;40
19;13;5;7;9;8;7;10;12;15;19;22;24;25;24;23;23;21;20;19;16;14;14;16;18;21;23;24;26;27;28;29;30;31;31;31;31;29;29;27;26;25;24;23;21;19;17;15;15;14;14;14;13;13;13;12;12;12;10;11;10;10;9;10;9;8;9;8;9;9;9;9;9;9;8;10;12;19;25;27;30;30;28;28;26;25;24;23;23;22;21;19;19;18;16;15;15;14;13;13;13;13;12;12;11;10;9;8;8;7;6;6;5;5;5;5;5;4;4;3;3;3;2;2;2;2;2;2;1;2;2;3;5;7;9;9;8;7;5;4;3;2;2;3;3;3;4;4;5;6;7;22;39;39;39;39;40;39;40;39;40;39;40;39;40;39;40;40;39;40
16;9;6;7;8;7;7;9;12;14;19;21;24;25;24;22;19;16;15;15;14;13;13;15;17;20;23;24;25;27;28;29;30;31;31;31;31;29;28;28;26;25;23;22;20;18;16;15;15;14;14;13;12;12;12;12;11;11;10;9;9;9;9;8;9;8;8;8;8;8;8;8;8;8;8;8;12;18;24;27;29;30;29;27;26;25;24;24;22;21;20;20;18;17;15;15;15;15;14;14;14;13;13;12;11;10;9;9;8;7;6;6;5;5;5;5;4;4;4;3;3;2;2;2;2;2;2;2;1;2;2;3;5;8;12;13;12;9;7;5;4;3;3;3;3;4;3;4;5;6;8;24;40;39;40;39;39;39;40;39;40;39;40;40;39;40;40;39;40;40
10;5;6;7;7;6;7;9;11;14;16;21;23;23;22;19;15;13;12;12;11;11;12;14;16;20;22;24;26;27;28;30;30;31;31;31;30;29;28;27;26;25;23;22;20;18;16;14;14;14;13;12;12;12;11;11;11;10;10;9;9;8;8;8;8;8;7;8;8;7;8;7;8;7;7;8;11;16;23;26;29;29;29;27;26;25;24;23;22;22;20;19;18;17;16;15;15;14;14;14;14;13;13;13;11;11;10;9;8;7;6;6;5;5;5;4;4;4;3;3;3;2;2;1;2;2;1;2;2;2;2;4;5;9;13;17;17;13;10;7;5;4;3;4;3;4;4;3;5;7;8;25;39;39;39;39;40;40;39;40;40;40;39;40;40;40;39;40;40;40
5;6;6;7;7;6;7;9;12;14;16;20;21;22;19;14;11;9;10;9;10;10;12;14;15;19;23;24;26;27;28;30;30;30;31;30;29;29;28;27;25;25;23;22;20;18;15;15;14;13;13;12;12;11;11;11;10;10;9;9;8;8;8;8;8;7;7;7;7;7;7;7;6;7;7;7;10;15;22;26;28;28;28;27;26;25;24;23;22;22;20;19;17;17;17;16;15;15;14;14;14;13;13;12;12;11;10;9;8;7;6;6;6;5;5;4;4;4;4;3;2;2;2;2;1;2;2;2;2;2;4;4;6;10;15;20;20;17;13;9;6;5;4;4;4;4;4;4;6;7;9;27;40;39;40;39;39;40;39;40;39;40;39;40;39;40;40;40;40;40
6;6;6;6;7;8;9;11;13;14;17;19;19;16;15;11;9;8;7;8;8;8;11;12;14;19;22;25;26;28;28;30;30;31;31;30;29;29;28;27;26;25;23;22;20;18;17;15;14;13;12;12;11;11;11;10;10;9;9;9;8;8;8;7;7;7;7;6;6;6;7;6;6;7;7;8;11;14;21;25;27;28;28;27;26;25;24;24;23;21;21;19;18;18;16;15;15;15;15;15;13;14;13;13;11;11;10;9;8;8;7;6;6;5;5;4;4;4;4;3;2;2;2;1;2;2;2;2;2;3;4;6;7;11;17;21;22;20;16;11;7;5;4;4;4;4;4;5;6;7;10;29;39;39;39;39;40;39;40;39;40;40;40;40;39;40;40;39;40;39
6;6;6;6;8;10;11;11;12;14;16;16;16;14;12;10;8;6;6;6;7;7;9;11;13;18;22;25;26;28;29;30;30;30;30;30;29;28;28;27;26;25;24;22;20;18;16;15;14;13;12;12;11;11;10;10;9;9;9;8;8;8;7;7;7;6;6;6;6;6;6;6;6;7;7;9;10;13;18;24;27;28;27;27;26;25;24;24;23;22;21;20;19;18;17;17;15;15;14;15;14;13;13;12;11;11;10;9;8;8;7;6;6;6;5;4;4;4;3;3;2;2;2;2;2;1;2;3;3;4;5;7;9;13;20;22;23;22;18;12;8;6;4;4;3;4;4;6;6;7;11;32;40;39;40;39;39;40;39;40;39;40;39;40;40;39;40;40;40;40
6;7;7;8;11;12;11;11;12;14;15;16;14;13;11;9;6;5;5;5;5;6;8;10;13;18;23;25;26;28;29;30;31;31;30;30;29;28;28;26;26;24;24;22;20;19;16;15;13;13;12;11;11;10;10;10;9;9;9;8;8;7;7;7;7;6;6;5;6;5;5;6;6;7;8;9;11;12;17;23;26;28;28;27;26;25;24;24;23;22;21;20;19;17;17;15;15;15;14;15;14;13;13;12;11;11;10;9;8;8;7;6;6;6;5;5;4;4;4;3;3;2;2;2;2;2;2;3;4;4;6;8;10;15;21;23;23;22;18;13;9;6;4;3;3;3;5;5;7;7;12;31;39;39;39;39;40;39;40;40;39;40;40;39;40;40;40;39;40;40
6;7;7;10;13;12;11;11;12;13;14;15;14;12;11;8;6;5;4;4;5;5;6;9;12;19;22;25;27;28;29;30;31;31;30;30;29;28;28;27;26;25;24;22;21;18;17;15;14;13;12;11;11;11;10;10;10;9;9;8;8;7;7;7;6;6;6;5;5;5;5;5;6;7;8;10;11;13;16;23;26;28;28;27;26;25;24;24;23;22;21;19;19;17;17;16;15;15;14;14;13;13;12;12;12;10;10;9;8;8;7;7;6;6;6;5;5;4;4;4;3;3;2;2;2;2;3;3;4;5;7;10;13;17;23;24;24;21;15;12;9;6;3;3;3;4;5;5;7;8;11;29;40;39;40;39;39;40;39;39;40;40;39;40;40;39;40;40;39;40
7;7;8;10;15;14;12;11;12;12;14;15;14;12;11;8;6;4;3;3;4;4;6;8;12;18;22;25;27;28;29;31;31;31;30;30;29;28;28;27;26;25;24;23;21;19;17;15;14;13;12;11;11;11;10;10;9;9;9;8;8;7;7;6;6;6;5;5;5;4;5;5;6;7;8;10;12;13;18;23;26;28;28;27;26;25;24;24;23;22;21;20;19;18;17;15;15;15;15;14;14;13;12;12;11;10;10;9;8;8;7;7;7;6;6;6;5;5;4;4;3;3;2;3;2;2;3;4;5;6;8;11;14;22;24;25;22;18;13;9;6;4;3;2;2;4;4;5;7;7;10;26;39;39;39;39;40;39;40;40;39;40;39;40;39;40;40;39;40;40
7;7;9;11;16;15;13;11;13;13;14;15;14;12;12;8;6;4;3;3;3;4;5;8;12;16;22;25;27;28;30;30;31;31;31;30;29;28;28;27;26;25;24;23;21;19;17;15;15;14;12;12;11;11;10;10;10;9;9;9;8;7;7;6;6;6;5;5;5;4;4;5;5;6;8;10;12;15;19;23;26;28;29;27;26;25;24;23;23;23;21;20;19;19;17;17;16;15;15;14;14;13;12;11;11;11;10;9;8;8;7;8;7;8;8;7;6;6;5;4;4;3;3;2;3;3;3;4;5;7;9;12;19;25;25;23;20;15;10;7;4;3;2;2;2;4;4;5;6;8;10;22;40;39;39;40;39;39;40;39;40;40;39;40;40;39;40;40;40;40
7;8;9;12;17;16;13;12;13;14;14;16;15;14;13;10;6;4;3;3;2;3;4;7;11;16;22;25;26;28;30;30;31;31;30;30;29;29;28;27;27;26;25;23;22;20;19;17;15;13;13;11;11;11;10;10;9;9;9;8;8;7;7;6;6;5;5;5;4;4;4;4;5;6;8;10;13;17;21;23;26;28;29;28;26;25;24;24;23;23;21;20;20;19;18;17;17;17;15;15;14;13;13;12;11;11;10;9;8;8;7;9;9;10;10;9;8;7;6;6;4;4;3;3;3;3;4;4;6;7;9;11;23;25;24;22;19;13;9;5;3;2;1;1;3;4;4;5;6;7;9;15;37;39;39;39;40;39;40;39;40;39;40;40;39;40;40;39;40;39
8;8;9;12;16;16;13;13;13;15;16;16;19;16;16;13;9;6;3;2;2;3;4;6;10;15;20;25;26;28;29;30;31;31;30;30;30;29;28;28;27;26;25;24;22;21;19;17;15;14;13;12;12;11;10;10;10;9;9;8;8;7;7;6;6;5;5;5;4;4;4;4;4;6;8;11;15;19;22;24;26;29;29;28;27;26;24;24;23;22;22;21;20;19;19;18;18;17;17;15;14;13;12;12;11;11;10;9;8;7;8;11;13;14;14;13;12;9;8;6;5;4;3;4;3;4;5;5;7;7;8;13;24;25;23;21;17;12;7;5;3;1;1;1;3;4;4;5;6;7;9;11;28;40;40;39;39;40;39;40;39;40;40;39;40;40;39;40;40;40
8;9;9;12;16;15;13;12;13;15;19;19;21;22;20;19;12;7;5;3;2;3;3;5;9;13;20;24;26;28;29;30;30;31;30;30;30;29;28;28;27;26;25;24;23;22;20;17;15;14;13;13;12;11;11;10;10;9;9;8;8;7;6;6;5;5;5;4;4;4;4;3;4;6;8;12;17;21;23;24;26;28;30;29;27;26;25;24;24;23;22;22;21;20;19;19;18;17;16;15;15;13;13;12;11;10;10;8;8;7;8;12;18;20;20;18;16;13;10;7;5;4;4;4;4;4;5;6;6;7;7;15;26;25;23;22;17;12;8;4;2;1;1;1;3;3;4;5;5;6;9;9;24;40;39;39;40;39;40;39;40;39;40;39;40;39;40;40;39;40
8;9;9;10;13;13;12;12;13;15;21;22;23;24;23;23;19;11;7;4;3;2;3;4;8;12;19;24;26;28;29;30;30;30;31;30;30;30;29;28;28;27;26;25;24;22;21;19;16;15;13;13;12;11;11;10;10;9;9;8;7;7;6;6;5;5;5;4;4;4;3;3;4;6;9;14;19;23;24;25;26;29;30;30;28;27;26;25;24;23;23;22;21;20;20;19;19;18;17;15;15;14;13;12;11;11;9;9;7;6;8;13;21;25;24;22;20;16;11;8;6;5;4;4;4;5;5;6;6;7;7;22;27;25;24;22;19;13;8;5;2;2;1;1;2;3;4;5;5;6;8;9;17;39;39;40;39;40;39;40;40;39;40;40;39;40;40;40;40;40
8;8;9;9;11;12;12;12;13;16;21;24;25;25;25;25;23;15;9;6;4;2;2;4;7;12;18;24;26;28;29;30;30;31;31;30;30;30;29;29;28;27;26;25;24;23;21;20;17;15;14;13;12;12;10;10;10;9;9;8;7;7;6;6;5;5;4;4;4;3;3;3;4;6;9;14;21;24;25;25;27;29;31;29;28;27;27;26;25;24;23;23;22;21;21;20;19;18;17;16;15;14;14;12;12;11;9;8;7;6;8;19;23;22;21;22;21;17;12;8;5;4;4;4;4;4;5;5;6;6;8;25;27;26;25;23;20;15;9;6;3;2;1;2;2;3;5;5;4;5;7;8;13;31;40;39;40;39;40;40;39;40;40;39;40;40;39;40;40;40
8;8;8;9;9;10;11;12;14;17;22;25;26;27;27;27;25;21;13;8;5;3;3;3;5;10;17;23;26;27;29;30;31;31;31;31;31;30;30;29;28;27;27;25;25;24;22;20;18;16;15;14;12;12;11;11;10;9;9;8;7;7;6;6;6;5;4;4;3;3;3;3;4;6;9;14;21;25;26;27;28;29;30;29;29;28;27;26;25;25;24;23;23;21;21;20;19;18;17;15;15;15;15;13;12;12;10;8;7;7;11;26;27;21;6;8;13;12;11;7;5;4;3;4;4;4;5;6;6;7;14;27;28;27;25;24;21;17;11;7;4;2;1;2;2;3;5;5;4;5;6;9;9;27;40;39;40;39;40;39;40;39;40;40;40;40;40;40;40;40
8;8;7;7;8;9;10;13;15;19;23;25;28;29;29;29;28;24;16;10;7;4;3;2;4;9;16;23;26;27;29;30;30;31;31;31;31;30;30;29;29;28;27;26;25;24;23;21;19;18;15;14;13;12;11;11;10;9;9;8;8;7;6;6;5;5;4;4;3;2;2;3;3;5;8;13;19;24;27;28;29;29;28;29;28;28;27;27;26;25;24;24;23;22;21;20;19;18;17;16;17;17;16;14;14;12;10;9;8;8;15;29;29;27;21;18;14;10;7;6;4;3;3;3;4;4;6;6;7;7;22;29;27;26;25;25;22;19;13;8;4;3;2;2;2;3;4;4;4;5;6;7;8;24;40;39;40;40;39;40;40;40;39;40;39;40;40;39;40;40
8;8;7;6;7;8;10;14;16;22;24;26;28;32;31;33;33;29;21;11;9;6;3;3;3;7;14;22;25;27;29;29;31;31;33;31;31;31;30;29;29;28;28;27;26;24;23;22;20;19;17;15;13;13;11;11;10;9;9;9;8;7;7;6;5;5;4;3;3;2;2;3;4;4;7;11;19;25;27;29;29;28;28;28;27;27;27;26;26;25;24;24;23;22;20;19;19;17;17;18;19;19;19;17;17;14;12;10;9;11;17;31;33;30;29;26;19;9;4;5;4;3;4;3;4;5;5;7;7;10;26;29;27;27;26;25;24;20;14;9;5;3;2;2;2;2;3;4;4;4;5;7;8;19;39;39;39;40;40;40;39;40;40;39;40;40;40;40;40;40
7;7;7;6;6;7;11;14;19;23;25;27;29;31;37;37;38;37;26;14;10;7;5;3;3;6;11;20;25;27;28;29;30;31;31;31;31;31;30;30;29;28;28;27;26;25;24;23;21;20;17;15;14;13;12;11;10;10;10;9;8;7;7;6;5;5;4;4;3;3;2;2;3;4;6;11;19;25;28;29;30;29;27;26;26;26;27;26;26;25;25;24;23;22;19;18;17;16;17;19;22;23;23;22;21;17;15;12;11;12;16;29;40;34;33;28;21;7;3;2;4;4;3;4;4;5;6;7;8;18;30;28;27;27;26;26;24;21;15;10;6;4;2;2;2;2;3;4;3;4;5;7;8;12;36;40;40;39;40;39;40;40;39;40;40;39;40;40;39;40
6;7;7;6;6;8;10;16;22;24;26;27;30;33;37;39;39;39;34;23;13;9;6;4;3;5;9;16;23;26;28;29;30;31;31;33;31;31;30;30;29;29;27;27;26;25;24;23;22;20;18;17;15;14;12;11;11;11;9;9;8;7;7;6;6;5;4;5;3;3;3;2;2;4;6;11;20;25;28;30;31;30;28;26;25;25;25;26;26;25;25;24;24;22;20;19;15;14;15;21;24;25;26;24;23;21;19;17;14;15;20;27;40;39;33;31;25;10;4;2;2;4;4;4;5;6;7;8;9;27;30;28;27;27;26;26;25;22;17;11;7;4;2;2;2;2;2;4;3;3;4;5;7;8;27;40;40;39;40;40;39;40;40;39;40;40;40;40;40;40
6;6;6;6;6;8;11;16;22;25;27;29;32;34;38;39;39;39;39;30;19;11;8;6;4;4;6;13;22;25;27;29;30;30;33;33;31;31;31;30;29;29;28;27;26;25;24;23;22;21;19;18;15;14;13;12;11;11;9;9;8;7;7;6;6;6;5;5;4;3;3;2;2;3;7;11;20;26;28;30;31;31;29;27;25;25;25;25;26;25;25;25;24;23;21;19;14;12;22;27;22;17;24;26;25;23;21;20;18;18;22;26;39;40;39;31;28;20;7;2;1;3;5;5;6;7;8;8;20;38;29;28;27;28;27;26;25;23;19;13;8;4;3;2;2;2;2;3;3;3;3;5;6;7;22;40;39;40;40;39;40;40;39;40;40;40;39;40;40;40
6;6;6;6;6;8;10;18;23;26;27;29;31;37;38;39;39;39;39;39;27;15;11;8;6;5;5;9;17;24;26;28;29;30;31;33;33;31;31;31;29;29;28;27;26;26;25;24;22;21;20;18;15;14;13;12;11;10;10;9;8;8;7;7;6;6;5;5;4;3;2;2;3;4;7;12;19;25;28;30;31;30;29;27;26;25;25;25;25;25;25;24;24;23;23;19;15;16;29;33;25;18;20;15;23;23;22;20;20;19;22;25;31;39;39;33;30;25;11;4;1;1;4;6;6;8;9;10;27;39;30;28;27;28;27;26;25;23;20;14;9;5;3;2;2;2;2;3;3;3;3;4;6;7;16;38;40;39;40;40;39;40;40;39;40;40;40;39;40;40
6;6;6;6;7;7;10;18;24;27;28;32;33;37;39;39;38;38;38;39;39;24;16;11;7;5;6;7;13;20;25;27;28;30;31;31;33;31;33;31;30;29;28;28;27;26;25;23;23;21;20;18;16;14;13;12;11;11;9;9;8;8;7;7;7;6;6;5;4;4;3;3;3;5;7;12;20;25;28;30;30;30;29;28;26;25;25;25;24;24;25;25;25;24;24;23;22;25;39;38;29;28;24;12;8;18;22;20;19;20;21;24;27;38;39;33;30;27;19;6;3;1;3;6;8;8;9;17;30;40;30;28;27;28;27;27;26;24;22;15;10;6;3;2;2;2;2;2;3;3;3;4;5;6;11;36;40;39;40;39;40;40;39;40;40;40;40;40;40;40
6;6;7;6;6;7;11;19;24;27;29;31;34;38;38;39;38;38;38;39;40;38;23;15;10;7;5;7;9;14;22;26;28;29;30;31;33;33;33;31;31;30;29;28;28;26;25;24;23;22;20;17;16;14;13;12;11;10;9;9;9;8;7;7;7;7;7;5;5;4;3;3;4;5;8;12;21;25;28;29;30;30;29;27;27;27;27;25;23;22;24;24;25;26;26;27;27;31;40;37;29;29;26;17;4;4;14;20;19;19;20;21;25;34;39;33;30;29;24;11;4;3;3;5;8;10;10;16;29;40;31;28;27;27;27;27;26;25;22;17;11;7;4;2;2;2;2;2;3;3;3;4;5;6;9;28;40;39;40;40;39;40;40;40;39;40;40;39;40;40
7;7;7;6;6;7;13;21;25;27;29;35;38;38;38;39;38;38;38;39;40;40;33;21;13;9;7;6;8;11;18;24;26;28;30;31;33;33;33;33;31;31;30;29;28;27;26;25;24;22;20;18;15;15;13;12;11;11;10;9;9;9;8;8;7;8;7;6;4;4;3;3;4;6;9;13;21;26;28;29;30;30;29;28;27;28;28;26;24;20;21;23;25;25;26;29;34;40;40;39;28;28;26;19;10;3;4;15;18;17;19;20;24;30;39;37;29;30;27;19;9;4;3;5;9;11;8;10;28;40;37;28;27;28;28;27;26;25;22;18;12;8;4;3;2;2;1;2;3;3;3;3;5;7;7;25;40;40;39;40;40;40;39;40;40;40;40;40;40;39
7;7;7;6;6;8;14;22;25;27;30;34;38;39;39;38;38;38;38;39;40;40;40;27;18;12;9;7;7;9;14;22;25;28;29;30;31;33;33;33;31;31;30;29;29;27;26;25;24;23;21;19;16;15;14;12;12;10;11;10;10;9;9;8;8;9;8;6;4;3;3;4;4;6;10;14;21;26;28;29;30;30;29;28;28;28;29;27;25;22;22;22;23;24;25;30;39;40;40;40;30;27;26;24;20;9;3;5;14;16;16;19;24;28;38;37;29;28;29;25;15;7;4;3;8;13;9;7;25;39;39;29;27;27;28;27;27;25;23;19;13;8;6;3;2;2;2;1;3;3;3;4;5;6;7;22;39;40;39;40;39;40;40;39;40;39;40;39;40;40
7;7;7;6;7;9;16;24;26;28;32;34;39;39;39;38;38;38;38;40;40;40;40;30;23;16;11;8;7;8;11;18;24;27;28;30;31;31;33;34;33;33;31;30;29;28;27;25;25;24;22;20;18;16;15;13;12;11;12;11;11;10;10;9;10;10;9;6;4;3;3;4;5;6;10;15;22;26;29;30;31;31;30;30;29;29;29;27;25;24;21;22;22;21;24;33;40;39;37;38;38;28;27;26;25;16;7;3;5;14;16;18;23;28;38;38;33;29;29;27;23;12;4;2;9;20;12;3;19;38;40;29;27;27;28;28;27;25;24;20;14;10;6;4;3;2;2;1;3;3;3;4;5;6;7;19;40;39;40;40;40;39;40;40;40;40;40;40;40;40
8;7;8;6;7;11;19;24;27;29;31;37;38;39;38;38;38;38;38;40;40;40;39;31;26;20;14;10;8;8;9;15;23;25;28;29;30;33;33;33;34;33;33;30;29;28;27;26;25;24;23;21;20;18;17;14;14;13;13;12;11;11;10;11;11;11;9;6;3;3;3;4;5;7;11;15;23;26;29;30;31;33;33;33;33;30;28;27;26;24;23;22;22;16;24;38;40;37;34;38;34;33;27;27;26;23;13;6;3;5;14;18;22;27;34;39;38;34;30;28;25;16;8;6;14;24;13;2;8;30;40;33;28;27;28;28;27;26;24;21;16;11;7;5;3;2;2;1;2;3;3;4;5;6;8;16;38;40;40;39;40;40;40;40;39;40;40;40;39;40
8;8;8;7;9;13;21;25;27;29;35;37;39;39;38;38;37;38;39;40;40;40;40;31;27;23;17;13;9;8;9;12;19;24;27;28;30;31;33;33;34;33;33;31;30;29;28;27;26;25;24;22;21;19;18;16;15;14;14;12;12;11;12;12;13;12;9;6;3;3;4;5;5;8;11;16;23;27;29;30;33;34;34;37;37;33;29;27;26;24;24;23;23;20;24;39;40;33;33;37;34;38;31;28;28;25;19;11;5;3;5;15;22;26;31;39;39;38;29;28;26;18;10;5;19;25;15;5;1;22;40;38;28;28;28;28;28;26;25;22;18;13;8;5;4;3;2;1;2;3;3;4;5;6;8;13;37;40;39;40;40;39;40;40;40;40;39;40;40;40
8;8;8;8;11;16;22;25;28;30;34;37;39;38;38;37;38;38;39;40;40;40;39;31;26;24;20;15;12;9;9;11;16;23;25;28;29;30;31;33;34;33;34;31;31;29;29;27;26;25;24;24;22;21;19;18;16;15;14;13;13;13;13;14;14;13;10;6;4;3;4;6;7;9;12;18;24;27;29;30;33;36;37;39;38;37;29;27;26;24;24;24;24;24;24;38;39;31;29;26;26;34;38;30;28;26;23;17;10;6;4;6;20;25;29;39;40;38;28;28;25;17;10;4;21;26;21;6;1;8;39;39;29;28;28;28;28;27;25;23;19;14;10;6;4;3;2;2;2;3;3;4;5;6;8;12;35;40;40;39;40;40;39;40;39;40;40;40;40;40
9;9;9;9;12;20;24;26;27;32;34;38;38;38;38;37;38;38;39;40;40;40;39;31;27;24;21;18;15;12;9;10;13;19;24;26;28;29;31;33;34;34;34;31;31;30;29;28;27;26;25;24;23;22;21;19;17;16;15;15;14;14;15;15;15;14;10;7;4;4;5;7;8;11;14;19;25;27;30;30;33;34;38;39;39;38;31;28;27;25;25;25;26;27;27;38;39;29;28;24;14;23;34;33;29;28;25;23;17;11;7;3;11;24;28;38;40;34;28;27;24;16;9;5;24;27;15;5;2;5;34;40;30;28;28;28;28;27;26;24;20;15;10;7;5;3;3;2;2;3;4;4;5;6;8;11;29;40;39;40;40;40;40;40;40;40;39;40;40;40
9;9;10;11;16;21;25;26;28;30;37;38;39;38;38;37;37;39;40;40;40;40;39;30;26;24;21;19;18;15;12;10;11;15;22;25;27;29;30;34;34;34;34;31;31;31;29;29;27;27;25;25;24;23;22;21;19;17;17;16;17;17;16;17;17;15;12;8;5;4;6;8;9;12;15;20;25;28;30;31;33;34;38;39;39;38;33;29;27;26;26;26;27;29;37;40;39;28;28;23;12;8;25;37;30;29;28;26;23;18;11;5;3;20;27;38;40;34;28;27;24;16;9;5;24;24;9;6;1;8;37;40;33;28;28;29;29;28;26;25;22;16;12;8;5;4;3;3;2;3;4;4;6;6;8;9;28;40;40;39;40;39;40;39;40;40;40;40;40;40
8;10;11;13;19;23;25;27;29;32;34;38;38;38;38;38;38;39;40;40;40;40;39;30;27;24;22;19;17;19;16;12;9;12;19;24;27;29;33;36;38;38;34;33;31;30;30;28;28;27;26;26;25;24;23;22;21;19;19;18;19;18;18;18;18;16;13;10;6;5;6;8;10;13;16;21;25;28;30;33;36;34;38;39;39;38;33;30;28;28;27;27;29;33;40;40;40;28;28;24;16;9;11;29;37;30;29;28;26;24;15;6;3;7;26;38;40;31;28;26;24;17;10;7;24;19;11;6;1;9;38;40;34;29;28;29;29;28;26;25;22;18;13;9;6;4;3;3;2;3;4;4;6;6;8;9;26;40;39;40;40;40;40;40;40;39;40;40;39;40
8;11;14;16;21;24;26;27;29;31;34;37;37;38;37;38;38;39;40;40;40;40;39;30;27;24;23;20;18;19;20;19;12;12;18;23;26;28;33;37;39;39;38;34;33;30;30;29;29;27;27;26;25;24;24;23;22;21;21;21;20;20;20;19;19;18;14;11;7;6;7;9;11;14;18;22;25;28;30;34;37;37;38;39;39;38;34;30;29;28;28;29;30;38;40;40;40;30;27;26;20;11;6;20;38;38;29;29;29;25;19;10;6;2;14;38;34;29;27;26;23;18;10;6;23;17;11;5;1;11;38;38;37;29;28;29;29;28;27;25;23;19;14;10;7;5;3;3;3;3;4;5;5;6;8;9;25;40;40;39;40;39;40;39;40;40;39;40;40;40
9;12;16;19;23;25;26;27;29;31;34;37;37;37;37;38;38;39;40;40;40;40;40;31;27;25;23;21;19;19;19;22;19;14;14;23;22;27;32;37;39;39;39;38;31;30;30;29;29;28;27;27;26;25;24;24;23;22;22;22;22;21;21;20;20;19;15;12;9;8;8;10;13;15;19;22;25;28;30;36;38;37;38;38;39;38;37;31;30;29;29;29;31;39;40;40;40;39;27;27;24;14;8;6;25;39;38;29;28;27;23;15;8;4;2;19;24;26;27;25;23;17;9;4;17;15;11;4;1;13;39;37;37;29;29;29;29;28;27;25;24;20;15;11;8;5;4;3;3;3;4;4;5;6;9;9;23;40;39;40;40;40;40;40;40;39;40;40;40;40
9;14;19;22;24;25;26;28;29;31;34;34;37;37;37;38;38;40;40;40;40;40;39;33;27;25;23;21;20;19;19;21;23;19;16;18;21;23;28;38;39;40;39;39;34;30;31;31;29;29;28;28;26;26;24;24;24;24;23;23;23;22;21;21;21;20;17;14;11;10;9;11;13;15;19;23;25;27;30;34;37;38;38;38;38;38;37;31;30;30;29;30;33;39;40;40;40;40;32;27;27;21;11;6;7;27;40;37;28;28;25;20;11;5;3;3;6;11;23;25;22;17;9;3;12;15;10;2;1;17;40;38;33;30;28;29;29;29;27;26;24;21;16;12;9;6;4;3;3;3;3;4;5;6;8;9;21;40;39;40;40;39;40;39;40;40;40;39;40;40
9;16;21;23;25;26;27;29;30;31;34;34;34;34;37;38;38;39;40;40;40;40;40;33;27;25;24;22;20;19;19;20;23;23;23;22;22;24;27;37;39;40;40;39;37;31;31;33;30;30;29;28;27;26;25;24;24;24;24;23;23;22;22;21;21;20;18;16;13;11;11;12;14;17;20;23;25;27;30;33;37;37;38;38;38;38;38;33;31;30;30;31;34;38;40;40;40;40;40;28;27;26;17;9;6;7;27;40;33;26;26;23;14;6;4;3;2;2;9;18;19;17;10;4;7;15;7;2;1;21;40;39;31;30;28;29;29;29;27;26;25;22;18;14;10;7;5;4;3;3;3;4;5;6;8;10;19;39;40;40;40;40;40;40;40;39;40;40;40;40
10;19;23;24;26;27;28;29;30;33;34;33;34;34;37;38;38;40;40;40;40;40;40;34;28;26;24;22;19;18;19;20;22;24;25;27;32;36;37;39;40;39;40;38;34;33;33;33;31;30;29;28;27;26;25;25;25;24;24;24;23;23;22;21;21;20;20;18;16;14;13;14;16;19;21;23;25;27;29;31;33;34;37;38;38;38;37;34;33;31;33;31;34;38;39;40;40;40;40;37;27;27;24;15;8;4;6;30;40;28;25;25;20;11;5;4;2;1;3;8;13;14;10;4;4;5;4;2;1;23;40;39;33;29;29;29;29;29;28;26;25;23;20;15;11;8;6;4;4;3;3;4;5;6;8;9;17;38;40;40;39;40;40;39;40;40;40;40;40;40
12;21;24;26;27;28;28;30;31;33;33;33;33;34;37;37;38;40;40;40;40;40;40;37;28;26;24;22;18;14;15;19;21;23;24;26;28;33;38;38;38;37;37;34;33;33;33;31;31;30;30;29;27;26;26;25;25;25;24;24;23;23;21;20;20;20;20;20;19;18;17;18;18;20;22;23;25;26;28;30;31;33;37;37;38;38;37;34;34;33;34;34;34;37;38;39;40;39;40;40;28;27;28;23;12;6;2;10;38;39;25;25;24;16;9;5;2;1;2;5;9;11;10;5;3;3;5;2;1;17;40;40;38;29;29;28;29;29;28;27;25;24;20;15;12;9;7;5;5;4;3;4;4;6;8;9;15;37;40;39;40;40;39;40;40;39;40;40;40;40
14;23;26;27;27;27;29;30;33;33;33;33;33;33;37;37;39;40;40;40;40;40;40;38;29;26;24;23;17;12;10;13;19;22;23;25;26;27;28;29;29;30;30;34;33;33;34;33;33;31;30;29;28;27;26;26;26;25;25;24;24;22;22;20;20;19;19;19;19;18;19;20;19;20;23;23;25;26;27;28;29;31;33;34;34;37;34;34;34;38;38;38;38;37;37;39;39;39;39;39;37;27;29;27;21;10;3;1;13;38;27;24;24;22;14;6;3;2;2;4;6;9;8;5;4;2;3;1;1;12;39;40;39;30;28;29;29;29;29;27;25;24;22;17;13;10;7;6;6;4;4;4;4;5;7;9;13;35;40;40;40;40;40;39;40;40;40;40;40;40
16;25;27;27;27;28;29;30;33;33;31;31;31;34;37;37;39;40;40;40;40;40;40;40;30;27;25;24;19;12;7;7;12;20;23;24;25;26;26;26;27;28;29;31;33;34;33;33;33;33;31;30;28;28;27;27;26;26;25;25;24;23;22;20;20;19;19;17;17;17;19;20;20;21;22;23;24;25;27;28;28;29;30;30;33;33;31;30;33;40;38;33;38;39;39;39;39;39;39;39;40;29;27;28;25;18;6;2;1;18;31;25;24;24;20;10;4;2;3;3;5;7;8;4;3;3;2;2;1;9;39;39;40;31;28;29;29;29;29;27;26;25;22;18;14;11;8;7;6;5;4;4;4;6;7;8;10;29;40;40;39;40;40;40;40;39;40;40;40;40
19;26;27;27;28;28;29;30;31;33;31;30;33;34;37;37;39;40;40;40;40;40;40;40;33;27;26;24;21;14;7;6;7;13;21;23;24;25;25;26;26;27;28;30;33;33;33;33;33;33;31;31;30;28;28;28;27;27;27;25;25;24;23;22;22;21;19;18;18;18;18;20;20;21;22;23;24;25;26;27;27;28;29;29;30;30;30;30;39;40;34;34;28;33;39;38;39;39;39;40;39;40;29;27;27;23;12;4;1;1;17;27;25;25;22;15;7;3;3;4;5;6;6;4;2;2;3;2;1;10;39;39;40;34;29;28;29;29;29;28;27;25;23;19;14;12;9;8;7;5;4;4;4;5;7;8;10;26;40;39;40;40;40;39;40;40;40;40;40;40
22;26;27;27;28;28;32;31;31;31;31;30;31;34;34;34;39;40;40;40;40;40;40;40;38;28;26;26;24;19;10;7;6;8;15;22;24;25;25;25;24;25;27;28;30;31;34;34;34;33;33;31;30;30;29;29;28;28;27;26;26;25;24;23;23;23;22;21;20;20;19;20;20;22;22;23;24;26;26;27;27;28;29;29;29;30;31;37;40;40;33;33;26;26;34;37;38;39;40;40;40;40;40;28;27;26;20;9;3;1;1;8;22;23;19;16;13;6;4;5;6;5;4;3;2;2;2;3;1;10;39;39;40;38;29;28;29;29;30;28;27;25;24;20;16;12;10;9;8;6;4;4;5;5;6;8;9;23;40;40;40;39;40;40;40;40;40;40;40;40
24;26;27;28;29;29;30;31;31;31;30;31;31;33;34;34;40;40;40;40;40;40;40;40;40;30;27;26;25;23;15;8;7;7;10;17;23;24;24;25;25;25;26;28;30;31;33;34;34;33;33;31;30;30;30;30;29;29;29;27;27;26;26;25;25;24;24;23;22;21;21;20;21;22;23;23;24;26;26;27;28;28;29;30;31;33;37;39;40;40;37;29;24;22;29;34;34;38;38;40;40;40;40;39;27;27;26;18;7;1;1;1;6;13;13;11;13;9;6;7;7;6;5;3;2;2;2;4;1;12;39;39;40;39;29;29;29;29;30;29;28;26;24;22;17;13;11;10;9;7;5;5;5;5;6;7;8;21;39;39;40;40;40;39;40;40;40;40;40;40
24;27;27;28;29;30;32;31;31;31;30;30;31;33;33;34;40;40;40;40;40;40;40;40;40;38;28;26;26;24;21;13;7;7;9;12;18;23;24;24;24;24;26;28;30;31;34;34;34;34;33;31;31;30;30;30;30;30;29;29;28;27;27;26;25;25;25;24;23;23;22;22;21;22;22;23;25;25;27;27;28;28;29;31;33;37;39;40;40;40;38;27;21;16;25;31;31;34;38;39;40;40;40;40;39;27;27;24;15;5;2;1;3;7;8;8;10;10;6;9;9;7;6;4;3;2;2;3;2;12;39;39;40;40;29;28;29;29;30;29;28;26;24;22;19;14;12;11;10;8;6;5;5;6;6;7;9;15;38;40;40;39;40;40;40;40;39;40;40;40
25;26;27;28;29;30;31;31;31;30;30;31;31;33;31;38;40;40;40;40;40;40;40;40;40;40;30;26;25;25;24;19;11;7;8;10;14;19;23;24;24;24;25;27;30;33;34;37;37;34;34;33;31;31;30;30;29;30;29;29;28;28;27;27;26;26;25;25;24;24;24;23;22;22;22;22;24;25;26;27;28;29;29;31;34;38;40;40;40;40;33;26;18;10;15;26;30;31;31;38;40;40;40;40;40;31;27;27;24;13;5;1;3;5;7;6;6;9;6;8;10;7;6;4;3;2;2;3;2;10;39;40;39;40;33;28;29;29;30;29;28;27;25;23;20;16;13;11;11;10;7;6;6;6;6;6;9;12;30;40;39;40;40;39;40;40;40;40;40;40
25;26;27;27;29;29;30;31;30;30;30;31;31;31;31;39;40;40;40;40;40;40;40;40;40;40;40;28;26;24;24;22;15;9;8;9;11;15;19;22;23;24;24;26;28;33;37;37;34;37;34;33;31;30;30;29;29;29;29;28;28;28;27;27;26;26;26;25;25;25;25;23;22;21;19;20;22;24;25;26;27;27;29;30;33;38;40;40;40;40;34;27;24;13;8;11;23;28;30;34;40;40;40;40;39;37;29;29;27;24;12;4;3;5;7;6;4;6;7;6;9;7;7;4;3;2;2;4;2;10;38;40;38;40;38;28;29;29;30;29;29;27;25;23;21;17;14;13;12;11;7;7;7;5;6;6;8;10;26;40;40;40;40;40;40;40;40;40;40;40
25;26;27;28;28;29;30;30;30;30;30;31;31;30;33;40;40;40;40;40;40;40;40;40;40;40;40;37;27;25;24;23;19;12;7;7;9;12;15;18;20;22;23;24;27;30;34;34;34;34;34;33;33;30;30;29;29;29;28;28;28;27;27;27;26;26;26;26;26;26;25;23;21;17;15;15;19;22;24;25;26;26;27;28;30;33;40;40;40;40;39;29;28;24;14;10;10;16;27;34;37;35;29;26;25;30;33;31;29;27;23;13;6;6;8;7;5;4;5;6;7;7;6;4;3;2;2;3;2;9;37;40;39;40;39;29;29;29;29;30;29;27;26;24;21;19;15;14;13;11;9;7;7;6;6;6;7;9;20;39;39;40;40;40;40;40;40;40;40;40
25;26;27;28;28;30;30;30;30;30;30;31;31;30;37;40;40;40;40;40;40;40;40;40;40;40;40;40;30;26;24;23;21;14;8;7;7;9;12;14;16;19;21;23;25;29;31;33;34;34;34;33;33;30;30;30;29;29;28;28;28;28;27;27;26;26;26;26;26;26;24;23;19;15;12;12;15;19;22;23;24;25;25;26;28;30;37;39;40;40;40;39;30;27;25;18;10;5;8;13;11;9;9;13;17;24;28;31;29;27;25;23;14;8;10;9;7;5;5;5;6;7;6;5;2;3;2;3;2;9;37;39;38;40;40;30;28;29;30;30;29;28;26;24;22;19;17;15;15;13;9;8;7;6;7;5;7;9;14;36;40;40;40;40;40;40;40;40;40;40
25;26;27;28;28;29;30;30;30;30;30;30;30;31;39;40;40;40;40;40;40;40;40;40;40;40;40;40;34;27;24;23;21;17;9;6;6;7;9;11;13;14;16;21;24;27;29;31;33;33;34;33;33;31;31;30;30;29;29;29;28;28;27;26;26;26;26;26;26;25;24;22;18;14;11;10;14;18;21;23;23;24;24;25;26;27;30;37;40;40;40;40;39;30;28;26;20;7;1;1;3;5;5;6;6;11;22;25;25;25;23;21;22;13;10;11;9;6;5;5;6;6;7;5;3;3;2;2;2;9;34;39;38;40;40;34;28;29;29;30;29;28;26;24;22;20;18;17;17;15;10;9;8;7;7;5;6;9;12;26;40;40;39;40;39;40;40;40;40;40
25;25;27;27;29;29;30;30;30;30;30;30;30;31;40;40;40;40;40;40;40;40;40;40;40;40;40;40;39;28;25;23;22;19;12;7;6;6;7;8;9;11;14;17;22;24;27;29;31;33;33;34;33;33;31;31;31;30;30;29;28;28;27;27;26;26;25;25;26;25;24;23;19;14;12;11;15;18;21;22;23;24;23;23;24;26;27;29;33;39;40;40;40;39;30;29;26;15;5;4;2;1;1;2;2;5;14;18;18;18;19;15;18;20;12;11;10;7;6;6;6;7;7;6;3;3;2;2;2;7;36;38;37;40;40;39;28;29;30;30;29;28;27;24;23;21;19;19;20;18;14;10;9;7;7;5;6;8;11;20;39;40;40;40;40;40;40;40;40;40
25;25;27;28;28;29;30;30;30;30;30;30;30;37;40;40;40;40;40;40;40;40;40;40;40;40;40;40;39;29;25;24;23;21;15;9;6;6;6;7;8;9;11;14;19;23;25;28;29;31;33;33;34;33;33;31;31;31;30;29;29;28;27;27;25;25;25;24;24;24;24;22;19;15;14;14;16;20;22;23;23;23;23;23;24;24;26;27;29;31;37;39;40;40;39;30;28;22;16;14;11;8;6;5;4;6;13;14;13;13;13;12;9;15;19;13;11;9;7;8;7;6;7;6;4;3;2;2;2;7;33;39;38;39;40;40;29;28;29;30;30;28;26;25;23;21;20;20;21;21;19;13;10;8;7;6;7;8;10;13;27;40;39;40;40;40;40;40;40;40
25;25;27;27;29;29;30;30;30;31;30;30;30;39;40;40;40;40;40;40;40;40;40;40;40;40;40;40;40;30;25;25;24;23;18;11;7;6;6;6;7;8;9;12;15;21;24;27;28;30;31;33;33;34;33;33;31;31;30;30;29;29;28;26;25;25;24;23;23;23;23;22;21;19;17;18;20;22;23;24;24;23;24;23;23;24;24;26;27;28;29;30;33;33;37;37;30;27;25;24;23;17;14;11;11;9;10;12;14;12;13;13;8;8;15;15;13;10;8;9;9;7;6;6;4;3;2;2;2;7;35;39;34;40;40;40;31;28;29;30;30;29;27;25;22;20;21;22;23;23;23;18;12;10;8;6;7;7;9;12;21;39;40;40;40;40;40;40;40;40
26;26;26;27;28;29;30;30;31;30;30;30;33;40;40;40;40;40;40;40;40;40;40;40;40;40;40;40;40;33;26;24;24;24;21;14;9;7;6;6;7;7;9;10;14;19;23;26;28;30;31;33;33;33;34;33;33;33;31;30;30;29;28;26;26;24;24;22;22;21;21;22;22;22;21;22;23;24;24;24;25;24;25;24;24;24;24;25;25;26;26;27;27;27;27;28;28;29;31;30;28;25;22;21;22;19;16;12;11;12;13;15;12;9;11;14;14;11;8;8;10;10;7;6;4;2;3;2;2;6;30;38;38;40;40;40;33;28;30;30;30;29;27;25;23;22;23;24;24;25;24;22;14;11;10;8;6;7;8;11;15;32;40;39;40;40;40;40;40;40
28;27;27;28;28;30;30;30;30;30;30;30;34;40;40;40;40;40;40;40;40;40;40;40;40;40;40;40;40;37;26;24;24;24;23;19;12;8;7;6;7;7;8;9;12;16;22;25;27;29;31;33;34;33;33;33;33;33;33;31;30;29;28;27;25;24;23;22;20;20;20;20;22;23;23;24;24;25;25;25;25;26;26;25;25;24;25;25;25;25;25;25;25;25;24;24;25;26;27;29;35;39;37;27;27;25;24;23;15;15;15;15;15;13;11;13;14;12;9;7;9;11;7;6;5;2;3;2;2;5;29;38;38;40;40;40;38;28;30;30;31;29;27;25;23;24;26;26;26;26;26;24;18;13;11;10;8;7;7;10;12;25;40;40;40;40;40;40;40;40
30;32;29;28;29;30;30;31;31;30;30;30;39;40;40;40;40;40;40;40;40;40;40;40;40;40;40;40;40;38;27;25;24;24;23;21;14;10;8;7;7;7;8;8;10;13;19;24;27;29;31;33;34;34;33;34;33;34;33;31;31;30;28;27;26;24;23;22;20;19;19;19;20;22;23;24;25;25;25;25;26;26;26;27;26;26;25;24;25;24;23;23;23;23;23;23;22;22;23;23;26;30;40;39;29;28;26;25;23;20;17;14;14;15;14;14;15;14;10;7;9;10;8;6;5;3;3;2;3;3;26;38;39;40;40;40;38;29;29;30;31;30;28;26;24;26;28;28;27;27;27;25;22;14;12;11;10;9;7;9;12;21;37;40;40;40;40;40;40;40
30;33;34;34;31;30;31;31;31;30;30;31;39;40;40;40;40;40;40;40;40;40;40;40;40;40;40;40;40;39;27;25;24;24;23;21;16;12;9;8;7;8;7;8;9;11;15;22;26;29;31;33;33;34;34;34;34;34;34;33;31;30;29;28;27;24;23;22;20;19;18;18;19;20;22;23;24;25;25;26;26;26;27;27;26;26;25;24;24;24;22;21;20;19;17;17;15;14;15;17;20;24;31;40;38;31;31;29;25;23;19;14;13;14;16;18;18;16;11;8;8;10;9;6;6;3;3;3;3;2;23;38;40;40;40;40;40;29;29;30;31;30;28;26;26;28;30;28;28;29;27;26;25;18;11;11;9;7;8;8;11;17;35;40;39;40;40;40;40;40
31;31;34;39;39;37;34;33;33;31;30;34;40;40;40;40;40;40;40;40;40;40;40;40;40;40;40;40;40;40;28;24;24;24;23;22;18;14;10;8;7;7;7;7;8;9;12;20;25;28;30;33;33;34;34;34;34;34;34;34;31;31;30;29;27;25;24;22;20;19;18;17;17;18;19;22;23;24;25;25;25;26;26;26;25;25;24;24;23;22;20;17;14;12;11;10;9;9;8;10;14;19;26;37;40;34;31;33;29;26;22;15;12;11;14;18;20;19;13;10;8;10;10;7;6;4;3;3;3;2;15;38;40;40;40;40;40;30;29;30;30;29;28;27;28;31;30;29;30;29;28;27;26;22;11;9;7;6;8;8;10;14;29;40;40;40;40;39;40;40
30;31;33;38;39;39;38;37;34;31;30;37;40;40;40;40;40;40;40;40;40;40;40;40;40;40;40;40;40;40;29;25;24;24;23;23;20;16;12;9;8;7;8;7;8;9;12;16;24;28;30;31;33;33;33;33;33;34;33;34;33;31;30;29;28;26;25;23;22;19;17;15;15;15;17;19;22;23;24;25;25;26;26;25;25;24;23;23;21;20;17;13;11;9;8;7;6;6;5;6;9;14;22;27;39;40;34;31;30;28;25;21;16;13;12;15;19;20;16;11;9;10;10;8;5;4;3;3;3;2;7;35;40;40;40;40;40;31;29;29;30;29;28;27;29;34;30;30;33;30;28;26;25;24;14;8;7;8;7;9;10;13;27;40;40;39;40;40;40;40
29;30;31;34;39;39;39;37;34;31;31;38;40;40;40;40;40;40;40;40;40;40;40;40;40;40;40;40;40;40;30;25;24;23;22;22;21;18;14;11;9;8;8;8;8;9;11;14;22;26;29;31;33;33;33;30;31;30;31;31;33;31;31;29;28;27;26;24;22;20;17;15;14;14;14;17;20;23;24;26;26;26;26;25;24;24;23;22;20;17;14;12;10;8;7;5;4;5;5;5;7;10;15;23;29;39;40;31;30;28;26;24;21;16;13;13;16;19;18;13;10;9;9;8;5;4;3;3;3;3;3;24;40;40;40;40;40;31;29;30;29;28;28;28;31;34;31;33;34;30;28;27;25;25;19;8;5;7;7;8;10;12;24;39;40;40;40;40;40;40
28;29;31;31;37;39;39;37;34;34;33;38;40;40;40;40;40;40;40;40;40;40;40;40;40;40;40;40;40;40;33;25;23;21;18;20;20;19;15;13;10;9;8;8;8;9;11;13;19;25;28;31;31;33;31;30;30;29;29;30;30;30;30;29;28;27;26;24;22;20;17;15;13;13;13;15;19;22;25;26;27;27;27;25;25;23;22;21;19;17;13;11;9;8;6;5;4;4;4;4;5;7;12;17;24;29;40;39;31;29;27;26;24;21;16;14;16;18;19;15;11;9;9;7;5;4;4;3;3;3;3;11;39;40;40;40;40;33;29;30;30;29;28;28;31;34;34;37;33;30;28;26;25;25;21;8;6;7;6;6;9;13;23;39;40;40;40;40;40;40
28;28;30;31;33;38;38;38;37;38;37;39;40;40;40;40;40;40;40;40;40;40;40;40;40;40;40;40;40;40;37;25;24;18;15;15;18;18;16;14;12;11;9;8;9;9;11;13;18;23;27;30;31;33;33;30;29;29;29;29;29;29;29;29;28;27;25;24;22;20;17;14;13;12;13;14;18;22;25;27;28;28;27;26;25;24;23;22;19;17;14;11;9;8;6;5;4;4;3;4;4;6;9;12;16;24;29;40;39;31;29;27;26;25;22;19;16;18;18;16;13;10;9;7;6;5;4;3;3;3;3;3;27;40;40;40;40;30;29;29;29;28;28;28;34;34;34;34;31;29;28;26;25;24;23;10;8;7;7;6;9;11;22;39;40;40;40;40;40;40
27;28;29;31;34;34;37;37;37;38;38;38;40;40;40;40;40;40;40;40;40;40;40;40;40;40;40;40;40;40;39;26;23;18;13;13;15;16;16;14;12;11;10;9;9;11;12;15;18;22;26;28;32;33;33;31;30;29;29;29;29;28;29;28;27;27;25;24;22;19;17;14;13;12;12;14;18;22;25;27;28;29;28;27;26;24;23;22;20;17;14;12;10;8;6;5;4;4;4;4;4;5;7;9;12;17;23;29;40;38;31;30;28;26;26;24;21;19;19;18;15;12;9;7;6;5;4;3;3;3;3;2;15;40;40;40;40;31;30;29;27;28;28;29;34;34;34;34;31;29;28;26;25;24;23;12;7;7;8;7;7;11;18;38;40;40;40;40;40;40
27;28;29;30;34;37;37;37;37;37;37;38;40;40;40;40;40;40;40;40;40;40;40;40;40;40;40;40;40;40;40;27;23;17;13;12;12;14;16;15;13;11;11;11;10;12;14;18;20;22;25;27;29;31;33;33;31;30;29;29;29;28;28;28;27;26;25;24;22;19;17;15;13;12;12;13;17;23;25;28;29;30;29;28;27;25;24;22;20;18;14;13;11;8;7;5;4;4;4;4;5;5;7;8;10;12;17;24;29;40;39;31;29;28;28;27;25;23;20;19;16;13;10;8;6;6;5;4;3;3;3;3;5;31;40;40;40;30;30;29;26;27;28;29;33;34;34;34;31;29;28;26;25;24;23;14;8;8;8;7;8;10;16;34;40;40;40;40;40;40
27;27;29;30;33;34;38;37;38;37;37;38;40;40;40;40;40;40;40;40;40;40;40;40;40;40;40;40;40;40;40;29;22;18;13;12;12;12;14;15;13;12;11;11;11;14;17;21;23;23;24;26;28;31;33;33;33;31;30;29;29;29;28;28;27;26;25;24;22;21;17;15;14;13;13;14;18;22;26;28;30;30;30;28;27;25;24;23;21;19;17;14;12;10;8;6;5;4;4;5;4;6;7;7;8;10;13;19;25;30;40;40;34;30;32;30;28;25;23;20;18;15;11;9;6;6;5;4;3;3;3;3;2;24;40;40;40;30;30;29;27;27;27;28;31;33;37;33;31;29;28;26;25;24;23;15;9;8;8;8;8;10;15;31;40;40;40;40;40;40
26;28;28;30;31;33;37;37;37;37;38;38;40;40;40;40;40;40;40;40;40;40;40;40;40;40;40;40;40;40;29;27;26;19;14;12;12;12;12;14;14;12;10;11;12;15;20;24;24;24;24;25;27;29;33;33;33;31;31;30;29;29;29;28;27;26;25;24;23;21;19;15;15;14;14;15;20;23;26;28;30;31;30;29;27;26;25;24;22;20;19;15;14;11;9;7;6;5;4;5;5;6;7;7;8;9;11;15;21;26;33;40;40;37;34;34;32;28;25;23;20;16;13;10;7;6;5;5;4;3;3;3;3;16;40;40;40;29;30;30;29;27;26;27;30;31;34;33;31;29;28;26;25;24;23;15;10;9;7;7;7;10;15;30;40;40;40;40;40;40
27;27;28;29;31;33;34;34;37;37;38;38;40;40;40;40;40;40;40;40;40;40;40;40;40;40;40;40;40;40;26;28;31;22;15;13;12;12;12;12;14;13;11;11;12;15;22;25;26;26;25;25;26;27;31;33;33;34;33;30;30;29;29;28;27;27;25;24;23;21;19;17;15;15;16;18;21;24;27;29;30;31;30;29;28;26;25;24;23;22;20;18;15;13;10;9;7;6;5;5;6;6;6;7;7;8;10;12;19;25;28;39;40;40;34;37;33;30;27;24;21;17;14;11;9;7;6;5;4;4;3;3;3;9;38;40;40;29;30;30;30;29;28;28;30;33;33;33;30;29;28;27;25;24;23;17;10;9;8;7;8;10;15;30;40;40;40;40;40;40
26;27;28;29;30;31;34;34;37;38;38;39;39;40;40;40;40;40;40;40;40;40;40;40;40;40;40;40;40;40;25;30;38;26;17;14;13;13;12;12;13;14;12;12;13;16;23;26;27;27;27;26;25;26;28;31;34;34;33;33;30;30;29;28;28;26;26;24;23;22;20;19;18;18;19;20;23;25;27;29;30;31;31;29;27;27;25;24;23;23;21;20;18;15;12;10;8;7;6;6;6;6;6;7;8;8;9;11;16;23;26;34;40;40;37;34;34;35;28;25;22;18;14;12;10;8;7;5;4;4;3;3;4;5;28;40;39;29;30;30;30;29;29;29;30;33;33;33;30;29;28;27;25;25;23;17;11;9;8;8;8;11;16;30;40;40;40;40;40;40
26;27;28;29;30;31;34;34;37;38;39;38;38;40;40;40;40;40;40;40;40;40;40;40;40;40;40;40;40;39;25;30;39;28;20;14;14;14;13;13;14;14;14;13;14;19;24;27;28;29;27;26;26;25;27;30;33;37;37;34;31;31;29;28;27;27;26;25;23;23;21;21;20;21;21;23;24;26;28;29;31;31;30;29;28;27;26;25;24;23;22;21;19;16;13;11;9;8;8;7;7;7;8;7;8;8;10;11;15;22;25;31;40;40;39;34;34;33;29;26;23;19;14;13;11;9;8;6;5;4;4;3;4;4;23;40;40;29;30;30;30;28;29;30;31;31;33;31;30;29;28;26;26;24;23;18;10;9;8;7;8;10;15;28;40;40;40;40;40;40
26;27;27;29;30;31;34;34;37;38;38;38;38;40;40;40;40;40;40;40;40;40;40;40;40;40;40;40;40;32;22;33;39;30;22;15;13;13;14;15;16;16;16;16;18;22;24;27;28;29;29;27;26;26;26;28;33;37;37;37;34;31;30;29;28;27;26;25;24;24;23;22;23;23;23;24;25;27;28;30;30;31;30;29;29;27;26;25;25;24;23;22;20;18;16;13;12;10;9;9;9;9;9;8;9;9;11;12;15;22;25;30;40;40;40;34;34;34;35;28;24;20;15;13;12;11;9;8;6;5;4;4;3;4;15;39;40;30;30;30;30;29;28;30;31;31;33;31;30;28;28;27;25;25;23;18;10;8;8;7;8;10;16;27;40;40;40;40;40;40
25;26;28;28;30;31;33;34;37;38;37;38;37;39;40;40;40;40;40;40;40;40;40;40;40;40;40;40;40;24;24;34;39;33;23;16;12;12;13;15;18;20;22;22;23;25;26;27;29;29;29;28;27;25;26;28;32;34;37;37;34;33;30;29;28;27;26;25;25;24;24;24;24;24;24;25;26;28;28;30;30;30;31;30;29;28;27;26;25;25;24;23;22;20;19;16;14;12;11;10;10;10;9;10;9;11;11;13;18;22;26;30;40;40;40;34;34;34;34;30;26;22;16;15;14;12;11;9;7;6;5;4;3;4;8;30;40;30;30;30;30;29;29;30;31;31;33;31;30;29;28;26;26;25;23;17;11;8;7;7;8;11;15;27;40;40;40;40;40;40
25;26;27;28;29;31;33;34;37;38;37;38;37;40;40;40;40;40;40;40;40;40;40;40;40;40;40;40;29;18;27;34;39;37;23;18;12;11;13;16;22;24;25;27;27;28;28;28;29;28;28;28;27;26;27;28;30;34;37;37;37;34;31;29;28;27;26;25;25;24;24;24;24;25;25;26;27;28;29;29;30;30;30;30;29;28;28;27;26;25;25;24;23;22;21;19;16;14;12;11;10;10;10;10;10;11;13;15;19;23;26;31;40;40;40;34;34;34;33;32;28;24;21;19;16;14;12;9;8;7;5;4;4;4;6;24;40;31;30;30;30;29;29;31;31;31;33;31;30;29;28;26;26;24;23;17;11;8;7;6;8;12;15;26;40;40;40;40;40;40
24;26;28;28;29;31;33;34;37;37;37;38;37;38;40;40;40;40;40;40;40;40;40;40;40;40;40;40;24;21;28;34;39;38;24;21;18;20;23;24;26;26;27;27;28;31;37;34;31;28;27;27;26;27;28;29;31;34;37;38;37;34;31;29;28;27;26;25;25;24;25;25;24;25;25;26;27;27;28;30;30;30;30;30;29;29;28;28;27;26;26;25;24;23;22;20;18;15;13;11;11;11;11;11;12;14;16;18;21;24;27;31;40;40;40;37;34;33;30;29;28;26;23;21;20;15;12;10;8;7;6;4;4;4;6;16;38;33;30;30;30;29;29;31;31;31;33;31;30;29;28;26;26;24;23;18;10;9;7;6;8;12;17;25;40;40;40;40;40;40
25;26;27;29;29;31;33;34;37;37;37;38;37;39;40;40;40;40;40;40;40;40;40;40;40;40;40;36;20;24;29;34;39;39;25;25;26;26;26;25;23;23;23;23;24;28;39;40;39;35;27;26;26;26;28;30;33;34;37;37;37;34;31;29;28;26;26;25;24;24;24;24;24;24;25;25;26;28;28;29;30;30;30;29;29;28;28;27;27;26;25;25;24;23;22;20;17;15;13;12;12;11;11;12;12;15;17;20;22;24;27;31;40;40;40;39;33;33;29;28;27;27;25;22;20;17;12;10;9;7;6;5;4;4;5;11;28;37;30;30;30;30;30;33;31;33;33;31;30;29;28;26;26;24;23;17;10;8;8;7;7;12;18;24;40;40;40;40;40;40
25;26;27;28;30;31;33;34;37;37;37;38;38;37;40;40;40;40;40;40;40;40;40;40;40;40;40;29;20;27;31;37;40;26;24;25;24;23;21;17;14;15;18;15;14;24;33;40;40;39;30;27;25;26;27;30;31;33;34;37;34;34;30;28;27;26;25;24;23;22;22;22;22;23;23;24;26;27;28;29;29;30;29;29;28;28;27;27;26;26;25;24;23;21;20;18;15;14;12;11;11;11;12;12;14;15;17;20;21;24;26;31;40;40;40;39;34;33;29;27;27;26;26;24;21;17;13;10;9;7;6;5;3;4;5;8;24;34;30;31;31;30;30;33;33;33;33;31;30;29;27;27;25;24;23;16;10;8;7;7;9;12;19;24;39;40;40;40;40;40
26;26;28;28;29;31;34;37;37;34;37;38;38;37;40;40;40;40;40;40;40;40;40;40;40;40;40;25;22;28;30;37;30;16;21;20;16;13;11;10;9;12;15;11;10;20;27;34;40;40;38;28;24;24;27;28;31;33;34;34;34;31;30;28;27;25;24;23;22;20;19;19;19;20;21;23;25;26;28;28;29;30;29;28;27;27;26;26;25;24;24;23;22;20;17;15;14;12;11;11;10;11;11;12;12;13;15;18;20;24;26;31;39;40;40;40;34;34;30;27;26;26;26;25;23;19;14;11;9;8;7;5;4;3;5;7;17;29;33;30;31;30;30;33;33;33;33;31;30;29;27;27;26;24;22;16;11;8;7;7;9;12;17;23;39;40;40;40;40;40
27;27;27;29;29;31;34;37;37;34;37;38;37;37;40;40;40;40;40;40;40;40;40;40;40;40;40;22;23;29;37;33;21;10;17;14;11;11;10;12;17;22;23;22;21;23;28;34;40;40;40;31;25;24;26;29;30;33;33;33;33;30;29;27;26;25;23;22;20;17;15;15;15;15;18;21;23;26;27;28;30;30;29;28;27;27;26;25;24;24;23;22;20;18;15;13;11;10;10;9;9;10;10;10;11;12;14;15;20;23;26;29;39;40;40;40;37;34;31;27;25;25;25;25;24;21;15;12;9;8;7;6;4;4;4;6;13;28;33;31;31;31;31;33;33;33;31;31;30;29;27;27;26;25;22;16;12;7;7;8;8;13;15;22;38;40;40;40;40;40
27;27;28;28;30;30;34;37;37;37;37;38;37;37;40;40;40;40;40;40;40;40;40;40;40;40;35;19;25;29;39;28;9;10;21;22;17;16;21;24;27;28;28;28;29;28;30;38;40;40;40;36;27;23;25;29;31;33;33;33;31;30;29;27;26;25;23;21;19;16;14;13;12;14;15;19;22;25;27;28;30;30;30;29;27;27;26;25;24;24;23;21;18;16;13;11;9;8;8;7;7;8;8;9;10;11;13;14;18;22;25;28;38;40;40;40;38;34;33;28;26;24;25;25;25;22;18;13;10;8;7;6;4;4;4;6;11;26;33;31;31;31;31;33;34;31;31;31;29;29;27;27;26;24;22;17;12;8;7;8;9;12;16;22;37;40;40;40;40;40
27;27;28;28;30;31;34;37;37;37;37;38;37;37;40;40;40;40;40;40;40;40;40;40;40;40;27;22;27;27;38;23;7;12;24;25;24;25;28;34;39;39;39;39;39;39;39;40;40;40;40;33;26;23;25;29;33;33;34;33;31;30;28;28;26;24;23;21;18;14;13;12;11;12;13;16;21;24;27;29;30;31;31;29;28;27;26;25;24;23;22;20;17;14;11;10;8;7;6;6;6;6;8;8;9;10;11;13;15;21;24;27;34;40;40;40;39;34;34;29;26;24;24;25;24;23;20;14;11;9;7;6;4;4;4;5;9;25;34;31;31;31;33;33;33;31;31;31;29;28;28;27;25;24;22;19;13;8;7;8;9;11;14;23;38;40;40;40;40;40
28;27;28;28;30;31;34;37;38;37;37;38;34;38;40;40;40;40;40;40;40;40;40;40;40;39;22;24;31;34;28;11;8;19;26;26;26;26;34;40;40;40;39;38;38;38;38;39;40;39;38;30;25;23;26;29;31;34;34;34;33;30;29;27;26;24;23;20;17;13;11;10;10;10;12;15;20;24;27;29;31;33;30;29;28;27;26;25;24;23;21;20;16;13;11;9;7;6;5;5;6;6;7;8;9;9;10;12;14;19;23;26;30;40;40;40;40;34;37;30;27;24;23;24;25;24;22;16;13;10;7;6;5;4;4;5;7;23;34;31;33;33;33;33;34;33;31;31;30;28;27;27;26;24;21;19;15;9;7;8;9;11;14;21;38;40;40;40;40;40
28;27;27;29;30;33;34;37;38;37;37;38;34;37;40;40;40;40;40;40;40;40;40;40;40;28;23;26;27;26;14;7;12;23;27;26;27;31;40;39;40;39;39;37;33;33;33;33;31;33;30;27;25;26;27;32;33;34;34;34;33;30;29;27;26;25;23;20;17;13;11;10;9;10;11;15;20;25;27;29;33;33;31;29;28;28;26;25;24;23;22;19;15;13;10;9;7;6;5;6;6;6;8;7;8;9;9;10;12;15;20;25;28;38;40;40;40;34;34;33;27;25;23;24;24;24;22;19;14;11;9;6;5;4;4;4;7;19;31;33;33;33;33;34;34;31;31;31;29;29;27;27;25;23;21;18;14;9;7;8;9;11;15;22;38;40;40;40;40;40
28;28;28;29;30;33;34;38;38;37;37;38;37;37;40;40;40;40;40;40;40;40;40;40;38;22;23;22;20;13;9;11;15;25;27;27;27;38;40;39;40;40;39;37;34;33;31;30;29;28;27;26;27;28;29;30;33;34;37;34;34;31;29;28;26;25;23;20;17;15;12;11;10;11;12;15;20;25;28;30;33;34;31;30;29;27;27;26;25;23;22;20;15;13;11;9;7;7;6;6;6;6;7;7;7;8;8;9;10;13;18;24;27;34;40;40;40;37;34;33;28;25;23;22;24;24;23;21;16;12;9;7;5;4;4;4;6;15;30;33;33;33;33;34;34;33;31;31;29;29;27;27;26;23;20;18;15;10;7;7;9;11;14;22;38;40;40;40;40;40
29;28;28;29;30;33;37;38;38;37;37;38;34;37;40;40;40;40;40;40;40;40;40;40;26;20;19;18;14;11;12;20;23;26;27;27;27;34;40;39;38;37;34;34;34;37;37;34;33;31;30;29;28;30;30;33;34;37;38;37;37;33;31;29;27;26;24;22;19;16;14;12;12;12;13;17;22;25;28;31;34;34;33;30;29;28;27;26;25;24;22;20;17;13;11;9;8;7;6;6;6;6;6;7;6;7;7;9;9;11;15;21;25;30;39;40;40;38;34;33;28;25;22;22;23;24;23;22;19;13;10;7;6;4;3;4;6;11;29;33;33;33;34;34;34;34;30;30;29;28;28;27;26;23;18;15;13;9;7;7;9;12;13;21;38;40;40;40;40;40
29;28;29;29;30;33;37;38;38;37;38;37;34;37;40;40;40;40;40;40;40;40;40;36;19;16;15;14;13;12;16;23;25;27;27;26;26;28;27;25;23;23;22;23;24;24;25;25;25;25;28;31;33;30;31;34;37;38;38;37;37;34;31;29;28;26;24;23;20;18;16;14;14;14;15;20;24;26;29;33;34;37;34;33;30;29;28;27;25;25;23;21;19;14;12;9;9;7;7;6;6;6;6;6;6;6;7;8;8;9;12;20;24;28;39;40;40;38;33;34;29;26;23;21;21;23;23;23;19;14;11;8;5;4;3;4;5;8;27;34;31;33;34;34;37;33;30;30;29;28;27;27;26;23;17;15;13;9;6;8;10;13;14;23;38;40;40;40;40;40
29;29;29;29;30;33;37;38;38;38;38;37;34;34;40;40;40;40;40;40;40;40;40;25;14;14;13;13;14;15;18;22;22;23;23;23;21;19;19;17;18;16;16;16;16;14;14;14;14;11;12;20;31;39;34;38;38;39;38;38;37;34;31;30;29;27;25;24;23;21;18;17;16;17;19;22;25;27;29;34;37;37;37;33;31;29;28;27;26;25;24;23;20;16;12;11;9;8;7;6;6;5;5;5;6;6;6;6;7;8;10;16;23;27;33;40;40;39;34;37;30;26;23;20;20;22;23;23;20;16;12;8;6;4;4;3;5;6;24;37;31;33;34;34;34;34;31;30;29;28;28;27;26;24;18;15;15;10;6;7;10;13;15;22;39;40;40;40;40;40
30;29;29;29;31;33;37;38;39;38;38;37;33;37;40;40;40;40;40;40;40;40;32;15;15;14;14;11;15;18;19;20;19;18;18;16;15;13;16;13;12;10;11;11;10;9;9;8;10;10;7;10;23;34;39;39;39;39;39;39;38;34;33;30;29;28;26;25;24;22;20;19;18;18;21;23;26;28;33;37;39;38;38;34;33;30;29;27;26;25;24;23;21;18;14;11;9;8;7;6;6;5;5;5;5;5;6;6;6;7;9;14;22;25;29;40;40;40;34;34;30;27;24;21;19;20;22;23;22;18;13;9;6;4;4;3;4;6;20;34;33;33;34;34;34;34;33;30;28;28;28;27;25;23;19;15;14;11;6;7;9;13;17;22;38;40;40;40;40;40
30;29;29;29;31;34;37;38;39;38;38;37;31;37;40;40;40;40;40;40;40;40;23;15;15;14;11;13;18;18;19;19;16;14;12;11;10;14;20;14;14;12;12;12;12;11;9;9;11;12;7;10;17;24;37;40;39;40;40;39;39;38;34;33;29;28;27;26;24;23;22;20;20;21;22;24;26;29;34;38;39;39;38;38;34;31;29;28;27;25;25;23;22;18;14;11;10;8;7;6;6;5;5;5;5;5;6;7;7;7;9;13;19;24;28;38;40;40;34;34;33;28;25;20;19;20;22;23;22;19;14;10;7;5;3;3;4;6;12;31;33;33;34;34;37;34;34;30;28;28;28;27;25;22;19;16;14;12;6;8;10;14;18;22;38;40;40;40;40;40
30;30;29;30;31;33;38;38;39;38;38;37;30;38;40;40;40;40;40;40;40;28;18;16;15;12;10;14;17;19;19;15;11;10;9;9;13;21;26;24;24;23;22;22;22;21;21;22;22;20;16;15;22;24;29;40;40;39;40;40;39;39;38;34;30;29;28;27;25;24;23;22;22;22;23;24;26;28;31;38;38;39;38;38;34;33;29;28;27;26;25;24;22;18;14;12;9;8;7;7;6;6;6;5;6;6;7;8;8;8;9;11;15;23;26;33;40;40;37;34;34;29;26;22;19;19;21;23;23;21;16;12;7;5;4;3;3;5;8;27;37;33;34;34;37;34;33;31;28;28;27;27;25;22;20;15;13;12;8;7;10;13;15;23;39;40;40;40;40;40
30;30;30;30;31;33;38;38;39;38;38;34;30;38;40;40;40;40;40;40;38;22;18;14;12;10;13;16;16;18;15;12;10;11;12;16;23;26;29;28;27;26;26;26;26;27;27;27;27;25;24;24;24;26;31;40;39;38;39;40;40;39;39;37;33;30;28;27;26;25;24;23;23;22;22;24;26;28;29;33;37;38;38;37;33;31;30;28;27;26;25;23;21;18;13;11;9;8;8;7;7;6;6;6;7;7;8;8;8;8;8;9;13;21;25;28;40;40;39;34;34;30;27;23;20;19;21;22;23;21;18;13;9;6;4;3;3;5;6;22;38;34;34;34;37;34;34;31;28;28;27;27;25;23;22;17;14;13;9;8;10;14;18;23;38;40;40;40;40;40
31;31;30;30;31;34;38;39;39;38;38;34;30;39;40;40;40;40;40;40;25;20;16;13;11;12;16;18;17;18;20;20;15;18;22;26;27;28;30;33;33;33;36;38;38;38;38;38;38;39;39;38;31;37;40;39;37;38;39;39;40;39;39;38;34;31;29;28;27;25;25;24;23;23;24;26;28;34;38;39;38;38;37;34;31;29;29;27;27;25;25;23;21;17;14;12;10;9;9;8;7;7;7;6;7;8;8;9;8;8;8;9;11;16;24;27;38;40;39;34;37;31;28;24;20;18;19;22;22;22;20;14;10;7;4;3;3;4;6;14;33;37;34;34;34;37;33;31;29;28;26;27;25;23;21;19;15;14;9;8;11;14;18;23;39;40;40;40;40;40
33;31;31;31;31;34;37;39;39;38;38;34;30;39;40;40;40;40;40;27;22;18;15;12;13;14;16;16;16;20;23;24;24;25;27;28;29;29;37;40;40;40;40;40;40;40;40;40;40;40;34;27;26;29;39;40;39;39;40;40;40;39;39;37;33;31;29;28;27;26;25;24;24;24;24;26;33;40;40;40;40;40;39;34;31;30;28;28;26;25;24;23;22;18;16;13;11;10;9;9;8;7;7;7;8;9;9;10;9;8;8;7;9;14;21;25;30;40;40;34;34;34;28;25;22;19;19;21;22;22;21;16;11;8;5;4;3;3;6;9;27;38;34;34;37;34;33;33;29;27;26;26;25;23;19;18;15;15;11;9;11;15;15;23;38;40;40;40;40;40
33;33;33;33;33;34;38;39;39;39;38;33;30;40;40;40;40;40;29;22;20;16;13;13;14;15;14;14;15;19;24;28;32;31;32;31;31;30;39;40;40;40;40;40;40;39;38;33;28;25;19;16;19;23;31;40;40;40;39;40;40;39;38;37;33;30;28;28;26;26;25;22;18;18;20;21;29;40;40;40;40;40;39;37;33;30;29;27;26;25;24;23;22;19;16;14;12;11;10;9;9;9;9;9;9;10;11;11;10;9;8;7;8;12;18;23;28;40;40;37;37;34;32;27;24;19;18;20;22;23;21;18;13;9;7;4;3;3;5;7;22;38;37;34;37;34;33;33;29;27;27;26;26;22;17;16;15;14;12;11;15;16;17;24;40;40;40;40;40;40
33;34;34;33;33;37;38;39;39;39;37;31;31;40;40;40;40;35;23;21;16;14;14;14;14;13;12;13;16;23;26;28;29;29;28;29;29;27;27;29;34;31;28;27;27;25;24;23;20;15;8;9;13;26;39;40;40;39;40;39;40;39;38;34;31;29;28;27;25;25;23;15;13;15;20;25;34;40;40;40;40;39;34;30;29;28;27;27;26;25;24;22;21;17;16;14;13;12;11;10;10;10;10;11;11;12;13;12;11;10;8;7;8;10;15;22;26;38;40;38;34;37;31;27;24;21;19;19;22;22;22;20;15;11;8;5;4;3;4;7;12;30;38;34;34;34;33;31;29;27;27;26;26;22;18;16;15;14;11;9;15;18;17;24;40;40;40;40;40;40
34;34;34;34;34;37;38;39;39;39;38;31;34;40;40;40;31;23;20;16;15;16;15;13;11;11;11;13;16;24;26;26;25;23;22;23;22;21;22;21;19;18;17;19;20;20;17;14;11;12;8;9;19;28;40;40;39;39;39;40;39;39;38;34;31;29;28;26;25;24;22;20;15;18;21;25;30;38;38;37;34;30;28;28;27;27;26;25;25;24;22;21;20;18;17;15;14;13;12;12;11;11;11;12;13;14;15;15;12;10;8;7;7;9;12;20;25;33;40;39;34;37;33;29;25;22;19;19;21;23;23;22;16;13;9;6;4;4;4;6;8;24;39;34;34;34;33;31;30;27;26;26;26;23;19;14;15;14;11;9;13;17;19;26;40;40;40;40;40;40
34;37;37;34;34;37;38;39;40;39;37;31;37;40;40;35;23;19;16;14;15;16;13;11;10;10;12;13;18;23;25;24;22;16;14;14;12;14;15;16;14;12;12;14;18;15;12;9;9;13;12;14;24;30;34;37;38;38;39;39;39;39;38;37;33;30;28;27;26;25;24;23;22;22;22;24;26;28;29;30;30;28;27;27;26;26;25;25;24;23;22;22;19;19;18;16;14;14;13;12;12;12;13;14;15;16;17;16;14;11;9;7;7;7;11;19;24;29;40;40;34;37;34;29;27;23;19;18;20;22;23;22;20;14;11;8;5;4;4;5;7;16;37;37;34;34;33;31;29;28;26;26;25;23;19;14;14;13;11;10;13;15;17;27;40;40;40;40;40;40
37;38;37;38;37;37;39;39;39;39;37;31;39;40;32;21;18;14;14;13;14;13;11;11;10;11;13;15;16;22;23;22;16;12;9;10;12;16;16;20;15;12;9;12;16;16;14;14;15;20;23;28;31;29;30;31;34;38;38;39;39;39;38;37;34;31;29;28;27;26;25;25;24;25;25;26;26;28;30;30;30;28;27;27;26;26;25;25;24;23;22;20;20;18;17;16;15;14;13;12;13;13;15;16;18;19;19;18;15;12;10;8;7;7;10;17;23;28;40;40;37;37;37;32;27;24;21;18;19;22;23;23;21;17;12;9;6;4;4;4;7;10;28;38;34;33;33;31;30;28;26;26;25;23;20;14;12;13;11;10;15;15;18;28;40;40;40;40;40;40
37;38;38;38;38;38;39;39;40;39;37;31;40;36;22;18;15;14;13;12;11;10;10;10;11;12;14;18;21;25;26;24;22;18;17;20;22;23;23;25;21;18;15;18;22;22;23;25;27;32;39;39;38;33;33;33;34;37;37;38;38;38;38;37;33;31;30;29;28;27;26;25;25;26;26;27;27;28;30;29;29;28;27;27;26;26;25;25;24;23;22;21;19;17;16;15;14;14;13;14;14;15;16;18;19;20;20;19;16;13;11;9;8;8;10;16;23;27;40;40;38;37;37;31;28;25;22;18;18;20;22;23;23;19;14;10;7;5;4;4;6;7;23;38;34;33;33;30;30;28;26;26;25;23;21;15;10;11;12;11;13;15;19;27;40;40;40;40;40;40
37;38;39;39;38;38;39;40;39;39;37;31;39;25;16;16;14;12;11;11;10;10;11;11;12;13;16;20;23;26;28;26;26;26;25;26;28;28;28;29;27;24;24;24;26;29;33;39;40;40;40;40;39;39;38;38;38;37;38;38;38;38;37;34;33;31;30;29;28;28;27;27;27;27;27;27;27;29;29;29;29;28;28;27;26;26;25;25;24;24;22;21;19;17;15;15;15;13;13;14;15;15;18;19;19;19;20;19;17;14;12;10;9;9;12;17;23;28;39;40;38;37;37;33;29;26;24;20;19;20;22;23;22;20;15;11;9;6;4;4;5;7;14;34;34;33;31;30;29;27;26;25;25;23;22;18;11;9;11;11;13;15;19;30;40;40;40;40;40;40
38;38;39;39;39;39;39;39;39;40;37;34;37;19;15;14;13;11;11;10;11;13;13;13;13;14;15;17;21;26;28;28;29;32;32;30;29;29;36;34;34;31;35;37;39;40;40;40;39;34;30;30;40;40;40;39;39;39;39;38;39;39;37;37;33;31;31;30;30;29;28;28;28;28;28;29;29;29;29;30;29;28;28;27;27;27;26;25;24;24;22;21;19;16;15;14;13;13;13;14;16;16;18;18;18;17;17;17;15;14;12;11;10;11;14;19;24;28;39;40;39;37;37;34;30;27;24;21;19;20;22;23;22;20;15;12;9;7;5;4;4;6;9;27;38;33;31;30;29;27;26;25;25;23;22;20;11;10;10;11;12;18;22;33;40;40;40;40;40;40
38;38;39;39;39;39;39;40;39;39;38;37;28;14;13;13;12;11;11;14;15;15;16;16;14;13;14;15;20;25;28;32;32;29;29;35;29;30;40;39;40;40;40;39;39;39;37;29;25;21;19;25;27;38;40;40;40;40;39;39;39;39;39;38;37;34;33;31;30;29;29;29;29;29;29;31;30;30;30;28;28;28;28;27;27;26;26;26;24;23;22;20;19;16;15;14;13;13;14;14;15;16;17;17;16;15;14;14;14;12;11;11;11;12;15;20;24;29;40;40;39;37;37;37;32;28;25;23;20;19;21;22;22;20;16;12;10;7;6;4;4;6;7;21;38;33;30;30;29;28;25;25;24;24;22;19;12;9;11;10;12;19;22;39;40;40;40;40;40;40
38;38;39;39;39;39;40;39;40;39;38;38;25;13;12;14;13;14;16;20;20;20;19;16;15;13;14;14;18;24;27;28;28;27;29;29;27;27;27;27;27;26;24;24;24;25;24;22;14;11;16;24;24;36;40;40;40;40;39;40;39;40;39;39;38;38;37;34;33;31;30;30;30;30;31;33;31;31;30;29;28;28;28;27;27;26;26;25;24;24;22;20;18;16;15;14;13;13;14;15;16;16;17;15;15;13;13;12;11;11;11;11;11;12;15;22;25;29;39;40;40;37;37;37;31;28;26;24;21;19;21;22;23;21;16;13;10;7;5;5;4;5;7;14;33;34;30;29;29;28;26;24;24;23;20;18;14;10;11;10;13;20;23;39;40;40;40;40;40;40
38;38;39;39;40;39;40;39;40;39;38;38;25;13;13;14;16;19;21;23;23;22;19;16;14;13;13;14;16;22;26;27;27;26;24;22;21;21;21;21;19;18;15;14;15;14;18;19;10;10;14;21;27;39;40;40;40;40;39;40;40;39;40;39;39;38;38;34;34;33;31;31;31;33;34;34;33;30;29;30;28;28;28;28;27;26;25;25;24;23;22;21;18;15;15;14;14;14;14;15;16;17;15;14;12;12;11;10;11;10;11;11;11;12;15;22;25;28;39;40;40;37;37;37;36;29;27;24;22;19;20;22;23;21;17;13;10;8;6;5;5;5;7;10;27;37;31;30;29;28;26;25;24;22;19;16;15;11;11;11;12;18;23;40;40;40;40;40;40;40
38;38;39;39;40;40;39;40;40;39;39;38;25;13;14;16;20;21;23;24;24;23;19;16;12;12;13;15;19;24;27;28;28;26;24;20;20;21;21;19;18;14;12;12;14;10;13;21;16;15;21;26;33;37;38;39;39;39;39;39;39;39;39;39;39;39;38;37;34;34;33;33;33;34;33;31;30;30;30;29;29;28;28;27;27;26;26;24;24;23;22;20;18;15;15;14;14;15;16;17;16;16;14;12;11;10;9;10;10;10;10;11;11;12;15;22;24;27;31;40;40;38;37;38;34;30;27;25;23;21;19;22;22;22;18;13;10;8;6;6;5;5;7;8;22;34;31;30;29;28;27;26;23;22;17;14;13;12;11;12;12;17;24;40;40;40;40;40;40;40
37;38;39;39;39;40;39;40;39;40;39;39;25;14;14;18;20;22;24;25;24;22;18;15;13;14;19;22;23;24;29;30;29;27;25;25;25;26;26;26;25;21;18;21;22;20;23;25;25;26;28;29;29;30;31;34;38;38;38;38;39;38;39;39;39;38;38;37;34;34;34;34;34;33;31;33;30;30;30;29;28;28;27;27;26;26;25;25;23;23;22;20;18;16;15;16;15;17;18;18;16;15;13;11;9;9;8;9;10;10;11;11;11;12;15;21;24;26;30;40;40;38;37;37;37;32;28;26;24;21;20;21;23;22;18;14;11;9;7;6;5;5;6;8;14;31;33;30;30;28;27;26;24;21;17;13;11;11;11;11;13;19;25;40;40;40;40;40;40;40
37;37;38;39;40;40;40;39;40;40;39;39;26;14;14;16;21;24;25;25;24;22;19;14;15;19;23;25;25;26;32;31;30;29;29;29;29;32;30;31;30;27;26;27;29;32;36;34;34;30;29;28;28;28;29;29;31;34;34;37;37;38;37;37;38;38;38;37;37;34;34;34;34;34;33;33;31;30;29;28;29;27;27;27;26;26;25;24;24;22;22;20;19;18;18;17;18;20;19;18;16;14;12;10;8;8;8;9;11;12;12;12;11;12;15;20;23;25;28;39;40;39;38;37;38;31;29;26;24;22;21;22;23;22;20;16;12;9;7;6;6;5;6;8;10;27;37;31;30;29;27;26;24;19;15;12;10;10;11;11;13;19;27;40;40;40;40;40;40;40
34;37;38;39;40;40;40;40;39;40;39;39;26;14;15;16;23;25;26;26;25;23;20;18;18;21;24;26;27;28;30;31;31;35;35;36;38;39;39;39;39;38;38;38;39;39;38;34;33;31;30;29;28;28;28;28;29;30;33;34;34;34;34;34;37;34;34;34;34;33;34;37;34;33;31;31;31;30;29;29;28;28;28;27;26;26;25;24;24;23;22;21;20;20;21;21;21;21;20;19;16;13;11;10;9;9;9;11;12;14;13;13;12;12;14;19;23;24;27;38;40;39;38;38;38;35;30;27;25;23;21;21;23;23;21;18;13;9;8;6;6;6;6;8;9;23;37;33;30;29;27;26;25;20;13;11;10;10;11;12;14;19;27;40;40;40;40;40;40;40
33;34;37;39;39;40;40;40;40;39;40;39;27;16;16;19;23;26;27;26;26;25;25;23;23;24;26;27;28;32;32;31;35;37;39;39;40;39;39;39;39;37;34;34;33;33;33;33;33;31;30;30;29;28;27;28;29;29;31;31;33;33;33;33;34;33;33;31;33;33;34;37;34;33;30;29;30;30;29;29;29;28;28;27;27;26;26;25;24;24;23;22;21;23;23;23;23;22;21;19;16;14;12;10;10;10;11;13;15;17;16;14;13;13;14;19;22;24;26;29;40;40;38;39;38;34;30;28;26;24;22;21;22;23;22;19;15;11;8;7;6;6;6;7;9;16;33;34;30;29;28;26;26;20;12;11;10;10;10;12;15;20;28;40;40;40;40;40;40;40
31;34;37;39;39;40;40;40;40;40;39;39;27;18;20;23;23;26;27;28;27;28;29;27;26;26;28;29;30;30;35;38;39;38;33;28;29;33;34;34;34;33;30;31;31;31;31;31;31;31;30;29;29;28;28;28;29;29;30;31;33;31;31;31;33;33;33;30;31;31;34;34;33;31;29;29;29;30;30;30;29;29;28;28;27;27;26;25;25;24;24;23;23;23;24;24;23;22;21;19;15;14;13;12;11;12;14;17;20;20;19;15;13;13;15;18;22;23;24;27;40;40;39;39;39;37;32;28;27;24;23;22;22;23;23;21;16;12;10;8;7;6;6;7;9;12;28;34;31;30;27;27;26;22;13;11;9;10;10;13;17;21;30;40;40;40;40;40;40;40
31;34;37;38;39;40;39;40;40;40;40;39;28;18;23;26;25;24;27;28;32;32;35;38;35;32;32;36;37;39;40;40;40;38;27;25;27;28;30;31;31;30;30;30;30;30;30;31;30;30;30;30;29;29;28;28;28;29;29;31;31;33;30;31;31;33;30;29;30;31;31;31;31;30;29;29;29;30;29;29;29;28;27;27;27;26;25;25;25;25;24;24;24;24;25;24;23;22;22;20;17;16;14;14;13;15;18;21;23;22;20;16;14;12;14;17;19;20;24;28;40;40;40;39;39;38;33;29;27;25;24;21;22;22;23;22;19;14;10;9;7;6;7;7;9;10;25;37;31;29;28;27;26;23;14;11;9;9;10;13;18;22;30;40;40;40;40;40;40;40
30;33;34;38;39;39;40;40;40;40;40;39;29;20;22;25;28;25;26;28;32;36;39;40;40;40;40;40;40;40;40;40;39;38;39;37;35;30;30;30;30;30;30;30;30;30;30;30;30;31;30;31;30;30;29;29;28;29;30;30;31;33;31;31;31;31;31;30;30;30;31;30;31;30;28;29;29;29;29;28;28;27;27;27;26;26;26;25;25;25;25;24;25;25;25;24;23;23;21;20;19;19;17;16;16;19;21;23;23;22;21;19;16;16;22;25;25;28;32;39;40;40;40;40;39;38;33;32;28;26;24;22;21;22;23;23;20;16;12;9;7;7;7;7;9;10;22;37;31;30;27;27;26;24;15;10;10;9;11;14;18;22;38;40;40;40;40;40;40;40
29;31;34;37;38;39;39;40;40;40;40;40;35;23;21;23;26;25;24;29;35;38;39;40;40;40;40;40;40;40;39;39;36;38;38;39;40;40;39;39;39;34;34;31;30;31;30;30;30;31;33;31;31;30;30;29;29;29;30;31;31;31;31;31;31;30;30;31;30;30;30;30;30;29;28;27;29;28;28;28;28;28;27;27;26;26;25;25;25;25;25;25;25;25;25;24;24;23;22;21;21;20;19;19;21;23;25;26;26;27;28;28;29;32;35;36;35;36;36;37;40;40;40;40;40;38;36;30;29;27;24;23;21;21;23;23;23;18;13;10;7;6;7;7;8;10;19;34;33;30;28;27;26;25;18;9;10;10;12;15;19;23;38;40;40;40;40;40;40;40
29;30;34;37;38;38;39;39;40;40;40;39;38;25;23;22;24;23;19;28;34;38;40;40;40;40;40;40;40;36;37;36;36;38;39;38;39;40;40;40;40;40;40;39;39;38;36;33;33;33;33;33;33;33;31;30;30;30;31;31;31;31;31;33;33;31;30;30;29;29;29;30;31;29;28;27;28;28;28;28;27;27;27;27;26;26;25;25;25;25;25;26;25;26;25;24;24;24;24;23;24;25;26;27;29;32;35;36;37;36;36;36;35;35;35;35;32;35;36;36;39;40;40;40;40;39;34;32;29;27;25;23;21;20;22;23;23;20;15;11;8;7;7;7;8;9;15;31;33;30;29;27;27;25;20;11;9;12;13;16;20;23;39;40;40;40;40;40;40;40
28;30;34;38;38;38;39;39;40;40;40;40;39;28;24;22;23;22;22;29;35;38;39;40;40;40;40;40;39;38;36;36;36;39;38;39;40;40;40;40;40;40;40;40;40;40;40;39;39;39;37;37;37;34;34;33;31;33;33;33;31;33;33;33;33;31;30;30;29;30;30;31;31;29;28;27;28;28;27;27;27;27;27;26;26;26;25;25;25;25;25;25;26;26;26;27;28;29;32;35;35;35;36;37;36;35;36;36;36;36;32;36;36;32;32;36;32;32;35;35;38;40;40;40;40;39;37;31;29;28;26;24;21;19;20;23;23;21;16;12;9;7;7;7;8;10;13;29;34;30;29;27;26;25;22;11;10;12;14;17;20;23;37;40;40;40;40;40;40;40
27;30;37;38;38;38;38;38;40;40;40;40;40;32;26;23;22;22;24;29;34;37;39;40;40;40;40;40;39;38;36;38;38;38;39;39;40;40;40;40;40;40;40;40;40;40;40;40;40;40;40;40;39;38;38;38;34;34;34;34;34;34;34;33;31;31;30;29;30;29;29;28;29;29;29;28;28;28;27;28;27;26;27;27;26;26;26;27;27;28;29;32;35;37;39;39;39;39;38;38;35;35;36;38;35;32;36;35;38;37;32;35;36;32;32;35;35;32;35;36;38;40;40;40;40;39;38;35;29;28;26;24;22;19;19;21;22;21;17;13;10;8;7;7;9;10;12;28;34;29;29;28;26;24;20;11;11;12;15;18;19;23;37;40;40;40;40;40;40;40
27;30;37;38;39;39;39;38;39;40;40;40;40;39;28;25;23;24;25;29;35;34;39;40;40;40;40;40;36;36;38;36;38;38;39;39;40;40;40;40;40;40;40;40;40;40;39;39;39;39;39;40;40;40;40;40;40;39;38;38;38;37;37;34;34;33;33;31;30;30;29;29;29;28;28;30;29;30;30;31;33;30;30;32;35;37;38;39;39;39;39;39;39;40;39;36;36;35;37;39;35;32;36;38;36;32;35;35;37;36;35;35;36;32;35;35;36;35;36;36;37;40;40;40;40;40;38;35;30;28;27;24;23;19;18;20;21;21;19;14;11;9;7;7;8;10;12;28;34;29;29;28;27;24;20;11;10;13;15;18;19;23;38;40;40;40;40;40;40;40
26;30;34;38;38;39;39;39;39;40;40;40;40;40;32;27;24;25;26;29;31;34;39;40;40;40;40;39;36;36;38;36;38;38;39;39;39;40;40;40;40;40;40;40;40;40;39;39;39;39;39;40;40;40;40;40;40;40;40;40;40;40;39;39;39;38;37;37;34;34;37;38;37;38;36;37;38;38;39;39;40;39;40;39;38;39;38;39;39;39;40;39;40;40;39;39;39;39;39;38;36;32;35;38;36;35;35;35;38;36;36;35;35;35;35;35;35;35;35;36;38;39;40;40;40;40;39;36;30;29;27;26;23;20;19;18;20;20;19;15;12;9;8;7;8;10;12;28;37;30;27;27;27;25;22;13;11;14;16;18;20;23;39;40;40;40;40;40;40;40
legende 
--------- 
dimensions : (119, 170) 
                   R                    G                    B               number                count 
                 249                  245                  244                   31                   71 
                 245                  239                  238                   30                  265 
                 240                  235                  233                   29                  374 
                 236                  230                  227                    1                  435 
                 231                  224                  221                   28                  373 
                 226                  218                  216                    2                  513 
                 221                  212                  210                   27                  541 
                 217                  207                  205                   26                  481 
                 212                  202                  200                    3                  481 
                 207                  196                  194                    6                  425 
                 202                  191                  189                    5                  469 
                 197                  185                  183                    4                  441 
                 192                  180                  177                   25                  394 
                 187                  175                  172                    7                  442 
                 182                  169                  166                   24                  416 
                 177                  165                  162                   23                  287 
                 175                  161                  157                   22                  237 
                 172                  158                  154                    8                  296 
                 167                  153                  149                   21                  377 
                 162                  147                  143                   15                  348 
                 157                  142                  138                    9                  324 
                 151                  136                  132                   14                  492 
                 143                  128                  124                   10                  586 
                 133                  118                  114                   11                  668 
                 122                  107                  104                   12                  724 
                 111                   97                   94                   13                  693 
                  99                   86                   83                   20                  768 
                  87                   75                   73                   16                  779 
                  77                   66                   63                   19                  794 
                  68                   58                   56                   17                  797 
                  62                   52                   50                   18                  611 
                  59                   57                   61                   35                   70 
                  57                   47                   45                   37                  514 
                  51                   42                   40                   38                  509 
                  50                   48                   52                   40                   76 
                  44                   43                   45                   39                   75 
                  44                   37                   35                   36                  407 
                  38                   32                   30                   32                  520 
                  28                   24                   22                   33                  822 
                  12                   11                   11                   34                 2335 
